customer_id,facility_id,annual_demand,distance_km,transport_cost_per_unit,total_transport_cost
C0001,F001,797,44.99,112.47,89637.27
C0001,F002,797,72.54,181.34,144526.5
C0001,F003,797,1327.49,3318.73,2645031.61
C0001,F004,797,1287.6,3219.0,2565546.76
C0001,F005,797,40.0,100.01,79708.9
C0001,F006,797,28.36,70.89,56501.77
C0001,F007,797,43.44,108.59,86548.61
C0001,F008,797,444.89,1112.23,886447.47
C0001,F009,797,469.2,1172.99,934875.9
C0001,F010,797,753.32,1883.29,1500985.1
C0001,F011,797,60.8,152.0,121141.03
C0001,F012,797,19.67,49.18,39200.24
C0001,F013,797,332.26,830.65,662024.75
C0001,F014,797,58.65,146.62,116857.38
C0001,F015,797,745.23,1863.09,1484880.38
C0001,F016,797,760.75,1901.88,1515800.61
C0001,F017,797,484.72,1211.79,965799.13
C0001,F018,797,48.47,121.18,96578.37
C0001,F019,797,241.1,602.75,480389.92
C0001,F020,797,50.53,126.32,100680.54
C0002,F001,946,1306.69,3266.72,3090315.39
C0002,F002,946,1272.45,3181.13,3009347.39
C0002,F003,946,69.62,174.04,164640.39
C0002,F004,946,39.27,98.17,92870.34
C0002,F005,946,1308.53,3271.34,3094683.38
C0002,F006,946,1246.6,3116.51,2948220.68
C0002,F007,946,1231.69,3079.23,2912948.93
C0002,F008,946,1325.6,3314.0,3135042.91
C0002,F009,946,1291.03,3227.58,3053292.85
C0002,F010,946,934.82,2337.04,2210842.53
C0002,F011,946,1214.48,3036.2,2872244.83
C0002,F012,946,1279.6,3199.0,3026254.14
C0002,F013,946,950.38,2375.96,2247658.37
C0002,F014,946,1331.83,3329.58,3149781.45
C0002,F015,946,913.36,2283.41,2160101.14
C0002,F016,946,902.84,2257.09,2135211.21
C0002,F017,946,1256.38,3140.95,2971335.5
C0002,F018,946,1296.33,3240.83,3065822.34
C0002,F019,946,1471.48,3678.7,3480049.1
C0002,F020,946,1225.04,3062.6,2897215.96
C0003,F001,121,97.57,243.93,29516.05
C0003,F002,121,80.44,201.1,24332.7
C0003,F003,121,1263.06,3157.66,382076.34
C0003,F004,121,1223.04,3057.59,369968.41
C0003,F005,121,98.87,247.18,29908.29
C0003,F006,121,41.05,102.63,12418.76
C0003,F007,121,33.07,82.67,10002.9
C0003,F008,121,465.82,1164.54,140909.71
C0003,F009,121,483.97,1209.93,146401.41
C0003,F010,121,725.63,1814.07,219502.41
C0003,F011,121,13.89,34.73,4202.53
C0003,F012,121,69.96,174.9,21162.57
C0003,F013,121,273.56,683.91,82752.88
C0003,F014,121,122.38,305.95,37020.07
C0003,F015,121,715.63,1789.08,216478.64
C0003,F016,121,730.43,1826.08,220956.19
C0003,F017,121,494.04,1235.1,149446.92
C0003,F018,121,89.37,223.41,27032.98
C0003,F019,121,305.71,764.27,92476.52
C0003,F020,121,32.08,80.2,9703.65
C0004,F001,815,59.53,148.82,121289.19
C0004,F002,815,30.6,76.51,62353.57
C0004,F003,815,1353.75,3384.37,2758259.06
C0004,F004,815,1313.41,3283.53,2676073.0
C0004,F005,815,70.03,175.08,142692.17
C0004,F006,815,100.74,251.84,205251.63
C0004,F007,815,114.41,286.03,233116.99
C0004,F008,815,536.72,1341.8,1093567.43
C0004,F009,815,561.84,1404.61,1144758.67
C0004,F010,815,834.5,2086.26,1700301.19
C0004,F011,815,116.19,290.47,236733.11
C0004,F012,815,73.17,182.93,149089.14
C0004,F013,815,378.61,946.53,771419.74
C0004,F014,815,84.76,211.9,172696.32
C0004,F015,815,825.09,2062.71,1681111.3
C0004,F016,815,840.09,2100.24,1711691.96
C0004,F017,815,577.56,1443.89,1176772.31
C0004,F018,815,46.83,117.06,95407.25
C0004,F019,815,293.68,734.2,598372.27
C0004,F020,815,121.12,302.79,246777.68
C0005,F001,441,92.0,230.0,101429.83
C0005,F002,441,48.11,120.27,53037.44
C0005,F003,441,1279.48,3198.7,1410627.0
C0005,F004,441,1239.2,3098.0,1366219.79
C0005,F005,441,98.47,246.18,108563.73
C0005,F006,441,71.82,179.55,79180.21
C0005,F007,441,75.13,187.84,82835.37
C0005,F008,441,514.83,1287.07,567595.91
C0005,F009,441,534.24,1335.61,589002.37
C0005,F010,441,773.12,1932.8,852363.58
C0005,F011,441,63.5,158.75,70010.4
C0005,F012,441,76.39,190.97,84217.76
C0005,F013,441,303.96,759.89,335112.99
C0005,F014,441,122.71,306.78,135291.18
C0005,F015,441,762.5,1906.24,840653.58
C0005,F016,441,777.02,1942.55,856664.79
C0005,F017,441,545.08,1362.7,600951.39
C0005,F018,441,77.73,194.32,85696.08
C0005,F019,441,326.39,815.97,359842.14
C0005,F020,441,78.15,195.38,86164.31
C0006,F001,714,499.2,1248.0,891068.48
C0006,F002,714,531.32,1328.3,948403.85
C0006,F003,714,1299.91,3249.76,2320331.39
C0006,F004,714,1265.35,3163.37,2258646.61
C0006,F005,714,489.73,1224.32,874167.98
C0006,F006,714,458.44,1146.09,818307.52
C0006,F007,714,449.74,1124.36,802793.31
C0006,F008,714,65.87,164.69,117585.3
C0006,F009,714,24.58,61.45,43874.14
C0006,F010,714,436.02,1090.04,778288.43
C0006,F011,714,459.79,1149.47,820719.15
C0006,F012,714,480.53,1201.33,857751.17
C0006,F013,714,455.88,1139.71,813753.22
C0006,F014,714,488.88,1222.21,872655.52
C0006,F015,714,442.42,1106.05,789717.86
C0006,F016,714,459.7,1149.25,820563.13
C0006,F017,714,27.8,69.5,49620.31
C0006,F018,714,508.04,1270.09,906842.73
C0006,F019,714,411.6,1028.99,734701.3
C0006,F020,714,445.55,1113.88,795313.38
C0007,F001,803,1313.24,3283.1,2636329.22
C0007,F002,803,1281.57,3203.92,2572746.01
C0007,F003,803,58.42,146.06,117286.99
C0007,F004,803,41.45,103.64,83218.94
C0007,F005,803,1314.47,3286.17,2638796.65
C0007,F006,803,1251.5,3128.74,2512377.68
C0007,F007,803,1236.17,3090.44,2481619.37
C0007,F008,803,1303.73,3259.31,2617228.16
C0007,F009,803,1267.27,3168.17,2544042.48
C0007,F010,803,893.38,2233.46,1793468.12
C0007,F011,803,1219.73,3049.33,2448614.26
C0007,F012,803,1285.45,3213.62,2580538.26
C0007,F013,803,950.84,2377.09,1908806.31
C0007,F014,803,1337.26,3343.14,2684545.39
C0007,F015,803,872.83,2182.08,1752207.72
C0007,F016,803,861.3,2153.25,1729060.78
C0007,F017,803,1231.37,3078.42,2471972.17
C0007,F018,803,1303.61,3259.03,2617003.77
C0007,F019,803,1467.89,3669.72,2946786.65
C0007,F020,803,1229.31,3073.27,2467835.13
C0008,F001,334,549.8,1374.51,459085.63
C0008,F002,334,581.11,1452.78,485229.17
C0008,F003,334,1295.83,3239.57,1082017.84
C0008,F004,334,1262.16,3155.4,1053904.78
C0008,F005,334,540.4,1351.01,451237.59
C0008,F006,334,507.93,1269.83,424122.73
C0008,F007,334,498.84,1247.09,416527.84
C0008,F008,334,101.82,254.56,85021.84
C0008,F009,334,54.41,136.02,45429.05
C0008,F010,334,407.61,1019.03,340354.6
C0008,F011,334,508.28,1270.7,424414.86
C0008,F012,334,530.73,1326.82,443157.17
C0008,F013,334,487.24,1218.09,406843.3
C0008,F014,334,539.86,1349.65,450783.14
C0008,F015,334,416.38,1040.94,347674.32
C0008,F016,334,433.33,1083.34,361834.55
C0008,F017,334,26.71,66.79,22307.01
C0008,F018,334,558.43,1396.06,466284.96
C0008,F019,334,460.28,1150.7,384335.26
C0008,F020,334,494.45,1236.12,412863.59
C0009,F001,292,63.64,159.11,46460.14
C0009,F002,292,75.98,189.95,55465.57
C0009,F003,292,1304.81,3262.03,952511.73
C0009,F004,292,1264.92,3162.31,923393.45
C0009,F005,292,60.76,151.91,44356.35
C0009,F006,292,6.7,16.75,4890.34
C0009,F007,292,20.8,52.0,15183.55
C0009,F008,292,442.83,1107.08,323267.28
C0009,F009,292,465.04,1162.61,339481.73
C0009,F010,292,736.98,1842.44,537993.8
C0009,F011,292,38.65,96.62,28214.47
C0009,F012,292,34.09,85.23,24887.6
C0009,F013,292,309.76,774.41,226126.6
C0009,F014,292,81.06,202.65,59172.99
C0009,F015,292,728.42,1821.04,531743.27
C0009,F016,292,743.77,1859.42,542950.98
C0009,F017,292,478.77,1196.92,349500.14
C0009,F018,292,62.64,156.59,45725.49
C0009,F019,292,258.46,646.14,188672.46
C0009,F020,292,28.06,70.14,20481.16
C0010,F001,755,469.52,1173.79,886212.33
C0010,F002,755,500.54,1251.34,944761.91
C0010,F003,755,1284.83,3212.07,2425109.9
C0010,F004,755,1249.79,3124.47,2358974.34
C0010,F005,755,460.19,1150.46,868600.79
C0010,F006,755,427.37,1068.44,806668.68
C0010,F007,755,418.37,1045.92,789667.74
C0010,F008,755,75.31,188.26,142139.34
C0010,F009,755,52.06,130.15,98261.97
C0010,F010,755,438.85,1097.12,828323.38
C0010,F011,755,428.04,1070.11,807930.98
C0010,F012,755,450.21,1125.53,849774.34
C0010,F013,755,425.46,1063.66,803062.96
C0010,F014,755,460.11,1150.29,868466.11
C0010,F015,755,443.49,1108.71,837078.07
C0010,F016,755,460.89,1152.22,869927.82
C0010,F017,755,54.19,135.47,102282.69
C0010,F018,755,477.99,1194.97,902202.71
C0010,F019,755,392.71,981.78,741240.89
C0010,F020,755,414.04,1035.11,781505.84
C0011,F001,345,268.16,670.39,231283.79
C0011,F002,345,320.92,802.3,276793.6
C0011,F003,345,1578.38,3945.94,1361350.68
C0011,F004,345,1539.3,3848.25,1327647.82
C0011,F005,345,260.61,651.52,224773.99
C0011,F006,345,305.21,763.04,263247.1
C0011,F007,345,316.2,790.51,272724.74
C0011,F008,345,422.39,1055.96,364307.18
C0011,F009,345,466.63,1166.56,402464.9
C0011,F010,345,875.92,2189.8,755479.92
C0011,F011,345,336.53,841.31,290253.07
C0011,F012,345,283.67,709.17,244663.77
C0011,F013,345,579.65,1449.13,499950.53
C0011,F014,345,237.02,592.54,204427.65
C0011,F015,345,875.2,2188.0,754860.86
C0011,F016,345,892.39,2230.97,769683.6
C0011,F017,345,500.72,1251.79,431868.4
C0011,F018,345,283.63,709.07,244628.53
C0011,F019,345,66.29,165.71,57170.96
C0011,F020,345,321.11,802.76,276953.77
C0012,F001,1322,69.42,173.54,229418.69
C0012,F002,1322,72.98,182.45,241204.94
C0012,F003,1322,1295.26,3238.16,4280849.3
C0012,F004,1322,1255.34,3138.34,4148883.14
C0012,F005,1322,68.05,170.14,224921.67
C0012,F006,1322,4.98,12.45,16459.1
C0012,F007,1322,14.45,36.13,47759.89
C0012,F008,1322,449.26,1123.14,1484793.34
C0012,F009,1322,470.52,1176.29,1555060.79
C0012,F010,1322,735.25,1838.12,2429998.24
C0012,F011,1322,28.03,70.08,92642.4
C0012,F012,1322,39.64,99.09,130998.59
C0012,F013,1322,301.51,753.78,996493.97
C0012,F014,1322,89.81,224.52,296813.25
C0012,F015,1322,726.33,1815.82,2400513.63
C0012,F016,1322,741.55,1853.87,2450821.58
C0012,F017,1322,483.38,1208.44,1597556.42
C0012,F018,1322,65.83,164.58,217577.67
C0012,F019,1322,270.13,675.32,892773.27
C0012,F020,1322,21.86,54.66,72257.77
C0013,F001,971,46.33,115.83,112472.4
C0013,F002,971,68.56,171.39,166423.79
C0013,F003,971,1322.42,3306.04,3210163.07
C0013,F004,971,1282.5,3206.25,3113266.15
C0013,F005,971,42.71,106.77,103672.3
C0013,F006,971,23.09,57.74,56062.32
C0013,F007,971,38.9,97.26,94440.94
C0013,F008,971,448.47,1121.18,1088666.7
C0013,F009,971,472.27,1180.67,1146430.91
C0013,F010,971,752.57,1881.43,1826868.85
C0013,F011,971,55.27,138.17,134162.05
C0013,F012,971,18.17,45.41,44095.66
C0013,F013,971,327.88,819.69,795916.69
C0013,F014,971,62.98,157.45,152881.66
C0013,F015,971,744.29,1860.73,1806768.7
C0013,F016,971,759.74,1899.35,1844273.15
C0013,F017,971,487.32,1218.3,1182972.99
C0013,F018,971,47.66,119.14,115686.24
C0013,F019,971,247.58,618.95,601004.18
C0013,F020,971,46.23,115.59,112235.43
C0014,F001,544,1319.01,3297.51,1793847.05
C0014,F002,544,1284.64,3211.6,1747108.58
C0014,F003,544,63.7,159.25,86631.66
C0014,F004,544,40.88,102.2,55598.18
C0014,F005,544,1320.88,3302.21,1796399.78
C0014,F006,544,1259.01,3147.52,1712250.53
C0014,F007,544,1244.11,3110.28,1691994.46
C0014,F008,544,1338.48,3346.19,1820327.9
C0014,F009,544,1303.88,3259.71,1773282.12
C0014,F010,544,946.95,2367.38,1287852.34
C0014,F011,544,1226.87,3067.17,1668541.86
C0014,F012,544,1291.95,3229.89,1757058.59
C0014,F013,544,963.0,2407.49,1309676.9
C0014,F014,544,1344.2,3360.5,1828114.38
C0014,F015,544,925.55,2313.87,1258746.76
C0014,F016,544,914.96,2287.4,1244343.97
C0014,F017,544,1269.21,3173.02,1726121.97
C0014,F018,544,1308.61,3271.53,1779713.59
C0014,F019,544,1484.18,3710.46,2018491.23
C0014,F020,544,1237.47,3093.68,1682961.02
C0015,F001,592,465.11,1162.77,688360.86
C0015,F002,592,453.16,1132.89,670670.82
C0015,F003,592,946.68,2366.71,1401093.35
C0015,F004,592,908.71,2271.77,1344889.28
C0015,F005,592,462.61,1156.53,684665.9
C0015,F006,592,398.35,995.88,589562.55
C0015,F007,592,381.9,954.74,565204.92
C0015,F008,592,455.0,1137.49,673393.58
C0015,F009,592,433.94,1084.84,642227.02
C0015,F010,592,400.61,1001.53,592906.37
C0015,F011,592,371.76,929.41,550209.91
C0015,F012,592,435.26,1088.16,644190.14
C0015,F013,592,123.77,309.42,183175.67
C0015,F014,592,481.06,1202.64,711964.19
C0015,F015,592,383.82,959.56,568056.57
C0015,F016,592,394.98,987.45,584572.65
C0015,F017,592,411.15,1027.87,608500.0
C0015,F018,592,460.75,1151.88,681912.97
C0015,F019,592,577.13,1442.82,854151.83
C0015,F020,592,374.34,935.86,554029.29
C0016,F001,1606,23.91,59.77,95991.71
C0016,F002,1606,73.37,183.43,294589.19
C0016,F003,1606,1359.01,3397.52,5456415.26
C0016,F004,1606,1319.07,3297.68,5296077.63
C0016,F005,1606,13.79,34.48,55379.23
C0016,F006,1606,59.79,149.47,240054.2
C0016,F007,1606,75.53,188.82,303237.69
C0016,F008,1606,455.94,1139.85,1830593.95
C0016,F009,1606,482.89,1207.22,1938793.59
C0016,F010,1606,780.91,1952.29,3135370.39
C0016,F011,1606,91.64,229.1,367936.49
C0016,F012,1606,28.76,71.89,115457.16
C0016,F013,1606,364.48,911.21,1463400.98
C0016,F014,1606,26.35,65.88,105808.53
C0016,F015,1606,773.33,1933.32,3104909.8
C0016,F016,1606,789.01,1972.52,3167861.83
C0016,F017,1606,500.64,1251.6,2010074.44
C0016,F018,1606,37.05,92.62,148746.76
C0016,F019,1606,223.25,558.13,896358.19
C0016,F020,1606,82.74,206.85,332205.75
C0017,F001,1251,465.45,1163.62,1455685.69
C0017,F002,1251,448.53,1121.33,1402777.83
C0017,F003,1251,925.05,2312.62,2893092.51
C0017,F004,1251,886.5,2216.26,2772536.56
C0017,F005,1251,463.92,1159.81,1450922.53
C0017,F006,1251,399.16,997.89,1248364.7
C0017,F007,1251,382.79,956.96,1197160.49
C0017,F008,1251,493.64,1234.1,1543863.65
C0017,F009,1251,474.36,1185.91,1483573.76
C0017,F010,1251,434.1,1085.26,1357654.89
C0017,F011,1251,370.62,926.55,1159115.27
C0017,F012,1251,435.76,1089.39,1362832.91
C0017,F013,1251,103.57,258.93,323921.64
C0017,F014,1251,483.8,1209.5,1513078.75
C0017,F015,1251,416.1,1040.26,1301361.71
C0017,F016,1251,426.23,1065.58,1333044.68
C0017,F017,1251,452.77,1131.94,1416051.57
C0017,F018,1251,459.67,1149.18,1437626.72
C0017,F019,1251,594.58,1486.44,1859536.66
C0017,F020,1251,375.32,938.31,1173823.32
C0018,F001,1839,1301.18,3252.94,5982162.01
C0018,F002,1839,1267.45,3168.62,5827092.37
C0018,F003,1839,65.71,164.28,302114.62
C0018,F004,1839,28.62,71.54,131567.12
C0018,F005,1839,1302.9,3257.25,5990088.44
C0018,F006,1839,1240.75,3101.87,5704330.85
C0018,F007,1839,1225.75,3064.37,5635371.32
C0018,F008,1839,1314.89,3287.23,6045221.64
C0018,F009,1839,1280.01,3200.02,5884840.16
C0018,F010,1839,921.07,2302.67,4234614.29
C0018,F011,1839,1208.68,3021.71,5556919.18
C0018,F012,1839,1273.94,3184.85,5856946.39
C0018,F013,1839,943.54,2358.85,4337926.44
C0018,F014,1839,1326.1,3315.26,6096762.19
C0018,F015,1839,899.73,2249.32,4136498.37
C0018,F016,1839,889.07,2222.66,4087479.94
C0018,F017,1839,1245.14,3112.86,5724552.45
C0018,F018,1839,1290.96,3227.41,5935207.37
C0018,F019,1839,1464.04,3660.1,6730931.99
C0018,F020,1839,1219.05,3047.63,5604582.92
C0019,F001,264,540.98,1352.44,357044.38
C0019,F002,264,572.56,1431.39,377886.73
C0019,F003,264,1298.15,3245.37,856777.59
C0019,F004,264,1264.32,3160.79,834449.46
C0019,F005,264,531.55,1328.88,350823.63
C0019,F006,264,499.46,1248.64,329642.09
C0019,F007,264,490.47,1226.19,323713.39
C0019,F008,264,93.3,233.25,61577.16
C0019,F009,264,45.48,113.71,30018.93
C0019,F010,264,413.86,1034.65,273148.53
C0019,F011,264,500.08,1250.2,330053.63
C0019,F012,264,522.04,1305.11,344547.83
C0019,F013,264,482.7,1206.76,318584.53
C0019,F014,264,530.88,1327.19,350378.56
C0019,F015,264,422.24,1055.59,278675.27
C0019,F016,264,439.26,1098.15,289911.71
C0019,F017,264,19.32,48.29,12748.1
C0019,F018,264,549.68,1374.19,362785.93
C0019,F019,264,450.98,1127.46,297649.05
C0019,F020,264,486.14,1215.35,320852.35
C0020,F001,838,490.0,1225.0,1026546.58
C0020,F002,838,523.68,1309.21,1097114.78
C0020,F003,838,1317.44,3293.59,2760032.61
C0020,F004,838,1282.7,3206.75,2687260.2
C0020,F005,838,480.37,1200.92,1006368.7
C0020,F006,838,451.37,1128.42,945614.35
C0020,F007,838,443.28,1108.21,928680.95
C0020,F008,838,45.58,113.96,95495.06
C0020,F009,838,17.05,42.62,35711.41
C0020,F010,838,456.52,1141.3,956406.68
C0020,F011,838,454.1,1135.26,951348.98
C0020,F012,838,472.24,1180.59,989337.03
C0020,F013,838,462.51,1156.27,968952.14
C0020,F014,838,478.61,1196.51,1002678.43
C0020,F015,838,462.88,1157.21,969738.47
C0020,F016,838,480.17,1200.42,1005953.61
C0020,F017,838,46.33,115.81,97050.96
C0020,F018,838,499.31,1248.28,1046062.09
C0020,F019,838,394.69,986.73,826876.43
C0020,F020,838,439.37,1098.44,920489.12
C0021,F001,579,567.77,1419.42,821844.09
C0021,F002,579,600.46,1501.16,869172.87
C0021,F003,579,1316.77,3291.93,1906025.57
C0021,F004,579,1283.38,3208.45,1857694.66
C0021,F005,579,558.21,1395.53,808012.68
C0021,F006,579,527.68,1319.19,763811.87
C0021,F007,579,519.04,1297.6,751308.63
C0021,F008,579,105.06,262.64,152069.6
C0021,F009,579,63.23,158.07,91520.39
C0021,F010,579,419.54,1048.86,607287.05
C0021,F011,579,529.07,1322.66,765822.57
C0021,F012,579,549.48,1373.71,795377.81
C0021,F013,579,513.27,1283.17,742957.65
C0021,F014,579,556.79,1391.97,805952.3
C0021,F015,579,429.54,1073.86,621765.29
C0021,F016,579,446.27,1115.66,645969.21
C0021,F017,579,50.34,125.84,72863.84
C0021,F018,579,576.83,1442.07,834959.11
C0021,F019,579,468.46,1171.15,678095.68
C0021,F020,579,514.85,1287.13,745250.87
C0022,F001,823,69.05,172.64,142080.15
C0022,F002,823,92.41,231.02,190126.26
C0022,F003,823,1312.56,3281.39,2700583.52
C0022,F004,823,1272.79,3181.96,2618755.29
C0022,F005,823,63.27,158.18,130178.71
C0022,F006,823,25.8,64.5,53081.06
C0022,F007,823,32.37,80.94,66611.28
C0022,F008,823,424.85,1062.14,874138.31
C0022,F009,823,447.97,1119.92,921691.29
C0022,F010,823,729.27,1823.19,1500483.17
C0022,F011,823,53.03,132.56,109100.21
C0022,F012,823,43.02,107.55,88510.36
C0022,F013,823,314.92,787.31,647956.54
C0022,F014,823,78.86,197.16,162258.92
C0022,F015,823,721.29,1803.24,1484062.63
C0022,F016,823,736.85,1842.13,1516074.35
C0022,F017,823,462.6,1156.5,951801.42
C0022,F018,823,72.38,180.95,148921.89
C0022,F019,823,241.52,603.81,496936.26
C0022,F020,823,37.2,93.01,76547.43
C0023,F001,544,757.3,1893.26,1029932.79
C0023,F002,544,761.79,1904.47,1036030.41
C0023,F003,544,932.57,2331.43,1268298.61
C0023,F004,544,902.8,2257.0,1227808.61
C0023,F005,544,751.6,1879.01,1022179.89
C0023,F006,544,694.06,1735.16,943927.89
C0023,F007,544,678.75,1696.87,923096.36
C0023,F008,544,486.58,1216.44,661746.01
C0023,F009,544,440.79,1101.99,599481.12
C0023,F010,544,51.01,127.52,69371.07
C0023,F011,544,675.64,1689.11,918874.29
C0023,F012,544,729.07,1822.67,991534.88
C0023,F013,544,473.16,1182.9,643498.59
C0023,F014,544,763.51,1908.78,1038377.75
C0023,F015,544,33.83,84.58,46009.82
C0023,F016,544,48.43,121.07,65860.51
C0023,F017,544,399.95,999.88,543932.1
C0023,F018,544,757.98,1894.96,1030858.69
C0023,F019,544,780.1,1950.26,1060941.13
C0023,F020,544,671.59,1678.97,913361.66
C0024,F001,256,51.49,128.71,32950.77
C0024,F002,256,32.8,81.99,20990.37
C0024,F003,256,1310.82,3277.05,838923.59
C0024,F004,256,1270.68,3176.7,813235.61
C0024,F005,256,56.48,141.21,36148.88
C0024,F006,256,41.74,104.36,26715.01
C0024,F007,256,53.46,133.64,34211.29
C0024,F008,256,487.2,1217.99,311806.16
C0024,F009,256,509.53,1273.82,326098.83
C0024,F010,256,772.89,1932.22,494648.99
C0024,F011,256,54.98,137.46,35189.18
C0024,F012,256,33.48,83.69,21425.1
C0024,F013,256,324.89,812.22,207929.12
C0024,F014,256,81.06,202.64,51876.58
C0024,F015,256,763.52,1908.79,488649.95
C0024,F016,256,778.56,1946.39,498275.49
C0024,F017,256,523.06,1307.66,334759.82
C0024,F018,256,39.66,99.15,25381.51
C0024,F019,256,283.44,708.61,181403.18
C0024,F020,256,59.81,149.52,38276.51
C0025,F001,514,913.65,2284.13,1174043.07
C0025,F002,514,918.6,2296.49,1180395.63
C0025,F003,514,912.76,2281.9,1172897.74
C0025,F004,514,888.18,2220.45,1141309.61
C0025,F005,514,907.81,2269.53,1166540.17
C0025,F006,514,850.69,2126.72,1093134.02
C0025,F007,514,835.43,2088.57,1073526.33
C0025,F008,514,610.66,1526.66,784700.89
C0025,F009,514,562.79,1406.97,723183.18
C0025,F010,514,117.22,293.05,150626.93
C0025,F011,514,832.45,2081.12,1069695.2
C0025,F012,514,885.55,2213.89,1137937.44
C0025,F013,514,624.2,1560.5,802099.46
C0025,F014,514,919.31,2298.27,1181312.19
C0025,F015,514,123.49,308.73,158688.71
C0025,F016,514,108.64,271.6,139601.1
C0025,F017,514,521.76,1304.41,670466.72
C0025,F018,514,914.54,2286.34,1175179.16
C0025,F019,514,926.6,2316.5,1190682.34
C0025,F020,514,828.29,2070.73,1064355.44
C0026,F001,864,22.19,55.47,47926.02
C0026,F002,864,39.96,99.91,86324.26
C0026,F003,864,1338.57,3346.42,2891304.35
C0026,F004,864,1298.48,3246.2,2804716.63
C0026,F005,864,27.37,68.44,59129.96
C0026,F006,864,49.84,124.6,107654.66
C0026,F007,864,65.82,164.55,142174.98
C0026,F008,864,480.33,1200.83,1037521.12
C0026,F009,864,505.13,1262.83,1091083.55
C0026,F010,864,785.39,1963.48,1696446.58
C0026,F011,864,75.23,188.08,162499.88
C0026,F012,864,16.5,41.25,35642.44
C0026,F013,864,349.51,873.78,754942.87
C0026,F014,864,51.78,129.44,111837.33
C0026,F015,864,776.79,1941.99,1677875.56
C0026,F016,864,792.12,1980.31,1710986.99
C0026,F017,864,520.85,1302.14,1125045.32
C0026,F018,864,14.4,36.01,31111.01
C0026,F019,864,257.53,643.83,556267.0
C0026,F020,864,73.3,183.25,158324.18
C0027,F001,657,584.61,1461.54,960229.14
C0027,F002,657,618.39,1545.98,1015706.97
C0027,F003,657,1334.84,3337.1,2192474.12
C0027,F004,657,1301.7,3254.26,2138048.65
C0027,F005,657,574.94,1437.36,944342.75
C0027,F006,657,545.96,1364.91,896744.92
C0027,F007,657,537.69,1344.22,883155.59
C0027,F008,657,113.66,284.16,186692.28
C0027,F009,657,78.27,195.69,128566.53
C0027,F010,657,430.37,1075.94,706889.94
C0027,F011,657,548.16,1370.4,900355.92
C0027,F012,657,566.97,1417.44,931256.06
C0027,F013,657,536.22,1340.56,880747.88
C0027,F014,657,572.82,1432.04,940851.52
C0027,F015,657,441.4,1103.5,724999.4
C0027,F016,657,457.88,1144.71,752074.14
C0027,F017,657,72.73,181.81,119451.5
C0027,F018,657,594.02,1485.04,975673.09
C0027,F019,657,477.45,1193.64,784218.26
C0027,F020,657,533.67,1334.17,876546.76
C0028,F001,3298,67.61,169.02,557428.14
C0028,F002,3298,84.05,210.12,692990.59
C0028,F003,3298,1305.72,3264.29,10765627.86
C0028,F004,3298,1265.88,3164.7,10437196.73
C0028,F005,3298,63.49,158.74,523511.91
C0028,F006,3298,13.96,34.89,115063.95
C0028,F007,3298,22.34,55.84,184168.22
C0028,F008,3298,434.3,1085.75,3580806.56
C0028,F009,3298,456.67,1141.67,3765229.99
C0028,F010,3298,731.45,1828.62,6030786.14
C0028,F011,3298,42.4,106.0,349599.42
C0028,F012,3298,39.02,97.55,321732.12
C0028,F013,3298,309.37,773.43,2550758.74
C0028,F014,3298,82.0,205.01,676129.52
C0028,F015,3298,723.1,1807.74,5961921.49
C0028,F016,3298,738.52,1846.31,6089136.16
C0028,F017,3298,470.59,1176.48,3880014.84
C0028,F018,3298,68.32,170.8,563287.18
C0028,F019,3298,252.67,631.69,2083299.89
C0028,F020,3298,28.43,71.08,234436.45
C0029,F001,457,52.11,130.27,59533.59
C0029,F002,457,41.47,103.68,47382.14
C0029,F003,457,1308.53,3271.33,1494997.7
C0029,F004,457,1268.44,3171.1,1449192.0
C0029,F005,457,55.51,138.78,63423.26
C0029,F006,457,32.83,82.08,37511.02
C0029,F007,457,44.95,112.36,51349.72
C0029,F008,457,478.43,1196.08,546608.71
C0029,F009,457,500.66,1251.64,571999.36
C0029,F010,457,765.09,1912.73,874119.39
C0029,F011,457,48.25,120.63,55130.14
C0029,F012,457,29.4,73.49,33587.13
C0029,F013,457,320.53,801.33,366208.17
C0029,F014,457,80.06,200.14,91463.49
C0029,F015,457,755.85,1889.63,863559.95
C0029,F016,457,770.94,1927.36,880803.29
C0029,F017,457,514.15,1285.37,587414.99
C0029,F018,457,42.47,106.18,48523.26
C0029,F019,457,278.87,697.17,318607.43
C0029,F020,457,51.52,128.8,58861.82
C0030,F001,1084,562.8,1407.0,1525188.26
C0030,F002,1084,596.89,1492.23,1617577.82
C0030,F003,1084,1334.82,3337.05,3617366.55
C0030,F004,1084,1301.29,3253.23,3526501.59
C0030,F005,1084,553.1,1382.76,1498907.15
C0030,F006,1084,524.62,1311.54,1421712.84
C0030,F007,1084,516.51,1291.27,1399735.72
C0030,F008,1084,92.05,230.12,249444.76
C0030,F009,1084,56.54,141.35,153226.16
C0030,F010,1084,439.17,1097.93,1190156.24
C0030,F011,1084,527.21,1318.01,1428726.73
C0030,F012,1084,545.34,1363.34,1477864.87
C0030,F013,1084,521.58,1303.96,1413488.39
C0030,F014,1084,550.84,1377.11,1492787.69
C0030,F015,1084,449.17,1122.93,1217257.25
C0030,F016,1084,465.9,1164.75,1262584.55
C0030,F017,1084,57.71,144.28,156400.09
C0030,F018,1084,572.29,1430.72,1550901.98
C0030,F019,1084,456.04,1140.1,1235865.45
C0030,F020,1084,512.56,1281.41,1389047.63
C0031,F001,1658,85.52,213.8,354474.99
C0031,F002,1658,113.95,284.88,472324.33
C0031,F003,1658,1314.33,3285.82,5447881.93
C0031,F004,1658,1274.71,3186.76,5283654.12
C0031,F005,1658,78.04,195.1,323477.45
C0031,F006,1658,46.38,115.95,192237.94
C0031,F007,1658,47.87,119.68,198428.49
C0031,F008,1658,403.11,1007.78,1670904.42
C0031,F009,1658,426.6,1066.49,1768247.6
C0031,F010,1658,715.04,1787.59,2963821.21
C0031,F011,1658,68.04,170.1,282030.43
C0031,F012,1658,62.74,156.84,260048.08
C0031,F013,1658,314.79,786.97,1304794.75
C0031,F014,1658,88.76,221.89,367898.11
C0031,F015,1658,707.6,1769.0,2932995.26
C0031,F016,1658,723.34,1808.35,2998244.37
C0031,F017,1658,441.73,1104.32,1830957.95
C0031,F018,1658,91.29,228.24,378413.95
C0031,F019,1658,228.7,571.75,947966.5
C0031,F020,1658,50.0,125.0,207253.32
C0032,F001,460,464.86,1162.15,534587.49
C0032,F002,460,497.31,1243.28,571908.54
C0032,F003,460,1300.36,3250.91,1495419.61
C0032,F004,460,1265.24,3163.1,1455027.19
C0032,F005,460,455.37,1138.42,523675.41
C0032,F006,460,424.59,1061.48,488282.6
C0032,F007,460,416.12,1040.3,478539.77
C0032,F008,460,60.29,150.72,69329.55
C0032,F009,460,46.2,115.5,53129.58
C0032,F010,460,454.63,1136.58,522825.74
C0032,F011,460,426.5,1066.24,490470.85
C0032,F012,460,446.35,1115.88,513304.15
C0032,F013,460,434.13,1085.33,499252.16
C0032,F014,460,454.46,1136.16,522633.87
C0032,F015,460,459.48,1148.69,528397.1
C0032,F016,460,476.87,1192.18,548401.64
C0032,F017,460,60.73,151.83,69843.19
C0032,F018,460,473.77,1184.43,544836.93
C0032,F019,460,380.65,951.62,437745.41
C0032,F020,460,412.04,1030.11,473849.46
C0033,F001,669,13.99,34.98,23401.09
C0033,F002,669,54.4,136.0,90983.75
C0033,F003,669,1370.52,3426.31,2292201.05
C0033,F004,669,1330.41,3326.02,2225107.79
C0033,F005,669,21.86,54.66,36567.03
C0033,F006,669,80.02,200.06,133839.81
C0033,F007,669,96.43,241.07,161274.62
C0033,F008,669,491.06,1227.65,821298.41
C0033,F009,669,518.32,1295.81,866895.67
C0033,F010,669,812.29,2030.72,1358552.08
C0033,F011,669,107.42,268.54,179654.03
C0033,F012,669,43.19,107.98,72237.71
C0033,F013,669,381.91,954.78,638746.19
C0033,F014,669,32.37,80.92,54132.81
C0033,F015,669,804.2,2010.51,1345028.97
C0033,F016,669,819.71,2049.27,1370961.62
C0033,F017,669,536.15,1340.39,896718.2
C0033,F018,669,20.27,50.67,33901.39
C0033,F019,669,242.51,606.28,405599.54
C0033,F020,669,103.98,259.96,173913.63
C0034,F001,904,94.98,237.46,214663.34
C0034,F002,904,73.27,183.17,165589.26
C0034,F003,904,1265.43,3163.58,2859880.42
C0034,F004,904,1225.36,3063.39,2769304.63
C0034,F005,904,97.25,243.13,219787.02
C0034,F006,904,44.24,110.59,99974.71
C0034,F007,904,39.34,98.35,88911.41
C0034,F008,904,474.79,1186.98,1073026.3
C0034,F009,904,493.15,1232.88,1114520.21
C0034,F010,904,733.98,1834.94,1658788.21
C0034,F011,904,22.36,55.89,50523.26
C0034,F012,904,68.81,172.02,155508.73
C0034,F013,904,278.19,695.48,628715.57
C0034,F014,904,121.29,303.23,274121.98
C0034,F015,904,723.85,1809.62,1635896.96
C0034,F016,904,738.59,1846.48,1669218.85
C0034,F017,904,503.33,1258.33,1137529.66
C0034,F018,904,85.52,213.81,193282.76
C0034,F019,904,309.36,773.4,699149.12
C0034,F020,904,39.66,99.16,89640.77
C0035,F001,516,1308.66,3271.65,1688170.75
C0035,F002,516,1275.01,3187.53,1644765.96
C0035,F003,516,57.85,144.63,74630.03
C0035,F004,516,22.03,55.09,28423.9
C0035,F005,516,1310.36,3275.91,1690367.51
C0035,F006,516,1248.17,3120.42,1610136.9
C0035,F007,516,1233.15,3082.88,1590767.85
C0035,F008,516,1320.92,3302.3,1703988.56
C0035,F009,516,1285.9,3214.75,1658813.2
C0035,F010,516,925.42,2313.55,1193792.41
C0035,F011,516,1216.12,3040.29,1568790.16
C0035,F012,516,1281.4,3203.5,1653004.34
C0035,F013,516,950.77,2376.93,1226495.93
C0035,F014,516,1333.55,3333.87,1720276.88
C0035,F015,516,904.17,2260.41,1166372.99
C0035,F016,516,893.4,2233.5,1152487.92
C0035,F017,516,1250.94,3127.36,1613718.69
C0035,F018,516,1298.47,3246.18,1675026.99
C0035,F019,516,1471.12,3677.81,1897750.54
C0035,F020,516,1226.45,3066.12,1582118.52
C0036,F001,298,86.91,217.28,64750.59
C0036,F002,298,105.48,263.7,78583.3
C0036,F003,298,1297.64,3244.1,966742.57
C0036,F004,298,1257.94,3144.85,937166.34
C0036,F005,298,81.42,203.55,60657.18
C0036,F006,298,32.45,81.12,24174.01
C0036,F007,298,29.11,72.77,21686.05
C0036,F008,298,414.06,1035.16,308477.06
C0036,F009,298,435.77,1089.43,324649.4
C0036,F010,298,711.4,1778.49,529989.57
C0036,F011,298,48.48,121.2,36116.55
C0036,F012,298,59.72,149.29,44489.18
C0036,F013,298,299.01,747.53,222764.08
C0036,F014,298,96.81,242.02,72122.2
C0036,F015,298,703.31,1758.29,523969.27
C0036,F016,298,718.84,1797.11,535538.08
C0036,F017,298,449.29,1123.22,334718.4
C0036,F018,298,89.2,223.01,66457.42
C0036,F019,298,248.76,621.9,185325.45
C0036,F020,298,30.18,75.45,22483.93
C0037,F001,538,757.96,1894.9,1019458.25
C0037,F002,538,767.89,1919.73,1032816.54
C0037,F003,538,1007.84,2519.6,1355547.12
C0037,F004,538,978.59,2446.47,1316198.64
C0037,F005,538,751.38,1878.46,1010610.64
C0037,F006,538,697.37,1743.43,937966.71
C0037,F007,538,682.83,1707.08,918407.96
C0037,F008,538,440.1,1100.26,591937.96
C0037,F009,538,392.6,981.49,528043.71
C0037,F010,538,63.67,159.18,85638.57
C0037,F011,538,682.08,1705.2,917398.79
C0037,F012,538,730.89,1827.23,983049.25
C0037,F013,538,505.48,1263.7,679870.2
C0037,F014,538,761.02,1902.55,1023574.27
C0037,F015,538,78.35,195.87,105377.93
C0037,F016,538,93.08,232.7,125190.93
C0037,F017,538,351.45,878.62,472700.24
C0037,F018,538,760.25,1900.63,1022541.59
C0037,F019,538,756.55,1891.37,1017554.91
C0037,F020,538,676.0,1689.99,909217.25
C0038,F001,1105,230.13,575.32,635730.51
C0038,F002,1105,258.9,647.24,715201.14
C0038,F003,1105,1586.43,3966.07,4382503.12
C0038,F004,1105,1546.17,3865.42,4271286.33
C0038,F005,1105,231.04,577.61,638256.14
C0038,F006,1105,295.83,739.58,817234.13
C0038,F007,1105,312.16,780.4,862344.95
C0038,F008,1105,603.89,1509.73,1668249.89
C0038,F009,1105,642.59,1606.48,1775164.04
C0038,F010,1105,1001.3,2503.25,2766089.12
C0038,F011,1105,325.38,813.46,898875.59
C0038,F012,1105,259.49,648.73,716846.2
C0038,F013,1105,600.15,1500.37,1657909.29
C0038,F014,1105,211.52,528.81,584336.55
C0038,F015,1105,996.01,2490.03,2751480.36
C0038,F016,1105,1012.33,2530.83,2796564.25
C0038,F017,1105,670.61,1676.53,1852563.01
C0038,F018,1105,237.87,594.67,657105.98
C0038,F019,1105,249.73,624.32,689868.96
C0038,F020,1105,319.61,799.01,882911.42
C0039,F001,993,65.0,162.49,161352.07
C0039,F002,993,44.98,112.44,111651.23
C0039,F003,993,1367.31,3418.29,3394357.49
C0039,F004,993,1326.96,3317.39,3294172.22
C0039,F005,993,75.28,188.19,186874.34
C0039,F006,993,112.99,282.48,280504.62
C0039,F007,993,127.23,318.08,315848.62
C0039,F008,993,544.45,1361.13,1351603.17
C0039,F009,993,570.47,1426.17,1416185.59
C0039,F010,993,847.86,2119.64,2104801.51
C0039,F011,993,129.97,324.93,322653.95
C0039,F012,993,83.08,207.69,206235.2
C0039,F013,993,393.11,982.77,975894.33
C0039,F014,993,86.25,215.62,214109.72
C0039,F015,993,838.59,2096.47,2081790.05
C0039,F016,993,853.65,2134.13,2119187.6
C0039,F017,993,586.93,1467.33,1457059.51
C0039,F018,993,54.76,136.91,135951.07
C0039,F019,993,291.91,729.78,724668.24
C0039,F020,993,134.11,335.28,332933.21
C0040,F001,418,20.94,52.35,21884.13
C0040,F002,418,34.85,87.13,36421.32
C0040,F003,418,1342.69,3356.72,1403110.86
C0040,F004,418,1302.57,3256.42,1361181.8
C0040,F005,418,28.85,72.12,30144.99
C0040,F006,418,57.51,143.79,60102.33
C0040,F007,418,73.27,183.17,76563.1
C0040,F008,418,487.94,1219.86,509901.41
C0040,F009,418,512.97,1282.44,536057.93
C0040,F010,418,793.32,1983.29,829015.41
C0040,F011,418,81.56,203.89,85226.53
C0040,F012,418,24.65,61.61,25754.38
C0040,F013,418,355.12,887.8,371098.87
C0040,F014,418,52.0,130.01,54342.4
C0040,F015,418,784.65,1961.63,819960.93
C0040,F016,418,799.95,1999.89,835952.93
C0040,F017,418,528.86,1322.14,552655.44
C0040,F018,418,7.81,19.53,8165.03
C0040,F019,418,260.36,650.9,272076.15
C0040,F020,418,80.68,201.7,84310.45
C0041,F001,1315,86.2,215.49,283374.58
C0041,F002,1315,54.5,136.25,179175.27
C0041,F003,1315,1276.92,3192.29,4197865.97
C0041,F004,1315,1236.74,3091.85,4065788.05
C0041,F005,1315,90.65,226.64,298028.0
C0041,F006,1315,52.27,130.66,171822.64
C0041,F007,1315,53.79,134.49,176849.39
C0041,F008,1315,493.19,1232.97,1621354.07
C0041,F009,1315,512.51,1281.28,1684887.45
C0041,F010,1315,755.37,1888.43,2483282.9
C0041,F011,1315,41.9,104.76,137754.4
C0041,F012,1315,64.75,161.86,212851.68
C0041,F013,1315,294.48,736.2,968101.35
C0041,F014,1315,115.26,288.16,378931.12
C0041,F015,1315,745.12,1862.8,2449588.15
C0041,F016,1315,759.81,1899.52,2497873.92
C0041,F017,1315,523.4,1308.51,1720692.42
C0041,F018,1315,74.13,185.34,243717.53
C0041,F019,1315,312.81,782.01,1028348.22
C0041,F020,1315,56.5,141.24,185734.28
C0042,F001,1109,64.77,161.94,179588.52
C0042,F002,1109,12.7,31.76,35217.0
C0042,F003,1109,1315.55,3288.88,3647364.51
C0042,F004,1109,1275.26,3188.15,3535663.25
C0042,F005,1109,73.46,183.64,203658.82
C0042,F006,1109,74.07,185.17,205353.3
C0042,F007,1109,84.36,210.89,233882.5
C0042,F008,1109,519.71,1299.28,1440906.28
C0042,F009,1109,542.07,1355.18,1502897.95
C0042,F010,1109,799.38,1998.45,2216277.13
C0042,F011,1109,81.27,203.18,225325.94
C0042,F012,1109,60.24,150.6,167019.64
C0042,F013,1109,338.72,846.8,939096.64
C0042,F014,1109,95.77,239.42,265512.95
C0042,F015,1109,789.45,1973.63,2188752.2
C0042,F016,1109,804.26,2010.65,2229816.38
C0042,F017,1109,555.44,1388.61,1539966.54
C0042,F018,1109,49.07,122.68,136057.28
C0042,F019,1109,304.99,762.48,845593.33
C0042,F020,1109,89.97,224.93,249449.97
C0043,F001,876,42.8,106.99,93724.35
C0043,F002,876,88.87,222.17,194621.46
C0043,F003,876,1403.04,3507.59,3072646.87
C0043,F004,876,1362.99,3407.47,2984941.24
C0043,F005,876,41.74,104.35,91409.75
C0043,F006,876,106.43,266.08,233089.18
C0043,F007,876,122.7,306.76,268723.93
C0043,F008,876,485.44,1213.61,1063122.09
C0043,F009,876,515.42,1288.54,1128759.62
C0043,F010,876,827.39,2068.49,1811994.13
C0043,F011,876,136.77,341.92,299519.42
C0043,F012,876,70.63,176.57,154679.0
C0043,F013,876,411.28,1028.21,900710.92
C0043,F014,876,24.11,60.29,52811.84
C0043,F015,876,820.21,2050.51,1796249.15
C0043,F016,876,836.0,2090.01,1830847.95
C0043,F017,876,535.68,1339.21,1173146.46
C0043,F018,876,54.98,137.45,120408.16
C0043,F019,876,214.05,535.13,468773.33
C0043,F020,876,130.13,325.32,284983.67
C0044,F001,407,1302.8,3256.99,1325594.61
C0044,F002,407,1268.78,3171.95,1290984.36
C0044,F003,407,68.66,171.66,69866.1
C0044,F004,407,34.77,86.91,35374.3
C0044,F005,407,1304.59,3261.47,1327419.49
C0044,F006,407,1242.56,3106.4,1264305.64
C0044,F007,407,1227.61,3069.02,1249092.71
C0044,F008,407,1319.55,3298.87,1342638.35
C0044,F009,407,1284.86,3212.14,1307340.35
C0044,F010,407,927.64,2319.11,943877.07
C0044,F011,407,1210.46,3026.15,1231644.92
C0044,F012,407,1275.64,3189.11,1297967.19
C0044,F013,407,945.91,2364.77,962462.93
C0044,F014,407,1327.85,3319.61,1351082.99
C0044,F015,407,906.23,2265.57,922084.99
C0044,F016,407,895.66,2239.14,911329.66
C0044,F017,407,1250.12,3125.3,1271996.75
C0044,F018,407,1292.5,3231.25,1315120.33
C0044,F019,407,1466.76,3666.91,1492431.28
C0044,F020,407,1220.94,3052.34,1242304.23
C0045,F001,1459,38.58,96.45,140726.83
C0045,F002,1459,42.73,106.83,155862.14
C0045,F003,1459,1369.87,3424.68,4996603.76
C0045,F004,1459,1329.63,3324.06,4849807.75
C0045,F005,1459,48.51,121.28,176946.32
C0045,F006,1459,95.02,237.56,346593.16
C0045,F007,1459,110.58,276.44,403331.21
C0045,F008,1459,518.22,1295.54,1890194.13
C0045,F009,1459,544.91,1362.28,1987570.95
C0045,F010,1459,830.88,2077.19,3030623.28
C0045,F011,1459,117.19,292.97,427439.08
C0045,F012,1459,61.12,152.81,222943.59
C0045,F013,1459,387.82,969.54,1414563.28
C0045,F014,1459,58.94,147.35,214976.54
C0045,F015,1459,822.2,2055.5,2998979.72
C0045,F016,1459,837.49,2093.73,3054756.85
C0045,F017,1459,562.11,1405.26,2050280.5
C0045,F018,1459,31.63,79.08,115373.26
C0045,F019,1459,266.54,666.36,972219.91
C0045,F020,1459,117.91,294.77,430072.87
C0046,F001,3897,505.97,1264.94,4929456.81
C0046,F002,3897,538.65,1346.63,5247827.3
C0046,F003,3897,1307.39,3268.47,12737247.07
C0046,F004,3897,1272.94,3182.34,12401585.51
C0046,F005,3897,496.44,1241.11,4836596.89
C0046,F006,3897,465.94,1164.86,4539441.71
C0046,F007,3897,457.44,1143.59,4456586.34
C0046,F008,3897,62.31,155.78,607059.86
C0046,F009,3897,16.64,41.59,162068.14
C0046,F010,3897,439.32,1098.3,4280070.85
C0046,F011,3897,467.71,1169.27,4556662.96
C0046,F012,3897,487.63,1219.09,4750776.14
C0046,F013,3897,465.62,1164.06,4536341.84
C0046,F014,3897,495.23,1238.09,4824824.45
C0046,F015,3897,446.21,1115.51,4347154.15
C0046,F016,3897,463.44,1158.59,4515022.93
C0046,F017,3897,27.02,67.56,263287.39
C0046,F018,3897,514.99,1287.47,5017284.67
C0046,F019,3897,414.23,1035.58,4035642.82
C0046,F020,3897,453.33,1133.33,4416568.87
C0047,F001,683,89.98,224.95,153639.87
C0047,F002,683,110.95,277.39,189454.55
C0047,F003,683,1299.71,3249.26,2219247.32
C0047,F004,683,1260.05,3150.12,2151533.28
C0047,F005,683,83.89,209.72,143239.22
C0047,F006,683,38.54,96.36,65812.78
C0047,F007,683,35.48,88.71,60587.27
C0047,F008,683,407.96,1019.9,696593.78
C0047,F009,683,429.91,1074.79,734078.18
C0047,F010,683,708.44,1771.09,1209654.44
C0047,F011,683,54.55,136.38,93146.35
C0047,F012,683,63.75,159.37,108850.71
C0047,F013,683,300.55,751.38,513193.58
C0047,F014,683,97.92,244.79,167191.04
C0047,F015,683,700.54,1751.36,1196178.46
C0047,F016,683,716.14,1790.34,1222804.27
C0047,F017,683,443.69,1109.23,757601.58
C0047,F018,683,93.2,233.01,159144.67
C0047,F019,683,244.01,610.02,416640.5
C0047,F020,683,36.16,90.41,61747.15
C0048,F001,1057,69.34,173.35,183229.73
C0048,F002,1057,64.8,161.99,171228.27
C0048,F003,1057,1292.24,3230.61,3414755.18
C0048,F004,1057,1252.25,3130.62,3309070.45
C0048,F005,1057,69.69,174.23,184164.94
C0048,F006,1057,15.51,38.79,40995.86
C0048,F007,1057,21.68,54.19,57283.2
C0048,F008,1057,460.09,1150.24,1215798.99
C0048,F009,1057,481.0,1202.5,1271045.28
C0048,F010,1057,741.13,1852.82,1958428.6
C0048,F011,1057,26.03,65.08,68786.53
C0048,F012,1057,40.67,101.67,107467.58
C0048,F013,1057,300.69,751.74,794585.94
C0048,F014,1057,92.84,232.1,245326.38
C0048,F015,1057,731.9,1829.76,1934057.17
C0048,F016,1057,747.01,1867.53,1973974.76
C0048,F017,1057,493.48,1233.69,1304012.29
C0048,F018,1057,63.23,158.08,167089.15
C0048,F019,1057,279.24,698.11,737899.21
C0048,F020,1057,27.73,69.32,73276.51
C0049,F001,495,57.44,143.61,71088.03
C0049,F002,495,79.34,198.34,98178.39
C0049,F003,495,1316.41,3291.02,1629054.39
C0049,F004,495,1276.55,3191.39,1579736.64
C0049,F005,495,52.76,131.9,65290.11
C0049,F006,495,19.56,48.91,24211.33
C0049,F007,495,32.38,80.94,40065.51
C0049,F008,495,437.74,1094.36,541707.39
C0049,F009,495,461.1,1152.75,570609.48
C0049,F010,495,741.01,1852.54,917005.93
C0049,F011,495,51.36,128.39,63555.37
C0049,F012,495,30.09,75.21,37231.29
C0049,F013,495,320.37,800.92,396453.31
C0049,F014,495,70.92,177.31,87766.03
C0049,F015,495,732.83,1832.08,906881.3
C0049,F016,495,748.32,1870.8,926046.31
C0049,F017,495,475.85,1189.62,588859.88
C0049,F018,495,59.57,148.92,73713.23
C0049,F019,495,245.78,614.44,304147.59
C0049,F020,495,39.01,97.54,48281.0
C0050,F001,1160,40.02,100.05,116062.04
C0050,F002,1160,34.65,86.62,100478.73
C0050,F003,1160,1362.05,3405.12,3949938.87
C0050,F004,1160,1321.79,3304.48,3833192.65
C0050,F005,1160,50.41,126.03,146191.96
C0050,F006,1160,91.13,227.83,264286.12
C0050,F007,1160,106.26,265.66,308165.49
C0050,F008,1160,519.31,1298.29,1506011.01
C0050,F009,1160,545.38,1363.46,1581609.39
C0050,F010,1160,827.07,2067.67,2398492.62
C0050,F011,1160,111.69,279.22,323895.53
C0050,F012,1160,58.92,147.29,170858.53
C0050,F013,1160,380.99,952.47,1104859.8
C0050,F014,1160,63.78,159.45,184966.75
C0050,F015,1160,818.19,2045.47,2372749.31
C0050,F016,1160,833.41,2083.52,2416881.57
C0050,F017,1160,562.01,1405.03,1629838.5
C0050,F018,1160,29.92,74.79,86754.66
C0050,F019,1160,272.81,682.03,791151.65
C0050,F020,1160,113.47,283.66,329050.74
C0051,F001,1001,36.9,92.25,92341.1
C0051,F002,1001,39.88,99.69,99789.9
C0051,F003,1001,1323.57,3308.93,3312241.44
C0051,F004,1001,1283.49,3208.74,3211944.0
C0051,F005,1001,40.38,100.96,101061.93
C0051,F006,1001,37.88,94.7,94794.46
C0051,F007,1001,52.97,132.44,132569.71
C0051,F008,1001,477.13,1192.82,1194009.59
C0051,F009,1001,500.68,1251.7,1252950.7
C0051,F010,1001,773.73,1934.33,1936268.32
C0051,F011,1001,60.63,151.58,151728.55
C0051,F012,1001,16.76,41.9,41942.89
C0051,F013,1001,334.56,836.4,837237.63
C0051,F014,1001,64.98,162.45,162612.79
C0051,F015,1001,764.86,1912.15,1914062.88
C0051,F016,1001,780.09,1950.23,1952177.4
C0051,F017,1001,515.34,1288.34,1289628.1
C0051,F018,1001,28.53,71.32,71386.48
C0051,F019,1001,266.49,666.23,666900.2
C0051,F020,1001,60.26,150.65,150796.57
C0052,F001,316,32.84,82.1,25945.16
C0052,F002,316,27.37,68.43,21623.56
C0052,F003,316,1352.58,3381.44,1068534.87
C0052,F004,316,1312.35,3280.88,1036759.51
C0052,F005,316,43.3,108.24,34204.21
C0052,F006,316,78.82,197.06,62270.67
C0052,F007,316,93.9,234.75,74180.1
C0052,F008,316,509.77,1274.43,402720.41
C0052,F009,316,535.26,1338.15,422854.54
C0052,F010,316,814.73,2036.81,643632.77
C0052,F011,316,99.49,248.73,78598.05
C0052,F012,316,47.43,118.57,37468.29
C0052,F013,316,369.74,924.36,292097.01
C0052,F014,316,60.66,151.64,47917.48
C0052,F015,316,805.83,2014.57,636605.26
C0052,F016,316,821.04,2052.61,648623.96
C0052,F017,316,551.42,1378.56,435624.97
C0052,F018,316,19.67,49.17,15539.06
C0052,F019,316,271.11,677.77,214175.17
C0052,F020,316,101.1,252.74,79865.92
C0053,F001,356,381.57,953.94,339601.01
C0053,F002,356,365.25,913.13,325074.78
C0053,F003,356,1001.37,2503.43,891219.65
C0053,F004,356,962.36,2405.91,856503.87
C0053,F005,356,380.09,950.22,338277.54
C0053,F006,356,315.31,788.28,280627.22
C0053,F007,356,298.95,747.38,266066.56
C0053,F008,356,457.82,1144.56,407463.38
C0053,F009,356,446.14,1115.35,397065.76
C0053,F010,356,487.46,1218.66,433843.15
C0053,F011,356,286.76,716.91,255218.82
C0053,F012,356,351.89,879.73,313182.63
C0053,F013,356,37.89,94.73,33724.66
C0053,F014,356,400.09,1000.23,356082.05
C0053,F015,356,471.95,1179.89,420039.46
C0053,F016,356,483.94,1209.85,430705.31
C0053,F017,356,431.1,1077.75,383677.25
C0053,F018,356,375.84,939.59,334495.08
C0053,F019,356,518.1,1295.25,461110.14
C0053,F020,356,291.5,728.75,259434.47
C0054,F001,928,52.4,130.99,121560.19
C0054,F002,928,75.69,189.21,175590.43
C0054,F003,928,1402.24,3505.61,3253204.3
C0054,F004,928,1362.02,3405.06,3159897.98
C0054,F005,928,58.31,145.78,135282.87
C0054,F006,928,118.25,295.61,274330.52
C0054,F007,928,134.57,336.41,312192.9
C0054,F008,928,519.63,1299.08,1205545.27
C0054,F009,928,548.77,1371.92,1273139.85
C0054,F010,928,850.44,2126.1,1973025.17
C0054,F011,928,144.31,360.79,334810.33
C0054,F012,928,81.59,203.98,189293.85
C0054,F013,928,417.66,1044.16,968977.49
C0054,F014,928,54.13,135.33,125590.75
C0054,F015,928,842.49,2106.22,1954572.49
C0054,F016,928,858.03,2145.08,1990633.98
C0054,F017,928,568.13,1420.32,1318052.82
C0054,F018,928,55.17,137.92,127987.49
C0054,F019,928,246.25,615.62,571295.79
C0054,F020,928,142.11,355.27,329690.22
C0055,F001,1693,413.98,1034.95,1752171.07
C0055,F002,1693,398.59,996.47,1687015.48
C0055,F003,1693,975.68,2439.19,4129554.12
C0055,F004,1693,936.94,2342.36,3965608.19
C0055,F005,1693,412.24,1030.6,1744813.49
C0055,F006,1693,347.53,868.81,1470903.02
C0055,F007,1693,331.12,827.8,1401457.31
C0055,F008,1693,461.66,1154.16,1953996.6
C0055,F009,1693,446.53,1116.33,1889949.79
C0055,F010,1693,458.74,1146.84,1941602.1
C0055,F011,1693,319.43,798.57,1351984.41
C0055,F012,1693,384.23,960.57,1626253.05
C0055,F013,1693,64.07,160.17,271168.86
C0055,F014,1693,431.87,1079.66,1827869.71
C0055,F015,1693,442.55,1106.37,1873090.81
C0055,F016,1693,454.09,1135.22,1921927.48
C0055,F017,1693,428.59,1071.47,1814002.88
C0055,F018,1693,408.56,1021.41,1729247.5
C0055,F019,1693,543.5,1358.76,2300378.28
C0055,F020,1693,323.63,809.07,1369761.07
C0056,F001,1015,1297.13,3242.83,3291473.53
C0056,F002,1015,1264.88,3162.21,3209638.72
C0056,F003,1015,65.42,163.54,165995.67
C0056,F004,1015,32.83,82.08,83306.33
C0056,F005,1015,1298.5,3246.25,3294946.84
C0056,F006,1015,1235.74,3089.36,3135702.61
C0056,F007,1015,1220.51,3051.28,3097047.35
C0056,F008,1015,1295.03,3237.58,3286147.15
C0056,F009,1015,1259.13,3147.84,3195052.96
C0056,F010,1015,890.97,2227.42,2260831.79
C0056,F011,1015,1203.89,3009.72,3054866.71
C0056,F012,1015,1269.49,3173.73,3221333.89
C0056,F013,1015,935.99,2339.97,2375065.38
C0056,F014,1015,1321.41,3303.53,3353084.09
C0056,F015,1015,870.07,2175.18,2207809.53
C0056,F016,1015,858.9,2147.26,2179466.27
C0056,F017,1015,1223.6,3059.0,3104890.01
C0056,F018,1015,1287.34,3218.35,3266624.01
C0056,F019,1015,1454.24,3635.59,3690124.06
C0056,F020,1015,1213.69,3034.23,3079742.59
C0057,F001,740,493.76,1234.39,913451.67
C0057,F002,740,472.46,1181.15,874047.45
C0057,F003,740,884.01,2210.01,1635411.02
C0057,F004,740,845.1,2112.75,1563434.87
C0057,F005,740,493.09,1232.72,912211.96
C0057,F006,740,428.42,1071.05,792577.91
C0057,F007,740,412.28,1030.71,762722.99
C0057,F008,740,542.06,1355.14,1002803.47
C0057,F009,740,522.36,1305.9,966366.64
C0057,F010,740,454.16,1135.39,840186.96
C0057,F011,740,398.5,996.25,737225.31
C0057,F012,740,464.43,1161.08,859199.91
C0057,F013,740,123.9,309.75,229215.39
C0057,F014,740,514.04,1285.1,950974.02
C0057,F015,740,434.57,1086.43,803954.59
C0057,F016,740,443.16,1107.89,819837.08
C0057,F017,740,500.15,1250.38,925283.77
C0057,F018,740,486.77,1216.94,900533.68
C0057,F019,740,635.18,1587.95,1175085.38
C0057,F020,740,404.97,1012.43,749201.73
C0058,F001,197,99.45,248.61,48976.97
C0058,F002,197,138.06,345.15,67994.22
C0058,F003,197,1336.71,3341.78,658330.38
C0058,F004,197,1297.26,3243.16,638902.05
C0058,F005,197,89.93,224.83,44291.41
C0058,F006,197,77.29,193.24,38067.62
C0058,F007,197,80.32,200.81,39559.75
C0058,F008,197,380.88,952.2,187584.12
C0058,F009,197,406.92,1017.29,200405.9
C0058,F010,197,714.67,1786.68,351975.87
C0058,F011,197,100.52,251.29,49503.85
C0058,F012,197,84.21,210.52,41473.11
C0058,F013,197,336.42,841.05,165686.63
C0058,F014,197,92.04,230.1,45330.34
C0058,F015,197,708.3,1770.76,348839.66
C0058,F016,197,724.37,1810.93,356752.25
C0058,F017,197,424.42,1061.05,209027.45
C0058,F018,197,109.26,273.14,53808.33
C0058,F019,197,198.15,495.36,97586.6
C0058,F020,197,82.4,206.0,40582.04
C0059,F001,372,20.23,50.57,18813.23
C0059,F002,372,49.72,124.29,46237.32
C0059,F003,372,1340.93,3352.32,1247061.61
C0059,F004,372,1300.89,3252.23,1209827.76
C0059,F005,372,21.5,53.75,19995.93
C0059,F006,372,46.79,116.97,43513.85
C0059,F007,372,63.2,158.01,58778.8
C0059,F008,372,471.25,1178.13,438266.17
C0059,F009,372,496.39,1240.97,461641.36
C0059,F010,372,780.44,1951.1,725810.69
C0059,F011,372,75.08,187.7,69824.7
C0059,F012,372,10.06,25.15,9357.06
C0059,F013,372,349.85,874.63,325363.39
C0059,F014,372,46.0,115.0,42778.98
C0059,F015,372,772.09,1930.23,718046.93
C0059,F016,372,787.51,1968.78,732387.4
C0059,F017,372,512.46,1281.15,476588.38
C0059,F018,372,20.08,50.19,18672.31
C0059,F019,372,248.87,622.17,231448.83
C0059,F020,372,70.76,176.9,65807.89
C0060,F001,1034,528.31,1320.78,1365688.7
C0060,F002,1034,558.47,1396.17,1443638.9
C0060,F003,1034,1279.11,3197.78,3306505.2
C0060,F004,1034,1245.08,3112.71,3218537.04
C0060,F005,1034,519.05,1297.63,1341752.89
C0060,F006,1034,485.03,1212.56,1253791.33
C0060,F007,1034,475.58,1188.94,1229364.58
C0060,F008,1034,99.35,248.39,256832.29
C0060,F009,1034,51.67,129.17,133565.24
C0060,F010,1034,402.73,1006.83,1041059.66
C0060,F011,1034,484.57,1211.42,1252606.71
C0060,F012,1034,508.6,1271.5,1314730.4
C0060,F013,1034,461.04,1152.6,1191784.86
C0060,F014,1034,519.25,1298.13,1342270.1
C0060,F015,1034,410.05,1025.12,1059971.94
C0060,F016,1034,427.22,1068.05,1104365.97
C0060,F017,1034,10.51,26.27,27160.13
C0060,F018,1034,536.56,1341.41,1387019.19
C0060,F019,1034,447.81,1119.53,1157590.28
C0060,F020,1034,471.03,1177.58,1217620.1
C0061,F001,1613,1214.54,3036.34,4897616.01
C0061,F002,1613,1180.57,2951.43,4760660.22
C0061,F003,1613,150.25,375.62,605875.86
C0061,F004,1613,109.68,274.2,442283.24
C0061,F005,1613,1216.33,3040.83,4904859.26
C0061,F006,1613,1154.32,2885.81,4654814.86
C0061,F007,1613,1139.39,2848.47,4594578.04
C0061,F008,1613,1237.66,3094.15,4990865.1
C0061,F009,1613,1203.9,3009.74,4854716.34
C0061,F010,1613,859.33,2148.32,3465240.77
C0061,F011,1613,1122.22,2805.55,4525344.49
C0061,F012,1613,1187.39,2968.47,4788140.99
C0061,F013,1613,858.03,2145.07,3459993.57
C0061,F014,1613,1239.59,3098.99,4998666.23
C0061,F015,1613,837.22,2093.05,3376095.83
C0061,F016,1613,827.57,2068.91,3337158.52
C0061,F017,1613,1169.83,2924.57,4717328.8
C0061,F018,1613,1204.25,3010.62,4856122.84
C0061,F019,1613,1379.27,3448.18,5561911.89
C0061,F020,1613,1132.72,2831.81,4567707.31
C0062,F001,750,174.62,436.55,327409.02
C0062,F002,750,224.46,561.15,420859.95
C0062,F003,750,1519.15,3797.88,2848410.37
C0062,F004,750,1479.5,3698.74,2774056.5
C0062,F005,750,168.96,422.4,316800.54
C0062,F006,750,223.9,559.76,419818.05
C0062,F007,750,237.63,594.07,445551.14
C0062,F008,750,462.93,1157.31,867984.82
C0062,F009,750,502.07,1255.17,941377.35
C0062,F010,750,874.81,2187.03,1640269.51
C0062,F011,750,256.36,640.91,480680.35
C0062,F012,750,195.6,489.01,366757.3
C0062,F013,750,519.58,1298.96,974217.8
C0062,F014,750,144.36,360.9,270675.68
C0062,F015,750,871.17,2177.93,1633444.19
C0062,F016,750,887.88,2219.71,1664779.17
C0062,F017,750,530.89,1327.22,995417.69
C0062,F018,750,189.09,472.73,354548.18
C0062,F019,750,114.24,285.6,214200.19
C0062,F020,750,243.82,609.56,457167.09
C0063,F001,402,985.88,2464.7,990810.4
C0063,F002,402,975.39,2438.48,980267.2
C0063,F003,402,634.33,1585.82,637498.83
C0063,F004,402,610.09,1525.22,613137.8
C0063,F005,402,982.74,2456.85,987652.87
C0063,F006,402,919.18,2297.94,923772.33
C0063,F007,402,902.76,2256.91,907276.47
C0063,F008,402,805.4,2013.49,809424.61
C0063,F009,402,761.5,1903.75,765308.61
C0063,F010,402,331.12,827.81,332779.14
C0063,F011,402,893.57,2233.91,898032.84
C0063,F012,402,956.08,2390.2,960859.26
C0063,F013,402,633.85,1584.62,637018.13
C0063,F014,402,999.85,2499.63,1004853.04
C0063,F015,402,314.51,786.27,316080.83
C0063,F016,402,299.94,749.86,301443.19
C0063,F017,402,721.38,1803.46,724991.19
C0063,F018,402,982.28,2455.69,987188.77
C0063,F019,402,1061.93,2654.83,1067241.73
C0063,F020,402,895.21,2238.01,899681.85
C0064,F001,434,48.83,122.07,52979.59
C0064,F002,434,9.47,23.67,10272.89
C0064,F003,434,1337.02,3342.55,1450667.49
C0064,F004,434,1296.75,3241.87,1406973.27
C0064,F005,434,58.73,146.82,63721.31
C0064,F006,434,78.36,195.89,85017.06
C0064,F007,434,91.59,228.97,99374.13
C0064,F008,434,518.29,1295.73,562347.95
C0064,F009,434,542.4,1356.01,588506.2
C0064,F010,434,811.44,2028.6,880413.25
C0064,F011,434,93.16,232.89,101074.65
C0064,F012,434,54.11,135.27,58706.06
C0064,F013,434,357.88,894.7,388300.71
C0064,F014,434,78.56,196.41,85240.93
C0064,F015,434,802.02,2005.05,870190.71
C0064,F016,434,817.03,2042.58,886479.15
C0064,F017,434,557.31,1393.28,604683.07
C0064,F018,434,33.37,83.43,36210.33
C0064,F019,434,289.03,722.58,313601.79
C0064,F020,434,98.19,245.48,106540.08
C0065,F001,850,1265.33,3163.31,2688817.35
C0065,F002,850,1232.39,3080.98,2618832.06
C0065,F003,850,95.17,237.93,202240.06
C0065,F004,850,55.04,137.6,116958.25
C0065,F005,850,1266.86,3167.16,2692085.54
C0065,F006,850,1204.39,3010.97,2559326.67
C0065,F007,850,1189.27,2973.17,2527194.79
C0065,F008,850,1273.09,3182.72,2705310.91
C0065,F009,850,1238.0,3095.0,2630753.17
C0065,F010,850,878.66,2196.65,1867156.4
C0065,F011,850,1172.43,2931.07,2491405.96
C0065,F012,850,1237.87,3094.68,2630481.34
C0065,F013,850,905.88,2264.69,1924989.95
C0065,F014,850,1289.92,3224.8,2741076.89
C0065,F015,850,857.27,2143.18,1821699.64
C0065,F016,850,846.67,2116.67,1799173.32
C0065,F017,850,1203.02,3007.55,2556414.23
C0065,F018,850,1255.33,3138.34,2667585.86
C0065,F019,850,1425.47,3563.68,3029126.49
C0065,F020,850,1182.51,2956.27,2512829.93
C0066,F001,485,1318.05,3295.13,1598135.69
C0066,F002,485,1282.51,3206.27,1555042.52
C0066,F003,485,95.83,239.59,116199.76
C0066,F004,485,77.9,194.74,94450.66
C0066,F005,485,1320.22,3300.55,1600764.66
C0066,F006,485,1258.92,3147.31,1526446.55
C0066,F007,485,1244.25,3110.61,1508648.16
C0066,F008,485,1350.77,3376.92,1637808.37
C0066,F009,485,1317.08,3292.7,1596959.61
C0066,F010,485,968.53,2421.31,1174336.57
C0066,F011,485,1226.66,3066.66,1487327.7
C0066,F012,485,1291.37,3228.43,1565787.2
C0066,F013,485,965.56,2413.91,1170746.65
C0066,F014,485,1343.75,3359.37,1629295.79
C0066,F015,485,946.76,2366.91,1147949.07
C0066,F016,485,936.63,2341.57,1135661.54
C0066,F017,485,1283.01,3207.53,1555651.28
C0066,F018,485,1307.32,3268.31,1585130.86
C0066,F019,485,1487.83,3719.58,1803996.51
C0066,F020,485,1237.71,3094.29,1500729.38
C0067,F001,656,54.35,135.88,89134.24
C0067,F002,656,108.08,270.19,177246.05
C0067,F003,656,1390.07,3475.16,2279708.1
C0067,F004,656,1350.26,3375.64,2214423.11
C0067,F005,656,44.97,112.43,73755.43
C0067,F006,656,92.35,230.88,151458.79
C0067,F007,656,106.41,266.02,174510.87
C0067,F008,656,440.95,1102.37,723152.48
C0067,F009,656,470.87,1177.18,772232.99
C0067,F010,656,789.47,1973.67,1294729.45
C0067,F011,656,124.82,312.05,204705.85
C0067,F012,656,66.19,165.48,108554.67
C0067,F013,656,392.59,981.47,643844.51
C0067,F014,656,27.03,67.57,44329.17
C0067,F015,656,782.98,1957.44,1284082.34
C0067,F016,656,798.99,1997.48,1310349.39
C0067,F017,656,491.34,1228.35,805799.71
C0067,F018,656,70.05,175.13,114883.92
C0067,F019,656,186.58,466.46,305999.25
C0067,F020,656,112.89,282.22,185135.46
C0068,F001,295,556.15,1390.36,410157.31
C0068,F002,295,586.46,1466.14,432511.83
C0068,F003,295,1283.8,3209.51,946805.18
C0068,F004,295,1250.27,3125.68,922074.2
C0068,F005,295,546.86,1367.14,403306.76
C0068,F006,295,513.03,1282.56,378355.97
C0068,F007,295,503.57,1258.94,371385.96
C0068,F008,295,115.05,287.63,84851.88
C0068,F009,295,67.11,167.77,49491.81
C0068,F010,295,393.56,983.9,290250.17
C0068,F011,295,512.53,1281.32,377989.97
C0068,F012,295,536.54,1341.34,395696.19
C0068,F013,295,483.74,1209.34,356756.73
C0068,F014,295,546.87,1367.18,403319.04
C0068,F015,295,402.4,1006.01,296772.18
C0068,F016,295,419.34,1048.36,309266.67
C0068,F017,295,33.13,82.82,24432.1
C0068,F018,295,564.46,1411.16,416292.45
C0068,F019,295,471.43,1178.57,347678.96
C0068,F020,295,499.02,1247.56,368029.7
C0069,F001,611,504.31,1260.77,770333.51
C0069,F002,611,542.17,1355.43,828168.08
C0069,F003,611,1372.93,3432.33,2097156.58
C0069,F004,611,1338.29,3345.72,2044234.09
C0069,F005,611,494.28,1235.69,755007.69
C0069,F006,611,471.94,1179.85,720887.69
C0069,F007,611,465.52,1163.8,711083.58
C0069,F008,611,25.99,64.98,39700.17
C0069,F009,611,49.98,124.94,76338.55
C0069,F010,611,502.36,1255.91,767361.8
C0069,F011,611,478.23,1195.57,730490.43
C0069,F012,611,489.28,1223.21,747379.82
C0069,F013,611,510.41,1276.01,779645.09
C0069,F014,611,489.78,1224.45,748136.92
C0069,F015,611,510.21,1275.53,779351.5
C0069,F016,611,527.33,1318.33,805498.86
C0069,F017,611,90.07,225.17,137579.95
C0069,F018,611,514.94,1287.34,786567.23
C0069,F019,611,381.74,954.34,583103.34
C0069,F020,611,462.36,1155.91,706262.4
C0070,F001,669,1304.58,3261.45,2181911.11
C0070,F002,669,1272.94,3182.36,2128996.92
C0070,F003,669,66.03,165.07,110434.86
C0070,F004,669,44.48,111.19,74388.52
C0070,F005,669,1305.8,3264.51,2183955.38
C0070,F006,669,1242.82,3107.05,2078617.18
C0070,F007,669,1227.5,3068.74,2052986.01
C0070,F008,669,1295.34,3238.34,2166451.54
C0070,F009,669,1258.94,3147.35,2105580.22
C0070,F010,669,885.92,2214.81,1481708.66
C0070,F011,669,1211.06,3027.65,2025501.02
C0070,F012,669,1276.78,3191.96,2135418.23
C0070,F013,669,942.14,2355.35,1575726.22
C0070,F014,669,1328.59,3321.47,2222060.53
C0070,F015,669,865.31,2163.26,1447223.43
C0070,F016,669,853.84,2134.61,1428052.03
C0070,F017,669,1223.08,3057.71,2045607.59
C0070,F018,669,1294.96,3237.41,2165825.58
C0070,F019,669,1459.19,3647.97,2440493.43
C0070,F020,669,1220.63,3051.57,2041499.15
C0071,F001,1012,1324.09,3310.24,3349958.22
C0071,F002,1012,1291.39,3228.48,3267220.78
C0071,F003,1012,36.46,91.15,92239.3
C0071,F004,1012,10.96,27.4,27730.24
C0071,F005,1012,1325.57,3313.92,3353683.47
C0071,F006,1012,1262.97,3157.43,3195323.97
C0071,F007,1012,1247.8,3119.51,3156943.81
C0071,F008,1012,1324.9,3312.25,3351995.46
C0071,F009,1012,1289.05,3222.63,3261300.76
C0071,F010,1012,920.37,2300.92,2328535.15
C0071,F011,1012,1231.05,3077.64,3114568.17
C0071,F012,1012,1296.57,3241.42,3280315.88
C0071,F013,1012,963.84,2409.61,2438527.03
C0071,F014,1012,1348.56,3371.41,3411867.22
C0071,F015,1012,899.55,2248.88,2275868.43
C0071,F016,1012,888.3,2220.74,2247393.59
C0071,F017,1012,1253.54,3133.86,3171463.79
C0071,F018,1012,1314.18,3285.44,3324864.17
C0071,F019,1012,1482.68,3706.71,3751190.96
C0071,F020,1012,1241.02,3102.54,3139774.2
C0072,F001,297,1278.93,3197.32,949603.74
C0072,F002,297,1247.04,3117.61,925928.87
C0072,F003,297,85.86,214.66,63752.74
C0072,F004,297,53.25,133.13,39539.33
C0072,F005,297,1280.21,3200.53,950558.06
C0072,F006,297,1217.33,3043.32,903866.66
C0072,F007,297,1202.04,3005.11,892518.27
C0072,F008,297,1274.3,3185.75,946168.93
C0072,F009,297,1238.33,3095.84,919463.67
C0072,F010,297,870.25,2175.62,646160.07
C0072,F011,297,1185.53,2963.81,880252.79
C0072,F012,297,1251.2,3127.99,929013.1
C0072,F013,297,917.08,2292.7,680931.63
C0072,F014,297,1303.05,3257.63,967516.81
C0072,F015,297,849.31,2123.28,630614.89
C0072,F016,297,838.19,2095.47,622354.63
C0072,F017,297,1202.77,3006.91,893053.52
C0072,F018,297,1269.24,3173.09,942408.0
C0072,F019,297,1434.81,3587.01,1065342.94
C0072,F020,297,1195.2,2988.0,887435.06
C0073,F001,884,506.95,1267.38,1120363.6
C0073,F002,884,540.66,1351.65,1194857.15
C0073,F003,884,1320.13,3300.33,2917494.33
C0073,F004,884,1285.67,3214.18,2841339.19
C0073,F005,884,497.31,1243.28,1099058.38
C0073,F006,884,468.32,1170.81,1034992.08
C0073,F007,884,460.2,1150.5,1017044.3
C0073,F008,884,51.92,129.81,114749.02
C0073,F009,884,3.98,9.96,8800.37
C0073,F010,884,450.53,1126.33,995676.46
C0073,F011,884,470.95,1177.38,1040801.12
C0073,F012,884,489.22,1223.05,1081172.64
C0073,F013,884,475.21,1188.02,1050210.87
C0073,F014,884,495.47,1238.68,1094993.02
C0073,F015,884,457.72,1144.3,1011557.09
C0073,F016,884,474.92,1187.29,1049563.24
C0073,F017,884,37.32,93.29,82472.05
C0073,F018,884,516.29,1290.72,1140993.24
C0073,F019,884,409.12,1022.79,904148.46
C0073,F020,884,456.27,1140.67,1008351.69
C0074,F001,443,233.75,584.38,258879.66
C0074,F002,443,262.21,655.52,290395.65
C0074,F003,443,1589.76,3974.39,1760654.63
C0074,F004,443,1549.49,3873.72,1716059.24
C0074,F005,443,234.72,586.81,259955.03
C0074,F006,443,299.51,748.78,331707.62
C0074,F007,443,315.85,789.62,349801.33
C0074,F008,443,607.33,1518.33,672621.21
C0074,F009,443,646.11,1615.28,715569.64
C0074,F010,443,1005.15,2512.88,1113205.1
C0074,F011,443,329.01,822.52,364377.73
C0074,F012,443,263.14,657.86,291430.22
C0074,F013,443,603.76,1509.41,668669.04
C0074,F014,443,215.28,538.19,238417.07
C0074,F015,443,999.87,2499.67,1107354.89
C0074,F016,443,1016.19,2540.48,1125430.53
C0074,F017,443,674.2,1685.5,746676.08
C0074,F018,443,241.4,603.51,267355.39
C0074,F019,443,252.72,631.79,279884.37
C0074,F020,443,323.3,808.24,358051.7
C0075,F001,443,50.19,125.47,55582.31
C0075,F002,443,24.17,60.43,26769.55
C0075,F003,443,1315.08,3287.69,1456447.3
C0075,F004,443,1274.9,3187.25,1411953.41
C0075,F005,443,56.6,141.5,62682.79
C0075,F006,443,50.2,125.49,55593.65
C0075,F007,443,62.08,155.2,68753.29
C0075,F008,443,495.04,1237.6,548257.73
C0075,F009,443,517.65,1294.13,573298.26
C0075,F010,443,781.24,1953.11,865228.28
C0075,F011,443,62.99,157.48,69761.47
C0075,F012,443,37.3,93.26,41312.81
C0075,F013,443,330.97,827.43,366553.36
C0075,F014,443,80.8,201.99,89482.56
C0075,F015,443,771.8,1929.51,854773.81
C0075,F016,443,786.82,1967.04,871399.62
C0075,F017,443,531.38,1328.45,588501.42
C0075,F018,443,36.6,91.49,40530.53
C0075,F019,443,286.12,715.31,316880.16
C0075,F020,443,68.4,170.99,75750.41
C0076,F001,812,1307.92,3269.81,2655086.3
C0076,F002,812,1275.98,3189.96,2590243.54
C0076,F003,812,58.66,146.65,119078.71
C0076,F004,812,34.96,87.4,70969.45
C0076,F005,812,1309.22,3273.05,2657712.69
C0076,F006,812,1246.34,3115.86,2530077.05
C0076,F007,812,1231.06,3077.65,2499055.54
C0076,F008,812,1301.7,3254.24,2642446.35
C0076,F009,812,1265.48,3163.7,2568920.42
C0076,F010,812,893.96,2234.89,1814732.49
C0076,F011,812,1214.54,3036.34,2465509.43
C0076,F012,812,1280.2,3200.5,2598809.69
C0076,F013,812,946.09,2365.22,1920554.89
C0076,F014,812,1332.06,3330.16,2704089.91
C0076,F015,812,873.26,2183.15,1772721.58
C0076,F016,812,861.88,2154.7,1749612.61
C0076,F017,812,1229.73,3074.33,2496357.53
C0076,F018,812,1298.22,3245.55,2635387.22
C0076,F019,812,1463.7,3659.24,2971300.87
C0076,F020,812,1224.22,3060.54,2485160.09
C0077,F001,952,1315.69,3289.22,3131341.8
C0077,F002,952,1283.99,3209.98,3055900.45
C0077,F003,952,56.05,140.12,133398.57
C0077,F004,952,40.44,101.1,96251.63
C0077,F005,952,1316.92,3292.31,3134280.29
C0077,F006,952,1253.96,3134.9,2984422.82
C0077,F007,952,1238.64,3096.6,2947964.71
C0077,F008,952,1306.26,3265.66,3108907.93
C0077,F009,952,1269.8,3174.5,3022126.82
C0077,F010,952,895.77,2239.43,2131932.62
C0077,F011,952,1222.19,3055.48,2908819.2
C0077,F012,952,1287.9,3219.76,3065212.53
C0077,F013,952,953.33,2383.32,2268923.48
C0077,F014,952,1339.72,3349.3,3188529.26
C0077,F015,952,875.23,2188.07,2083047.26
C0077,F016,952,863.69,2159.22,2055573.68
C0077,F017,952,1233.9,3084.74,2936671.43
C0077,F018,952,1306.06,3265.14,3108414.02
C0077,F019,952,1470.41,3676.03,3499577.51
C0077,F020,952,1231.78,3079.44,2931626.67
C0078,F001,717,838.55,2096.39,1503108.94
C0078,F002,717,842.71,2106.76,1510550.26
C0078,F003,717,909.96,2274.9,1631100.26
C0078,F004,717,882.7,2206.75,1582239.58
C0078,F005,717,832.87,2082.18,1492925.26
C0078,F006,717,775.22,1938.06,1389586.99
C0078,F007,717,759.87,1899.67,1362059.91
C0078,F008,717,554.02,1385.06,993087.46
C0078,F009,717,506.99,1267.47,908779.46
C0078,F010,717,52.81,132.03,94665.13
C0078,F011,717,756.58,1891.45,1356172.24
C0078,F012,717,810.29,2025.72,1452440.43
C0078,F013,717,548.16,1370.4,982577.66
C0078,F014,717,844.79,2111.97,1514283.23
C0078,F015,717,49.45,123.63,88645.72
C0078,F016,717,32.91,82.27,58988.77
C0078,F017,717,465.83,1164.58,835005.77
C0078,F018,717,839.18,2097.94,1504222.63
C0078,F019,717,858.4,2146.01,1538685.93
C0078,F020,717,752.69,1881.73,1349197.66
C0079,F001,1825,39.66,99.14,180933.21
C0079,F002,1825,88.31,220.77,402901.63
C0079,F003,1825,1360.56,3401.4,6207560.85
C0079,F004,1825,1320.72,3301.8,6025787.31
C0079,F005,1825,29.31,73.28,133729.1
C0079,F006,1825,62.35,155.87,284463.84
C0079,F007,1825,76.56,191.4,349299.42
C0079,F008,1825,440.63,1101.58,2010375.37
C0079,F009,1825,467.99,1169.98,2135206.66
C0079,F010,1825,771.28,1928.19,3518944.39
C0079,F011,1825,94.82,237.04,432598.75
C0079,F012,1825,39.12,97.81,178498.39
C0079,F013,1825,363.87,909.68,1660159.81
C0079,F014,1825,32.02,80.06,146108.24
C0079,F015,1825,764.07,1910.18,3486078.21
C0079,F016,1825,779.88,1949.69,3558184.53
C0079,F017,1825,486.2,1215.5,2218289.12
C0079,F018,1825,52.76,131.9,240717.18
C0079,F019,1825,210.88,527.21,962152.59
C0079,F020,1825,83.18,207.96,379526.17
C0080,F001,674,957.8,2394.5,1613890.66
C0080,F002,674,952.42,2381.04,1604819.52
C0080,F003,674,730.07,1825.18,1230169.09
C0080,F004,674,705.93,1764.83,1189494.41
C0080,F005,674,953.72,2384.31,1607022.8
C0080,F006,674,891.7,2229.24,1502508.3
C0080,F007,674,875.49,2188.73,1475206.87
C0080,F008,674,736.13,1840.34,1240386.66
C0080,F009,674,690.63,1726.58,1163713.87
C0080,F010,674,245.88,614.7,414308.72
C0080,F011,674,868.29,2170.71,1463061.08
C0080,F012,674,928.29,2320.72,1564166.56
C0080,F013,674,622.0,1555.0,1048068.81
C0080,F014,674,969.11,2422.77,1632946.06
C0080,F015,674,232.49,581.22,391742.34
C0080,F016,674,216.41,541.03,364655.7
C0080,F017,674,649.84,1624.6,1094980.99
C0080,F018,674,955.67,2389.18,1610306.1
C0080,F019,674,1013.54,2533.85,1707812.41
C0080,F020,674,867.99,2169.99,1462570.26
C0081,F001,557,20.73,51.82,28863.21
C0081,F002,557,73.01,182.52,101661.82
C0081,F003,557,1364.76,3411.9,1900430.3
C0081,F004,557,1324.81,3312.01,1844792.0
C0081,F005,557,10.27,25.67,14299.74
C0081,F006,557,65.83,164.58,91669.92
C0081,F007,557,81.76,204.39,113847.16
C0081,F008,557,460.52,1151.29,641270.86
C0081,F009,557,487.88,1219.7,679370.64
C0081,F010,557,787.61,1969.03,1096751.16
C0081,F011,557,97.37,243.42,135587.35
C0081,F012,557,32.97,82.42,45910.27
C0081,F013,557,370.73,926.83,516246.42
C0081,F014,557,20.18,50.44,28097.73
C0081,F015,557,780.06,1950.15,1086234.88
C0081,F016,557,795.75,1989.38,1108082.16
C0081,F017,557,505.97,1264.92,704557.98
C0081,F018,557,35.49,88.73,49424.31
C0081,F019,557,222.15,555.37,309342.11
C0081,F020,557,89.04,222.61,123991.11
C0082,F001,979,237.78,594.45,581969.01
C0082,F002,979,291.42,728.56,713255.88
C0082,F003,979,1536.34,3840.84,3760180.41
C0082,F004,979,1497.31,3743.27,3664659.99
C0082,F005,979,229.43,573.56,561518.11
C0082,F006,979,269.23,673.08,658941.3
C0082,F007,979,279.27,698.18,683516.33
C0082,F008,979,392.8,981.99,961370.68
C0082,F009,979,435.58,1088.94,1066070.36
C0082,F010,979,837.1,2092.75,2048797.45
C0082,F011,979,299.83,749.57,733833.85
C0082,F012,979,250.44,626.1,612947.09
C0082,F013,979,538.11,1345.26,1317012.09
C0082,F014,979,206.91,517.28,506416.85
C0082,F015,979,835.9,2089.75,2045870.03
C0082,F016,979,853.03,2132.57,2087789.68
C0082,F017,979,468.21,1170.52,1145942.95
C0082,F018,979,253.52,633.79,620480.68
C0082,F019,979,28.84,72.11,70597.42
C0082,F020,979,283.77,709.41,694516.18
C0083,F001,1455,1377.62,3444.05,5011098.63
C0083,F002,1455,1346.03,3365.09,4896201.48
C0083,F003,1455,42.69,106.73,155285.79
C0083,F004,1455,73.16,182.91,266136.67
C0083,F005,1455,1378.82,3447.05,5015458.2
C0083,F006,1455,1315.79,3289.49,4786201.34
C0083,F007,1455,1300.45,3251.12,4730381.71
C0083,F008,1455,1362.62,3406.54,4956521.66
C0083,F009,1455,1325.51,3313.78,4821553.26
C0083,F010,1455,943.67,2359.16,3432583.65
C0083,F011,1455,1284.06,3210.14,4670758.02
C0083,F012,1455,1349.8,3374.5,4909890.66
C0083,F013,1455,1014.85,2537.12,3691511.83
C0083,F014,1455,1401.58,3503.95,5098242.18
C0083,F015,1455,923.71,2309.28,3359996.8
C0083,F016,1455,911.6,2279.01,3315958.7
C0083,F017,1455,1289.17,3222.94,4689373.55
C0083,F018,1455,1368.03,3420.07,4976197.02
C0083,F019,1455,1531.24,3828.09,5569872.82
C0083,F020,1455,1293.57,3233.92,4705357.04
C0084,F001,1000,991.79,2479.48,2479479.88
C0084,F002,1000,985.59,2463.97,2463968.38
C0084,F003,1000,707.31,1768.27,1768267.69
C0084,F004,1000,684.55,1711.38,1711375.4
C0084,F005,1000,987.85,2469.63,2469634.21
C0084,F006,1000,925.56,2313.89,2313890.62
C0084,F007,1000,909.31,2273.27,2273274.18
C0084,F008,1000,772.62,1931.54,1931538.57
C0084,F009,1000,727.01,1817.52,1817523.36
C0084,F010,1000,280.46,701.15,701147.39
C0084,F011,1000,901.78,2254.45,2254449.74
C0084,F012,1000,962.22,2405.55,2405550.05
C0084,F013,1000,652.69,1631.72,1631720.26
C0084,F014,1000,1003.5,2508.74,2508744.23
C0084,F015,1000,267.95,669.88,669876.8
C0084,F016,1000,251.61,629.02,629022.43
C0084,F017,1000,686.18,1715.44,1715444.21
C0084,F018,1000,989.44,2473.59,2473590.18
C0084,F019,1000,1049.83,2624.58,2624580.61
C0084,F020,1000,901.8,2254.49,2254489.8
C0085,F001,170,85.39,213.47,36290.7
C0085,F002,170,87.84,219.59,37330.55
C0085,F003,170,1282.09,3205.22,544887.59
C0085,F004,170,1242.22,3105.55,527944.08
C0085,F005,170,83.33,208.31,35413.3
C0085,F006,170,18.64,46.59,7920.13
C0085,F007,170,2.19,5.47,929.18
C0085,F008,170,439.28,1098.2,186693.62
C0085,F009,170,459.32,1148.31,195212.62
C0085,F010,170,719.01,1797.52,305578.49
C0085,F011,170,19.5,48.76,8288.99
C0085,F012,170,55.54,138.86,23606.46
C0085,F013,170,286.81,717.03,121895.62
C0085,F014,170,104.01,260.03,44204.37
C0085,F015,170,710.01,1775.01,301752.24
C0085,F016,170,725.2,1813.0,308210.23
C0085,F017,170,471.21,1178.03,200264.85
C0085,F018,170,82.31,205.77,34980.11
C0085,F019,170,275.15,687.86,116937.01
C0085,F020,170,5.41,13.52,2298.23
C0086,F001,539,388.01,970.02,522838.96
C0086,F002,539,361.96,904.9,487738.53
C0086,F003,539,975.32,2438.3,1314243.55
C0086,F004,539,935.59,2338.99,1260714.19
C0086,F005,539,388.52,971.29,523524.44
C0086,F006,539,324.88,812.19,437769.15
C0086,F007,539,309.38,773.44,416885.23
C0086,F008,539,526.91,1317.28,710013.41
C0086,F009,539,517.33,1293.32,697099.98
C0086,F010,539,543.78,1359.44,732736.82
C0086,F011,539,293.47,733.66,395444.39
C0086,F012,539,359.51,898.79,484446.06
C0086,F013,539,40.03,100.07,53939.32
C0086,F014,539,410.82,1027.04,553574.55
C0086,F015,539,526.55,1316.37,709524.79
C0086,F016,539,537.22,1343.05,723906.04
C0086,F017,539,503.53,1258.82,678504.98
C0086,F018,539,379.56,948.89,511453.96
C0086,F019,539,553.51,1383.77,745852.67
C0086,F020,539,302.45,756.12,407547.5
C0087,F001,501,33.21,83.03,41595.9
C0087,F002,501,78.23,195.57,97982.88
C0087,F003,501,1351.95,3379.87,1693314.51
C0087,F004,501,1312.06,3280.16,1643357.81
C0087,F005,501,23.93,59.83,29976.42
C0087,F006,501,52.81,132.02,66139.97
C0087,F007,501,67.81,169.52,84927.21
C0087,F008,501,446.64,1116.61,559420.23
C0087,F009,501,473.13,1182.83,592598.41
C0087,F010,501,770.08,1925.19,964520.73
C0087,F011,501,85.19,212.97,106698.51
C0087,F012,501,27.79,69.49,34812.55
C0087,F013,501,356.29,890.72,446253.04
C0087,F014,501,35.52,88.81,44494.97
C0087,F015,501,762.53,1906.33,955069.51
C0087,F016,501,778.23,1945.56,974727.1
C0087,F017,501,490.54,1226.36,614404.02
C0087,F018,501,44.26,110.65,55433.33
C0087,F019,501,222.23,555.57,278339.73
C0087,F020,501,74.76,186.89,93633.89
C0088,F001,773,804.01,2010.02,1553745.39
C0088,F002,773,807.12,2017.81,1559767.27
C0088,F003,773,901.89,2254.73,1742902.93
C0088,F004,773,873.38,2183.46,1687814.35
C0088,F005,773,798.51,1996.28,1543127.15
C0088,F006,773,740.25,1850.62,1430527.63
C0088,F007,773,724.77,1811.92,1400614.08
C0088,F008,773,534.93,1337.33,1033759.48
C0088,F009,773,488.72,1221.81,944455.5
C0088,F010,773,50.33,125.82,97255.52
C0088,F011,773,721.06,1802.65,1393449.53
C0088,F012,773,775.55,1938.87,1498746.23
C0088,F013,773,509.91,1274.78,985405.83
C0088,F014,773,810.89,2027.23,1567050.25
C0088,F015,773,30.04,75.1,58055.44
C0088,F016,773,18.99,47.48,36705.89
C0088,F017,773,447.73,1119.32,865233.05
C0088,F018,773,804.31,2010.77,1554327.34
C0088,F019,773,830.13,2075.32,1604225.77
C0088,F020,773,717.54,1793.86,1386652.52
C0089,F001,431,47.91,119.78,51626.92
C0089,F002,431,14.2,35.5,15299.95
C0089,F003,431,1322.43,3306.09,1424922.7
C0089,F004,431,1282.22,3205.56,1381595.28
C0089,F005,431,55.84,139.59,60164.13
C0089,F006,431,59.87,149.67,64506.65
C0089,F007,431,72.33,180.82,77934.24
C0089,F008,431,503.24,1258.09,542235.89
C0089,F009,431,526.36,1315.91,567156.61
C0089,F010,431,791.74,1979.34,853095.9
C0089,F011,431,73.44,183.59,79128.62
C0089,F012,431,41.73,104.31,44959.02
C0089,F013,431,340.1,850.25,366459.2
C0089,F014,431,79.05,197.61,85171.52
C0089,F015,431,782.29,1955.73,842921.57
C0089,F016,431,797.3,1993.26,859093.24
C0089,F017,431,540.5,1351.24,582384.24
C0089,F018,431,32.78,81.95,35320.12
C0089,F019,431,287.1,717.74,309347.66
C0089,F020,431,78.76,196.9,84863.31
C0090,F001,1735,19.71,49.27,85478.62
C0090,F002,1735,34.26,85.65,148595.63
C0090,F003,1735,1347.16,3367.91,5843317.28
C0090,F004,1735,1307.02,3267.56,5669208.19
C0090,F005,1735,28.98,72.46,125716.73
C0090,F006,1735,63.11,157.77,273734.69
C0090,F007,1735,78.87,197.17,342088.92
C0090,F008,1735,491.94,1229.86,2133808.01
C0090,F009,1735,517.28,1293.21,2243715.59
C0090,F010,1735,798.87,1997.18,3465113.28
C0090,F011,1735,86.98,217.44,377259.5
C0090,F012,1735,29.67,74.18,128694.77
C0090,F013,1735,360.25,900.62,1562583.5
C0090,F014,1735,50.69,126.73,219881.43
C0090,F015,1735,790.23,1975.57,3427609.57
C0090,F016,1735,805.54,2013.84,3494011.66
C0090,F017,1735,533.41,1333.54,2313684.52
C0090,F018,1735,4.03,10.07,17474.75
C0090,F019,1735,260.26,650.64,1128867.3
C0090,F020,1735,86.28,215.7,374233.87
C0091,F001,426,538.65,1346.63,573665.23
C0091,F002,426,570.51,1426.28,607597.34
C0091,F003,426,1301.43,3253.56,1386017.65
C0091,F004,426,1267.55,3168.87,1349938.1
C0091,F005,426,529.2,1322.99,563595.15
C0091,F006,426,497.5,1243.75,529837.28
C0091,F007,426,488.62,1221.55,520382.22
C0091,F008,426,89.18,222.95,94976.82
C0091,F009,426,41.49,103.73,44190.79
C0091,F010,426,417.99,1044.97,445156.25
C0091,F011,426,498.37,1245.92,530763.51
C0091,F012,426,519.87,1299.68,553665.47
C0091,F013,426,483.32,1208.3,514734.92
C0091,F014,426,528.36,1320.91,562707.49
C0091,F015,426,426.31,1065.78,454021.83
C0091,F016,426,443.35,1108.36,472162.58
C0091,F017,426,19.21,48.01,20453.67
C0091,F018,426,547.44,1368.59,583020.96
C0091,F019,426,447.35,1118.38,476431.7
C0091,F020,426,484.34,1210.84,515816.9
C0092,F001,388,57.61,144.03,55883.58
C0092,F002,388,68.69,171.73,66632.68
C0092,F003,388,1308.14,3270.35,1268894.47
C0092,F004,388,1268.21,3170.52,1230163.58
C0092,F005,388,55.56,138.91,53895.86
C0092,F006,388,9.23,23.08,8955.63
C0092,F007,388,25.67,64.17,24896.02
C0092,F008,388,449.62,1124.04,436129.12
C0092,F009,388,472.08,1180.21,457920.04
C0092,F010,388,744.06,1860.16,721742.47
C0092,F011,388,40.86,102.16,39637.49
C0092,F012,388,27.8,69.49,26962.28
C0092,F013,388,314.16,785.39,304732.27
C0092,F014,388,76.97,192.43,74663.34
C0092,F015,388,735.43,1838.57,713366.69
C0092,F016,388,750.75,1876.89,728232.07
C0092,F017,388,485.98,1214.94,471397.05
C0092,F018,388,55.68,139.21,54013.67
C0092,F019,388,259.91,649.78,252115.74
C0092,F020,388,33.2,83.01,32206.34
C0093,F001,259,933.31,2333.27,604317.05
C0093,F002,259,925.26,2313.15,599104.71
C0093,F003,259,693.62,1734.05,449118.14
C0093,F004,259,667.72,1669.3,432349.4
C0093,F005,259,929.73,2324.32,601998.99
C0093,F006,259,866.81,2167.01,561256.83
C0093,F007,259,850.47,2126.17,550679.26
C0093,F008,259,738.76,1846.9,478347.64
C0093,F009,259,694.61,1736.52,449757.85
C0093,F010,259,264.84,662.11,171486.65
C0093,F011,259,842.21,2105.52,545328.86
C0093,F012,259,903.61,2259.02,585086.54
C0093,F013,259,588.85,1472.13,381281.61
C0093,F014,259,946.07,2365.17,612578.98
C0093,F015,259,247.59,618.96,160311.8
C0093,F016,259,233.37,583.43,151109.57
C0093,F017,259,654.38,1635.96,423713.57
C0093,F018,259,930.4,2325.99,602431.68
C0093,F019,259,1001.04,2502.59,648171.56
C0093,F020,259,842.93,2107.32,545797.09
C0094,F001,670,454.06,1135.15,760550.87
C0094,F002,670,437.84,1094.61,733388.65
C0094,F003,670,937.71,2344.26,1570656.85
C0094,F004,670,899.16,2247.89,1506089.64
C0094,F005,670,452.42,1131.04,757795.2
C0094,F006,670,387.67,969.19,649354.51
C0094,F007,670,371.28,928.2,621894.75
C0094,F008,670,483.26,1208.14,809455.59
C0094,F009,670,464.7,1161.74,778367.0
C0094,F010,670,436.38,1090.96,730944.59
C0094,F011,670,359.37,898.42,601941.03
C0094,F012,670,424.34,1060.84,710762.24
C0094,F013,670,95.18,237.95,159429.23
C0094,F014,670,472.13,1180.33,790817.83
C0094,F015,670,418.87,1047.18,701608.8
C0094,F016,670,429.41,1073.53,719262.51
C0094,F017,670,443.76,1109.41,743303.29
C0094,F018,670,448.47,1121.18,751187.67
C0094,F019,670,581.94,1454.85,974750.98
C0094,F020,670,363.8,909.51,609368.85
C0095,F001,2919,44.46,111.15,324458.33
C0095,F002,2919,46.46,116.15,339047.77
C0095,F003,2919,1316.03,3290.07,9603708.95
C0095,F004,2919,1275.98,3189.94,9311448.42
C0095,F005,2919,46.42,116.06,338773.05
C0095,F006,2919,28.94,72.35,211193.39
C0095,F007,2919,43.73,109.32,319102.74
C0095,F008,2919,471.03,1177.57,3437329.62
C0095,F009,2919,493.99,1234.98,3604904.1
C0095,F010,2919,764.57,1911.42,5579430.53
C0095,F011,2919,51.66,129.15,376975.11
C0095,F012,2919,18.86,47.14,137601.0
C0095,F013,2919,326.0,815.0,2378991.9
C0095,F014,2919,70.68,176.69,515762.93
C0095,F015,2919,755.65,1889.13,5514366.43
C0095,F016,2919,770.87,1927.17,5625410.61
C0095,F017,2919,508.17,1270.43,3708396.09
C0095,F018,2919,37.56,93.9,274098.61
C0095,F019,2919,267.92,669.8,1955134.08
C0095,F020,2919,50.98,127.45,372018.62
C0096,F001,403,1258.07,3145.16,1267500.84
C0096,F002,403,1226.35,3065.87,1235545.9
C0096,F003,403,107.06,267.66,107866.55
C0096,F004,403,72.81,182.02,73352.98
C0096,F005,403,1259.31,3148.29,1268759.39
C0096,F006,403,1196.38,2990.95,1205351.14
C0096,F007,403,1181.07,2952.69,1189932.12
C0096,F008,403,1253.29,3133.23,1262689.92
C0096,F009,403,1217.43,3043.57,1226557.72
C0096,F010,403,851.15,2127.88,857536.73
C0096,F011,403,1164.6,2911.49,1173332.29
C0096,F012,403,1230.3,3075.74,1239522.65
C0096,F013,403,895.95,2239.88,902671.27
C0096,F014,403,1282.12,3205.31,1291740.11
C0096,F015,403,830.08,2075.2,836306.05
C0096,F016,403,819.11,2047.77,825251.01
C0096,F017,403,1181.93,2954.84,1190798.54
C0096,F018,403,1248.42,3121.05,1257782.56
C0096,F019,403,1413.53,3533.82,1424131.31
C0096,F020,403,1174.22,2935.54,1183024.14
C0097,F001,258,1299.69,3249.21,838297.3
C0097,F002,258,1267.57,3168.92,817580.27
C0097,F003,258,64.13,160.32,41363.24
C0097,F004,258,34.14,85.34,22017.8
C0097,F005,258,1301.02,3252.56,839159.82
C0097,F006,258,1238.22,3095.54,798649.76
C0097,F007,258,1222.96,3057.41,788811.13
C0097,F008,258,1295.98,3239.96,835909.87
C0097,F009,258,1259.97,3149.92,812679.78
C0097,F010,258,890.63,2226.58,574457.22
C0097,F011,258,1206.38,3015.95,778115.58
C0097,F012,258,1272.01,3180.03,820446.55
C0097,F013,258,938.25,2345.62,605170.89
C0097,F014,258,1323.91,3309.77,853920.01
C0097,F015,258,869.8,2174.51,561022.62
C0097,F016,258,858.56,2146.4,553771.64
C0097,F017,258,1224.36,3060.9,789711.8
C0097,F018,258,1289.93,3224.83,832005.07
C0097,F019,258,1456.25,3640.62,939278.96
C0097,F020,258,1216.13,3040.33,784405.62
C0098,F001,472,107.24,268.09,126538.88
C0098,F002,472,58.13,145.33,68595.17
C0098,F003,472,1272.98,3182.46,1502119.55
C0098,F004,472,1232.63,3081.57,1454500.8
C0098,F005,472,114.54,286.35,135159.5
C0098,F006,472,90.78,226.95,107122.76
C0098,F007,472,93.39,233.48,110204.08
C0098,F008,472,532.47,1331.18,628315.99
C0098,F009,472,551.23,1378.07,650450.86
C0098,F010,472,782.13,1955.32,922912.89
C0098,F011,472,80.19,200.47,94621.25
C0098,F012,472,94.23,235.57,111189.48
C0098,F013,472,304.59,761.48,359418.24
C0098,F014,472,138.3,345.76,163199.08
C0098,F015,472,771.03,1927.57,909815.21
C0098,F016,472,785.34,1963.34,926695.86
C0098,F017,472,561.4,1403.49,662449.01
C0098,F018,472,92.21,230.52,108806.18
C0098,F019,472,344.09,860.23,406026.82
C0098,F020,472,95.9,239.76,113167.69
C0099,F001,964,1361.93,3404.82,3282245.61
C0099,F002,964,1331.04,3327.6,3207808.52
C0099,F003,964,59.9,149.74,144347.15
C0099,F004,964,77.99,194.98,187962.42
C0099,F005,964,1362.96,3407.41,3284743.17
C0099,F006,964,1299.71,3249.27,3132299.02
C0099,F007,964,1284.27,3210.67,3095089.48
C0099,F008,964,1340.52,3351.29,3230645.96
C0099,F009,964,1303.08,3257.71,3140432.68
C0099,F010,964,918.74,2296.84,2214154.42
C0099,F011,964,1268.09,3170.22,3056092.65
C0099,F012,964,1333.94,3334.85,3214790.94
C0099,F013,964,997.92,2494.8,2404986.69
C0099,F014,964,1385.58,3463.94,3339238.81
C0099,F015,964,898.92,2247.29,2166385.34
C0099,F016,964,886.69,2216.72,2136915.95
C0099,F017,964,1266.54,3166.36,3052367.72
C0099,F018,964,1352.53,3381.33,3259598.92
C0099,F019,964,1512.93,3782.32,3646152.71
C0099,F020,964,1277.34,3193.35,3078389.24
C0100,F001,2187,78.23,195.57,427711.57
C0100,F002,2187,30.6,76.49,167290.17
C0100,F003,2187,1297.19,3242.99,7092412.96
C0100,F004,2187,1256.91,3142.27,6872141.12
C0100,F005,2187,85.75,214.38,468858.13
C0100,F006,2187,71.5,178.74,390904.05
C0100,F007,2187,78.55,196.37,429452.12
C0100,F008,2187,517.75,1294.38,2830812.1
C0100,F009,2187,538.63,1346.57,2944944.19
C0100,F010,2187,786.53,1966.33,4300357.33
C0100,F011,2187,71.25,178.11,389534.29
C0100,F012,2187,67.24,168.1,367633.36
C0100,F013,2187,321.27,803.18,1756551.92
C0100,F014,2187,109.33,273.32,597755.26
C0100,F015,2187,776.24,1940.6,4244082.84
C0100,F016,2187,790.9,1977.25,4324244.26
C0100,F017,2187,550.71,1376.79,3011029.45
C0100,F018,2187,63.15,157.88,345279.69
C0100,F019,2187,316.19,790.47,1728750.37
C0100,F020,2187,83.01,207.53,453858.62
C0101,F001,805,225.18,562.94,453164.78
C0101,F002,805,250.31,625.76,503740.62
C0101,F003,805,1577.52,3943.81,3174764.36
C0101,F004,805,1537.2,3843.0,3093614.17
C0101,F005,805,226.98,567.44,456789.96
C0101,F006,805,291.58,728.96,586811.4
C0101,F007,805,308.01,770.03,619873.69
C0101,F008,805,614.35,1535.87,1236376.19
C0101,F009,805,652.24,1630.6,1312631.16
C0101,F010,805,1004.29,2510.72,2021128.62
C0101,F011,805,320.23,800.58,644464.91
C0101,F012,805,254.87,637.18,512929.23
C0101,F013,805,594.63,1486.58,1196693.97
C0101,F014,805,208.88,522.2,420370.77
C0101,F015,805,998.53,2496.32,2009538.39
C0101,F016,805,1014.72,2536.81,2042131.47
C0101,F017,805,679.44,1698.6,1367369.72
C0101,F018,805,231.74,579.36,466386.52
C0101,F019,805,263.8,659.5,530895.93
C0101,F020,805,315.52,788.81,634990.95
C0102,F001,1487,47.32,118.31,175922.29
C0102,F002,1487,62.02,155.05,230554.69
C0102,F003,1487,1317.19,3292.97,4896653.66
C0102,F004,1487,1277.23,3193.08,4748108.76
C0102,F005,1487,45.61,114.03,169565.92
C0102,F006,1487,19.45,48.62,72295.12
C0102,F007,1487,35.91,89.76,133477.81
C0102,F008,1487,455.12,1137.79,1691890.66
C0102,F009,1487,478.36,1195.9,1778296.12
C0102,F010,1487,753.92,1884.8,2802698.13
C0102,F011,1487,49.82,124.55,185205.73
C0102,F012,1487,17.49,43.73,65023.38
C0102,F013,1487,323.94,809.85,1204254.07
C0102,F014,1487,67.72,169.29,251732.83
C0102,F015,1487,745.37,1863.43,2770925.99
C0102,F016,1487,760.73,1901.82,2828007.28
C0102,F017,1487,492.89,1232.22,1832307.73
C0102,F018,1487,45.68,114.2,169815.49
C0102,F019,1487,256.16,640.4,952278.22
C0102,F020,1487,43.46,108.64,161550.46
C0103,F001,787,531.26,1328.15,1045256.9
C0103,F002,787,563.32,1408.31,1108340.43
C0103,F003,787,1303.01,3257.52,2563665.35
C0103,F004,787,1269.0,3172.49,2496749.64
C0103,F005,787,521.79,1304.47,1026615.44
C0103,F006,787,490.38,1225.95,964821.83
C0103,F007,787,481.59,1203.97,947528.29
C0103,F008,787,82.44,206.09,162193.49
C0103,F009,787,34.36,85.9,67604.43
C0103,F010,787,422.95,1057.36,832145.3
C0103,F011,787,491.46,1228.66,966952.37
C0103,F012,787,512.59,1281.47,1008520.63
C0103,F013,787,479.38,1198.45,943183.22
C0103,F014,787,520.86,1302.15,1024788.37
C0103,F015,787,430.94,1077.35,847878.2
C0103,F016,787,448.03,1120.07,881492.06
C0103,F017,787,16.08,40.21,31642.88
C0103,F018,787,540.1,1350.26,1062653.66
C0103,F019,787,439.73,1099.32,865161.48
C0103,F020,787,477.35,1193.36,939177.14
C0104,F001,685,479.67,1199.17,821428.83
C0104,F002,685,445.65,1114.12,763171.38
C0104,F003,685,881.91,2204.77,1510265.2
C0104,F004,685,841.65,2104.12,1441323.08
C0104,F005,685,481.82,1204.56,825122.77
C0104,F006,685,421.0,1052.5,720962.87
C0104,F007,685,406.68,1016.7,696436.65
C0104,F008,685,636.68,1591.69,1090307.04
C0104,F009,685,623.92,1559.79,1068454.8
C0104,F010,685,584.2,1460.5,1000445.04
C0104,F011,685,388.62,971.56,665515.74
C0104,F012,685,453.0,1132.51,775768.14
C0104,F013,685,153.44,383.59,262759.99
C0104,F014,685,505.43,1263.57,865543.26
C0104,F015,685,563.95,1409.88,965770.9
C0104,F016,685,571.68,1429.21,979010.47
C0104,F017,685,606.93,1517.32,1039366.5
C0104,F018,685,469.13,1172.82,803379.15
C0104,F019,685,662.57,1656.43,1134655.67
C0104,F020,685,400.37,1000.93,685638.02
C0105,F001,273,980.3,2450.76,669056.43
C0105,F002,273,969.84,2424.6,661916.35
C0105,F003,273,636.84,1592.1,434642.0
C0105,F004,273,612.33,1530.83,417917.64
C0105,F005,273,977.16,2442.89,666909.65
C0105,F006,273,913.6,2284.0,623531.39
C0105,F007,273,897.19,2242.96,612329.35
C0105,F008,273,800.33,2000.84,546228.48
C0105,F009,273,756.5,1891.25,516312.58
C0105,F010,273,327.07,817.68,223226.64
C0105,F011,273,888.0,2219.99,606058.61
C0105,F012,273,950.5,2376.25,648716.92
C0105,F013,273,628.38,1570.96,428872.76
C0105,F014,273,994.27,2485.67,678586.96
C0105,F015,273,310.25,775.62,211745.6
C0105,F016,273,295.8,739.51,201885.05
C0105,F017,273,716.42,1791.04,488954.69
C0105,F018,273,976.71,2441.76,666601.57
C0105,F019,273,1056.41,2641.02,720998.73
C0105,F020,273,889.63,2224.07,607171.87
C0106,F001,1526,1345.13,3362.84,5131687.94
C0106,F002,1526,1310.65,3276.62,5000115.03
C0106,F003,1526,54.55,136.36,208091.48
C0106,F004,1526,51.11,127.77,194971.02
C0106,F005,1526,1347.04,3367.59,5138947.59
C0106,F006,1526,1285.21,3213.02,4903068.38
C0106,F007,1526,1270.33,3175.82,4846305.81
C0106,F008,1526,1364.12,3410.31,5204135.68
C0106,F009,1526,1329.37,3323.42,5071546.4
C0106,F010,1526,969.98,2424.94,3700454.77
C0106,F011,1526,1253.06,3132.65,4780418.81
C0106,F012,1526,1318.12,3295.29,5028612.28
C0106,F013,1526,989.33,2473.32,3774285.88
C0106,F014,1526,1370.38,3425.94,5227982.08
C0106,F015,1526,948.73,2371.83,3619412.66
C0106,F016,1526,937.95,2344.88,3578291.52
C0106,F017,1526,1294.57,3236.44,4938803.31
C0106,F018,1526,1334.71,3336.78,5091919.74
C0106,F019,1526,1510.54,3776.34,5762696.94
C0106,F020,1526,1263.69,3159.24,4820994.92
C0107,F001,716,59.49,148.72,106481.71
C0107,F002,716,106.24,265.61,190173.37
C0107,F003,716,1359.09,3397.71,2432762.93
C0107,F004,716,1319.37,3298.43,2361673.75
C0107,F005,716,49.19,122.99,88057.87
C0107,F006,716,67.38,168.46,120616.17
C0107,F007,716,78.79,196.97,141027.66
C0107,F008,716,420.8,1052.0,753231.75
C0107,F009,716,448.39,1120.96,802609.85
C0107,F010,716,756.69,1891.74,1354482.82
C0107,F011,716,98.79,246.97,176831.85
C0107,F012,716,54.05,135.13,96756.56
C0107,F013,716,360.4,901.0,645114.87
C0107,F014,716,48.29,120.73,86444.34
C0107,F015,716,749.91,1874.79,1342346.13
C0107,F016,716,765.85,1914.63,1370873.47
C0107,F017,716,466.92,1167.31,835793.95
C0107,F018,716,72.04,180.09,128946.19
C0107,F019,716,198.85,497.14,355948.84
C0107,F020,716,84.32,210.81,150939.23
C0108,F001,2081,342.85,857.14,1783699.04
C0108,F002,2081,329.69,824.22,1715196.09
C0108,F003,2081,1044.39,2610.97,5433432.31
C0108,F004,2081,1005.39,2513.47,5230540.49
C0108,F005,2081,340.84,852.11,1773241.82
C0108,F006,2081,276.24,690.59,1437117.51
C0108,F007,2081,259.8,649.49,1351585.31
C0108,F008,2081,428.28,1070.7,2228119.33
C0108,F009,2081,420.15,1050.37,2185814.55
C0108,F010,2081,502.91,1257.26,2616367.14
C0108,F011,2081,248.81,622.02,1294425.66
C0108,F012,2081,313.05,782.62,1628625.07
C0108,F013,2081,59.25,148.13,308263.26
C0108,F014,2081,360.17,900.44,1873806.7
C0108,F015,2081,488.98,1222.46,2543933.42
C0108,F016,2081,501.95,1254.88,2611399.6
C0108,F017,2081,408.34,1020.85,2124397.14
C0108,F018,2081,337.93,844.82,1758069.63
C0108,F019,2081,475.09,1187.72,2471637.76
C0108,F020,2081,252.28,630.69,1312473.02
C0109,F001,1750,467.96,1169.89,2047311.17
C0109,F002,1750,450.35,1125.87,1970263.93
C0109,F003,1750,920.22,2300.55,4025957.09
C0109,F004,1750,881.61,2204.02,3857035.96
C0109,F005,1750,466.57,1166.42,2041240.56
C0109,F006,1750,401.79,1004.46,1757811.32
C0109,F007,1750,385.44,963.6,1686304.61
C0109,F008,1750,500.16,1250.41,2188218.07
C0109,F009,1750,480.94,1202.36,2104123.41
C0109,F010,1750,437.71,1094.28,1914984.83
C0109,F011,1750,373.01,932.52,1631907.47
C0109,F012,1750,438.31,1095.78,1917612.79
C0109,F013,1750,103.98,259.96,454929.5
C0109,F014,1750,486.63,1216.56,2128984.47
C0109,F015,1750,419.5,1048.75,1835304.85
C0109,F016,1750,429.44,1073.59,1878783.89
C0109,F017,1750,459.36,1148.39,2009689.12
C0109,F018,1750,461.99,1154.97,2021200.34
C0109,F019,1750,599.19,1497.99,2621476.16
C0109,F020,1750,378.0,945.0,1653746.25
C0110,F001,212,19.39,48.46,10274.42
C0110,F002,212,64.53,161.32,34200.62
C0110,F003,212,1351.84,3379.59,716473.77
C0110,F004,212,1311.87,3279.67,695289.03
C0110,F005,212,12.27,30.68,6503.43
C0110,F006,212,53.44,133.59,28321.02
C0110,F007,212,69.62,174.06,36900.81
C0110,F008,212,461.14,1152.86,244405.45
C0110,F009,212,487.38,1218.45,258311.42
C0110,F010,212,780.11,1950.28,413460.02
C0110,F011,212,84.52,211.31,44798.0
C0110,F012,212,19.77,49.44,10480.4
C0110,F013,212,358.43,896.08,189968.76
C0110,F014,212,33.1,82.76,17544.92
C0110,F015,212,772.24,1930.6,409287.85
C0110,F016,212,787.83,1969.56,417547.63
C0110,F017,212,504.48,1261.2,267373.68
C0110,F018,212,29.6,73.99,15686.56
C0110,F019,212,232.82,582.05,123395.37
C0110,F020,212,77.03,192.57,40825.43
C0111,F001,757,496.64,1241.61,939898.54
C0111,F002,757,530.23,1325.59,1003469.64
C0111,F003,757,1317.23,3293.07,2492853.44
C0111,F004,757,1282.6,3206.5,2427323.66
C0111,F005,757,487.02,1217.55,921684.43
C0111,F006,757,457.87,1144.68,866520.99
C0111,F007,757,449.73,1124.33,851121.27
C0111,F008,757,48.59,121.49,91965.62
C0111,F009,757,11.27,28.18,21330.87
C0111,F010,757,452.97,1132.42,857242.82
C0111,F011,757,460.48,1151.19,871454.14
C0111,F012,757,478.83,1197.08,906190.39
C0111,F013,757,466.57,1166.43,882984.15
C0111,F014,757,485.29,1213.22,918411.02
C0111,F015,757,459.63,1149.07,869846.27
C0111,F016,757,476.88,1192.21,902504.49
C0111,F017,757,41.24,103.09,78042.69
C0111,F018,757,505.94,1264.84,957482.21
C0111,F019,757,400.92,1002.3,758741.47
C0111,F020,757,445.8,1114.49,843670.01
C0112,F001,271,1021.05,2552.63,691761.67
C0112,F002,271,1016.96,2542.4,688991.53
C0112,F003,271,740.13,1850.33,501439.44
C0112,F004,271,719.14,1797.85,487216.12
C0112,F005,271,1016.72,2541.81,688829.41
C0112,F006,271,955.22,2388.05,647160.68
C0112,F007,271,939.1,2347.75,636240.37
C0112,F008,271,779.88,1949.7,528369.45
C0112,F009,271,733.32,1833.3,496824.91
C0112,F010,271,280.24,700.6,189862.77
C0112,F011,271,932.41,2331.02,631707.39
C0112,F012,271,991.67,2479.17,671854.3
C0112,F013,271,689.03,1722.58,466818.16
C0112,F014,271,1031.58,2578.96,698897.48
C0112,F015,271,271.7,679.25,184077.06
C0112,F016,271,254.5,636.26,172426.05
C0112,F017,271,692.22,1730.56,468981.93
C0112,F018,271,1019.32,2548.3,690589.53
C0112,F019,271,1069.21,2673.02,724387.12
C0112,F020,271,931.63,2329.07,631178.74
C0113,F001,553,416.48,1041.19,575778.19
C0113,F002,553,400.86,1002.14,554184.46
C0113,F003,553,972.73,2431.81,1344792.93
C0113,F004,553,933.99,2334.96,1291235.24
C0113,F005,553,414.78,1036.94,573429.95
C0113,F006,553,350.05,875.12,483943.35
C0113,F007,553,333.65,834.12,461268.17
C0113,F008,553,464.16,1160.4,641703.27
C0113,F009,553,448.85,1122.13,620539.75
C0113,F010,553,458.27,1145.68,633560.1
C0113,F011,553,321.87,804.68,444990.02
C0113,F012,553,386.74,966.84,534662.07
C0113,F013,553,64.83,162.07,89625.16
C0113,F014,553,434.45,1086.14,600632.72
C0113,F015,553,441.97,1104.92,611018.2
C0113,F016,553,453.42,1133.55,626852.34
C0113,F017,553,430.74,1076.86,595503.65
C0113,F018,553,411.0,1027.5,568207.59
C0113,F019,553,546.45,1366.12,755464.43
C0113,F020,553,326.16,815.41,450921.8
C0114,F001,627,583.27,1458.18,914278.75
C0114,F002,627,549.75,1374.38,861736.33
C0114,F003,627,777.82,1944.54,1219227.14
C0114,F004,627,737.58,1843.95,1156154.93
C0114,F005,627,585.21,1463.02,917313.73
C0114,F006,627,523.76,1309.4,820992.17
C0114,F007,627,509.14,1272.84,798073.21
C0114,F008,627,701.9,1754.76,1100233.03
C0114,F009,627,683.36,1708.4,1071169.0
C0114,F010,627,569.67,1424.17,892955.76
C0114,F011,627,491.49,1228.73,770412.43
C0114,F012,627,556.31,1390.78,872018.93
C0114,F013,627,239.64,599.1,375638.42
C0114,F014,627,608.64,1521.59,954037.75
C0114,F015,627,547.3,1368.25,857893.61
C0114,F016,627,552.04,1380.1,865324.9
C0114,F017,627,661.46,1653.64,1036832.06
C0114,F018,627,572.94,1432.35,898083.0
C0114,F019,627,759.96,1899.91,1191240.71
C0114,F020,627,502.66,1256.66,787923.06
C0115,F001,325,1325.36,3313.41,1076857.97
C0115,F002,325,1292.49,3231.22,1050146.88
C0115,F003,325,35.07,87.68,28495.1
C0115,F004,325,7.16,17.89,5815.09
C0115,F005,325,1326.88,3317.19,1078087.83
C0115,F006,325,1264.35,3160.88,1027286.7
C0115,F007,325,1249.21,3123.02,1014982.75
C0115,F008,325,1327.96,3319.89,1078964.62
C0115,F009,325,1292.22,3230.55,1049927.46
C0115,F010,325,924.5,2311.25,751155.01
C0115,F011,325,1232.41,3081.02,1001332.21
C0115,F012,325,1297.88,3244.71,1054530.35
C0115,F013,325,965.51,2413.77,784474.04
C0115,F014,325,1349.91,3374.77,1096801.14
C0115,F015,325,903.63,2259.08,734202.14
C0115,F016,325,892.43,2231.08,725099.67
C0115,F017,325,1256.78,3141.95,1021134.61
C0115,F018,325,1315.4,3288.49,1068759.3
C0115,F019,325,1484.62,3711.55,1206253.89
C0115,F020,325,1242.44,3106.09,1009480.18
C0116,F001,1237,22.61,56.52,69914.58
C0116,F002,1237,40.9,102.26,126498.05
C0116,F003,1237,1362.91,3407.27,4214791.33
C0116,F004,1237,1322.73,3306.82,4090540.85
C0116,F005,1237,32.9,82.25,101746.88
C0116,F006,1237,80.27,200.67,248234.62
C0116,F007,1237,96.21,240.52,297517.95
C0116,F008,1237,502.25,1255.63,1553209.19
C0116,F009,1237,528.69,1321.73,1634983.89
C0116,F010,1237,815.58,2038.96,2522195.42
C0116,F011,1237,104.49,261.23,323136.67
C0116,F012,1237,45.25,113.12,139925.16
C0116,F013,1237,377.37,943.43,1167024.98
C0116,F014,1237,47.3,118.26,146287.36
C0116,F015,1237,807.08,2017.71,2495905.36
C0116,F016,1237,822.44,2056.1,2543400.27
C0116,F017,1237,545.74,1364.35,1687704.62
C0116,F018,1237,16.05,40.14,49647.67
C0116,F019,1237,257.47,643.67,796217.79
C0116,F020,1237,103.66,259.14,320555.69
C0117,F001,391,1343.38,3358.44,1313150.89
C0117,F002,391,1310.53,3276.31,1281038.7
C0117,F003,391,17.03,42.57,16645.78
C0117,F004,391,23.86,59.65,23321.53
C0117,F005,391,1344.88,3362.2,1314622.1
C0117,F006,391,1282.34,3205.85,1253488.02
C0117,F007,391,1267.19,3167.97,1238678.17
C0117,F008,391,1344.43,3361.07,1314176.42
C0117,F009,391,1308.5,3271.25,1279058.93
C0117,F010,391,938.43,2346.08,917318.26
C0117,F011,391,1250.4,3126.01,1222268.98
C0117,F012,391,1315.89,3289.72,1286279.46
C0117,F013,391,983.39,2458.48,961264.3
C0117,F014,391,1367.91,3419.76,1337127.87
C0117,F015,391,917.73,2294.31,897076.41
C0117,F016,391,906.35,2265.89,885961.65
C0117,F017,391,1272.93,3182.33,1244292.5
C0117,F018,391,1333.42,3333.55,1303416.11
C0117,F019,391,1502.35,3755.88,1468548.99
C0117,F020,391,1260.41,3151.03,1232054.16
C0118,F001,339,81.71,204.27,69248.97
C0118,F002,339,81.71,204.27,69245.9
C0118,F003,339,1283.49,3208.72,1087754.61
C0118,F004,339,1243.58,3108.95,1053933.59
C0118,F005,339,80.34,200.84,68083.95
C0118,F006,339,15.86,39.66,13443.19
C0118,F007,339,5.68,14.19,4809.65
C0118,F008,339,445.55,1113.87,377603.22
C0118,F009,339,465.71,1164.27,394686.16
C0118,F010,339,724.57,1811.43,614075.1
C0118,F011,339,17.38,43.46,14733.19
C0118,F012,339,51.95,129.88,44027.65
C0118,F013,339,289.27,723.19,245160.07
C0118,F014,339,101.83,254.58,86304.07
C0118,F015,339,715.46,1788.66,606356.05
C0118,F016,339,730.62,1826.55,619199.16
C0118,F017,339,477.64,1194.11,404801.86
C0118,F018,339,77.7,194.25,65851.39
C0118,F019,339,277.52,693.81,235201.92
C0118,F020,339,10.83,27.09,9181.9
C0119,F001,622,121.29,303.23,188608.28
C0119,F002,622,79.44,198.59,123523.84
C0119,F003,622,1248.26,3120.64,1941040.07
C0119,F004,622,1207.97,3019.91,1878387.04
C0119,F005,622,126.78,316.95,197145.29
C0119,F006,622,87.54,218.85,136124.28
C0119,F007,622,84.94,212.35,132082.74
C0119,F008,622,517.47,1293.68,804665.89
C0119,F009,622,534.21,1335.52,830693.74
C0119,F010,622,754.75,1886.88,1173638.76
C0119,F011,622,67.24,168.11,104564.49
C0119,F012,622,101.98,254.95,158581.58
C0119,F013,622,276.04,690.09,429234.84
C0119,F014,622,151.34,378.35,235332.65
C0119,F015,622,743.41,1858.52,1155998.76
C0119,F016,622,757.61,1894.02,1178079.64
C0119,F017,622,542.72,1356.79,843926.11
C0119,F018,622,107.79,269.47,167609.76
C0119,F019,622,350.24,875.61,544630.75
C0119,F020,622,85.2,213.01,132490.45
C0120,F001,764,957.75,2394.38,1829307.51
C0120,F002,764,948.59,2371.47,1811803.84
C0120,F003,764,666.69,1666.73,1273379.1
C0120,F004,764,641.55,1603.87,1225354.7
C0120,F005,764,954.37,2385.93,1822848.72
C0120,F006,764,891.14,2227.85,1702078.86
C0120,F007,764,874.76,2186.91,1670800.25
C0120,F008,764,769.43,1923.57,1469608.78
C0120,F009,764,725.37,1813.43,1385462.39
C0120,F010,764,294.98,737.46,563418.42
C0120,F011,764,866.07,2165.18,1654197.56
C0120,F012,764,928.0,2320.0,1772477.85
C0120,F013,764,609.65,1524.13,1164433.03
C0120,F014,764,971.07,2427.67,1854737.24
C0120,F015,764,278.11,695.27,531189.66
C0120,F016,764,263.68,659.2,503627.09
C0120,F017,764,685.19,1712.97,1308710.74
C0120,F018,764,954.53,2386.31,1823143.17
C0120,F019,764,1029.24,2573.11,1965855.39
C0120,F020,764,867.21,2168.04,1656379.85
C0121,F001,412,412.34,1030.86,424714.93
C0121,F002,412,389.47,973.66,401149.96
C0121,F003,412,956.72,2391.81,985426.72
C0121,F004,412,917.31,2293.28,944831.78
C0121,F005,412,412.13,1030.33,424496.09
C0121,F006,412,347.75,869.37,358181.62
C0121,F007,412,331.83,829.57,341782.73
C0121,F008,412,514.88,1287.21,530329.87
C0121,F009,412,502.21,1255.52,517274.83
C0121,F010,412,508.32,1270.8,523569.38
C0121,F011,412,317.18,792.95,326695.13
C0121,F012,412,383.29,958.23,394792.07
C0121,F013,412,43.58,108.94,44883.83
C0121,F014,412,433.67,1084.17,446678.85
C0121,F015,412,490.83,1227.08,505558.45
C0121,F016,412,501.32,1253.31,516362.2
C0121,F017,412,485.92,1214.8,500499.26
C0121,F018,412,404.82,1012.04,416959.68
C0121,F019,412,565.94,1414.84,582915.97
C0121,F020,412,324.65,811.63,334392.22
C0122,F001,148,50.08,125.21,18530.4
C0122,F002,148,37.56,93.91,13898.07
C0122,F003,148,1311.0,3277.51,485071.5
C0122,F004,148,1270.89,3177.24,470231.11
C0122,F005,148,54.16,135.4,20038.64
C0122,F006,148,36.59,91.48,13538.94
C0122,F007,148,48.93,122.34,18105.63
C0122,F008,148,481.75,1204.38,178247.92
C0122,F009,148,504.16,1260.39,186538.17
C0122,F010,148,769.07,1922.68,284557.27
C0122,F011,148,52.01,130.02,19243.7
C0122,F012,148,29.41,73.53,10882.45
C0122,F013,148,323.69,809.23,119766.63
C0122,F014,148,78.77,196.92,29144.06
C0122,F015,148,759.82,1899.54,281132.55
C0122,F016,148,774.9,1937.26,286714.54
C0122,F017,148,517.79,1294.47,191581.42
C0122,F018,148,39.61,99.02,14654.74
C0122,F019,148,279.36,698.4,103363.34
C0122,F020,148,55.52,138.8,20542.56
C0123,F001,1156,1390.13,3475.31,4017463.17
C0123,F002,1156,1356.29,3390.73,3919681.99
C0123,F003,1156,43.23,108.07,124930.67
C0123,F004,1156,73.78,184.44,213210.01
C0123,F005,1156,1391.86,3479.65,4022480.31
C0123,F006,1156,1329.71,3324.29,3842875.6
C0123,F007,1156,1314.71,3286.78,3799523.04
C0123,F008,1156,1398.82,3497.04,4042577.7
C0123,F009,1156,1363.17,3407.93,3939561.86
C0123,F010,1156,994.14,2485.36,2873073.46
C0123,F011,1156,1297.65,3244.13,3750210.72
C0123,F012,1156,1362.9,3407.26,3938791.76
C0123,F013,1156,1032.34,2580.85,2983465.69
C0123,F014,1156,1415.07,3537.67,4089551.99
C0123,F015,1156,973.46,2433.65,2813294.8
C0123,F016,1156,962.06,2405.16,2780363.22
C0123,F017,1156,1327.77,3319.43,3837257.24
C0123,F018,1156,1379.89,3449.73,3987887.46
C0123,F019,1156,1552.53,3881.31,4486798.53
C0123,F020,1156,1308.02,3270.04,3780164.16
C0124,F001,1377,275.76,689.4,949308.86
C0124,F002,1377,318.03,795.07,1094808.29
C0124,F003,1377,1632.74,4081.84,5620692.68
C0124,F004,1377,1592.89,3982.22,5483523.77
C0124,F005,1377,272.72,681.81,938847.27
C0124,F006,1377,333.65,834.12,1148583.2
C0124,F007,1377,348.6,871.51,1200071.87
C0124,F008,1377,553.87,1384.67,1906688.45
C0124,F009,1377,596.6,1491.49,2053783.35
C0124,F010,1377,988.01,2470.02,3401222.47
C0124,F011,1377,365.84,914.6,1259402.93
C0124,F012,1377,301.36,753.39,1037417.91
C0124,F013,1377,634.92,1587.29,2185698.81
C0124,F014,1377,248.86,622.16,856714.85
C0124,F015,1377,985.25,2463.12,3391715.43
C0124,F016,1377,1002.12,2505.3,3449798.64
C0124,F017,1377,628.81,1572.03,2164685.16
C0124,F018,1377,287.9,719.75,991101.25
C0124,F019,1377,189.91,474.78,653770.39
C0124,F020,1377,355.35,888.36,1223277.09
C0125,F001,392,116.96,292.41,114623.53
C0125,F002,392,63.16,157.89,61893.82
C0125,F003,392,1287.02,3217.55,1261278.21
C0125,F004,392,1246.56,3116.41,1221630.9
C0125,F005,392,125.92,314.81,123404.56
C0125,F006,392,115.97,289.94,113654.64
C0125,F007,392,121.07,302.66,118644.48
C0125,F008,392,560.97,1402.42,549748.14
C0125,F009,392,580.62,1451.56,569009.71
C0125,F010,392,812.13,2030.32,795885.97
C0125,F011,392,109.83,274.57,107631.36
C0125,F012,392,111.35,278.37,109121.32
C0125,F013,392,328.83,822.08,322256.35
C0125,F014,392,147.67,369.17,144713.27
C0125,F015,392,800.8,2001.99,784780.68
C0125,F016,392,814.99,2037.47,798687.19
C0125,F017,392,591.42,1478.55,579591.46
C0125,F018,392,101.17,252.93,99149.02
C0125,F019,392,357.46,893.65,350311.0
C0125,F020,392,124.43,311.08,121942.25
C0126,F001,329,50.85,127.13,41826.15
C0126,F002,329,46.04,115.1,37868.88
C0126,F003,329,1309.54,3273.84,1077093.76
C0126,F004,329,1269.47,3173.68,1044141.88
C0126,F005,329,53.25,133.13,43799.65
C0126,F006,329,28.01,70.02,23037.58
C0126,F007,329,41.13,102.81,33825.48
C0126,F008,329,473.05,1182.63,389084.7
C0126,F009,329,495.42,1238.54,407481.26
C0126,F010,329,761.85,1904.63,626624.7
C0126,F011,329,46.58,116.46,38314.87
C0126,F012,329,25.79,64.48,21215.42
C0126,F013,329,320.23,800.58,263391.09
C0126,F014,329,77.58,193.95,63809.1
C0126,F015,329,752.75,1881.87,619134.66
C0126,F016,329,767.89,1919.73,631591.84
C0126,F017,329,509.07,1272.67,418709.3
C0126,F018,329,42.76,106.9,35169.29
C0126,F019,329,274.33,685.83,225638.85
C0126,F020,329,48.01,120.02,39487.95
C0127,F001,1320,43.95,109.88,145044.81
C0127,F002,1320,73.67,184.18,243112.91
C0127,F003,1320,1330.0,3325.01,4389007.19
C0127,F004,1320,1290.12,3225.29,4257384.03
C0127,F005,1320,38.45,96.13,126891.12
C0127,F006,1320,30.98,77.44,102220.15
C0127,F007,1320,45.88,114.7,151404.27
C0127,F008,1320,444.1,1110.26,1465542.49
C0127,F009,1320,468.65,1171.62,1546543.04
C0127,F010,1320,754.38,1885.94,2489445.48
C0127,F011,1320,63.43,158.59,209333.47
C0127,F012,1320,20.17,50.44,66575.36
C0127,F013,1320,334.58,836.46,1104130.16
C0127,F014,1320,56.43,141.08,186224.02
C0127,F015,1320,746.37,1865.93,2463024.03
C0127,F016,1320,761.92,1904.79,2514319.86
C0127,F017,1320,484.38,1210.96,1598464.18
C0127,F018,1320,48.31,120.77,159416.48
C0127,F019,1320,238.52,596.31,787128.13
C0127,F020,1320,52.9,132.26,174578.87
C0128,F001,379,508.16,1270.4,481483.42
C0128,F002,379,541.82,1354.56,513379.15
C0128,F003,379,1319.76,3299.41,1250475.13
C0128,F004,379,1285.32,3213.31,1217844.86
C0128,F005,379,498.53,1246.31,472353.1
C0128,F006,379,469.47,1173.67,444821.32
C0128,F007,379,461.33,1153.32,437107.41
C0128,F008,379,53.03,132.56,50241.66
C0128,F009,379,4.8,12.01,4550.81
C0128,F010,379,449.6,1123.99,425993.13
C0128,F011,379,472.05,1180.13,447267.73
C0128,F012,379,490.4,1226.01,464656.58
C0128,F013,379,475.73,1189.31,450750.24
C0128,F014,379,496.71,1241.77,470631.92
C0128,F015,379,456.83,1142.08,432847.53
C0128,F016,379,474.02,1185.06,449136.34
C0128,F017,379,36.36,90.91,34453.41
C0128,F018,379,517.48,1293.71,490315.75
C0128,F019,379,410.42,1026.06,388875.42
C0128,F020,379,457.38,1143.46,433371.53
C0129,F001,516,1294.05,3235.14,1669330.1
C0129,F002,516,1262.71,3156.79,1628901.91
C0129,F003,516,79.51,198.78,102568.6
C0129,F004,516,56.47,141.18,72850.76
C0129,F005,516,1295.21,3238.02,1670818.52
C0129,F006,516,1232.13,3080.32,1589442.88
C0129,F007,516,1216.76,3041.9,1569621.59
C0129,F008,516,1282.42,3206.06,1654327.12
C0129,F009,516,1245.93,3114.83,1607250.49
C0129,F010,516,872.39,2180.99,1125388.86
C0129,F011,516,1200.41,3001.04,1548535.15
C0129,F012,516,1266.18,3165.46,1633377.97
C0129,F013,516,931.07,2327.67,1201078.23
C0129,F014,516,1317.93,3294.83,1700131.06
C0129,F015,516,851.78,2129.46,1098800.41
C0129,F016,516,840.31,2100.78,1084003.23
C0129,F017,516,1210.01,3025.03,1560916.66
C0129,F018,516,1284.52,3211.3,1657031.25
C0129,F019,516,1447.61,3619.02,1867414.94
C0129,F020,516,1209.87,3024.68,1560734.3
C0130,F001,2301,34.22,85.55,196861.75
C0130,F002,2301,80.69,201.73,464181.4
C0130,F003,2301,1354.72,3386.8,7793026.23
C0130,F004,2301,1314.84,3287.11,7563639.19
C0130,F005,2301,24.47,61.16,140736.16
C0130,F006,2301,55.72,139.29,320511.47
C0130,F007,2301,70.55,176.37,405827.28
C0130,F008,2301,445.48,1113.69,2562602.18
C0130,F009,2301,472.23,1180.58,2716514.05
C0130,F010,2301,771.0,1927.49,4435155.43
C0130,F011,2301,88.14,220.34,507013.05
C0130,F012,2301,30.87,77.19,177606.64
C0130,F013,2301,358.82,897.05,2064105.89
C0130,F014,2301,33.66,84.14,193606.26
C0130,F015,2301,763.54,1908.86,4392278.91
C0130,F016,2301,779.27,1948.17,4482733.91
C0130,F017,2301,489.88,1224.7,2818044.25
C0130,F018,2301,46.07,115.17,265004.5
C0130,F019,2301,219.13,547.83,1260548.6
C0130,F020,2301,77.43,193.57,445404.08
C0131,F001,525,7.93,19.82,10406.09
C0131,F002,525,46.1,115.25,60506.85
C0131,F003,525,1354.47,3386.17,1777739.79
C0131,F004,525,1314.37,3285.94,1725117.14
C0131,F005,525,17.32,43.3,22734.49
C0131,F006,525,63.81,159.52,83748.53
C0131,F007,525,80.14,200.34,105178.75
C0131,F008,525,483.89,1209.74,635111.85
C0131,F009,525,509.97,1274.93,669338.3
C0131,F010,525,797.65,1994.12,1046913.77
C0131,F011,525,90.79,226.97,119160.37
C0131,F012,525,27.35,68.37,35894.37
C0131,F013,525,365.3,913.26,479461.81
C0131,F014,525,39.06,97.64,51262.18
C0131,F015,525,789.34,1973.36,1036012.11
C0131,F016,525,804.77,2011.93,1056265.57
C0131,F017,525,526.8,1316.99,691420.84
C0131,F018,525,8.07,20.16,10585.63
C0131,F019,525,248.41,621.02,326036.1
C0131,F020,525,87.68,219.21,115083.59
C0132,F001,484,81.53,203.82,98650.96
C0132,F002,484,66.94,167.35,80995.67
C0132,F003,484,1278.99,3197.48,1547579.86
C0132,F004,484,1238.95,3097.38,1499132.17
C0132,F005,484,83.07,207.67,100514.61
C0132,F006,484,29.69,74.23,35929.17
C0132,F007,484,28.35,70.88,34306.28
C0132,F008,484,467.8,1169.51,566043.64
C0132,F009,484,487.44,1218.61,589804.84
C0132,F010,484,737.93,1844.82,892894.87
C0132,F011,484,19.38,48.45,23451.64
C0132,F012,484,54.3,135.76,65707.25
C0132,F013,484,289.56,723.9,350367.24
C0132,F014,484,106.82,267.05,129252.32
C0132,F015,484,728.25,1820.62,881178.15
C0132,F016,484,743.17,1857.93,899238.46
C0132,F017,484,498.77,1246.93,603512.04
C0132,F018,484,73.34,183.34,88738.16
C0132,F019,484,294.5,736.25,356346.65
C0132,F020,484,31.18,77.94,37724.66
C0133,F001,130,98.11,245.27,31884.63
C0133,F002,130,89.99,224.97,29246.04
C0133,F003,130,1265.26,3163.16,411210.4
C0133,F004,130,1225.34,3063.34,398234.06
C0133,F005,130,97.63,244.07,31729.65
C0133,F006,130,34.17,85.42,11104.29
C0133,F007,130,20.91,52.27,6795.06
C0133,F008,130,449.32,1123.31,146029.68
C0133,F009,130,467.7,1169.26,152003.16
C0133,F010,130,714.79,1786.98,232307.12
C0133,F011,130,3.88,9.7,1261.07
C0133,F012,130,68.78,171.96,22355.09
C0133,F013,130,272.02,680.05,88406.0
C0133,F014,130,119.78,299.44,38927.06
C0133,F015,130,705.19,1762.98,229187.43
C0133,F016,130,720.16,1800.39,234051.31
C0133,F017,130,478.09,1195.21,155377.86
C0133,F018,130,92.37,230.93,30021.03
C0133,F019,130,294.45,736.13,95697.05
C0133,F020,130,17.21,43.03,5593.97
C0134,F001,368,476.44,1191.1,438325.16
C0134,F002,368,440.94,1102.34,405661.35
C0134,F003,368,887.02,2217.54,816053.82
C0134,F004,368,846.66,2116.64,778922.83
C0134,F005,368,478.96,1197.39,440639.98
C0134,F006,368,419.02,1047.54,385494.52
C0134,F007,368,405.04,1012.6,372636.23
C0134,F008,368,646.99,1617.47,595227.23
C0134,F009,368,635.2,1588.0,584382.7
C0134,F010,368,601.2,1502.99,553100.4
C0134,F011,368,386.56,966.41,355638.69
C0134,F012,368,450.28,1125.7,414257.43
C0134,F013,368,161.56,403.89,148631.64
C0134,F014,368,502.78,1256.96,462562.06
C0134,F015,368,580.98,1452.45,534500.26
C0134,F016,368,588.73,1471.83,541634.43
C0134,F017,368,618.97,1547.42,569451.15
C0134,F018,368,465.49,1163.73,428251.46
C0134,F019,368,664.0,1659.99,610877.98
C0134,F020,368,398.92,997.29,367001.9
C0135,F001,415,247.14,617.86,256411.63
C0135,F002,415,299.76,749.41,311005.54
C0135,F003,415,1562.84,3907.09,1621444.3
C0135,F004,415,1523.66,3809.14,1580793.53
C0135,F005,415,239.72,599.31,248711.85
C0135,F006,415,285.43,713.56,296129.43
C0135,F007,415,296.76,741.89,307886.29
C0135,F008,415,424.91,1062.27,440843.24
C0135,F009,415,468.17,1170.41,485721.66
C0135,F010,415,870.64,2176.59,903284.72
C0135,F011,415,316.96,792.4,328844.24
C0135,F012,415,263.14,657.85,273005.74
C0135,F013,415,563.38,1408.45,584505.55
C0135,F014,415,216.01,540.02,224108.22
C0135,F015,415,869.34,2173.35,901940.5
C0135,F016,415,886.45,2216.13,919694.22
C0135,F017,415,501.2,1253.01,519998.54
C0135,F018,415,262.57,656.42,272413.62
C0135,F019,415,62.02,155.05,64347.28
C0135,F020,415,301.83,754.57,313147.16
C0136,F001,1083,1331.68,3329.21,3605536.64
C0136,F002,1083,1299.32,3248.31,3517915.59
C0136,F003,1083,31.96,79.9,86530.68
C0136,F004,1083,23.65,59.13,64039.82
C0136,F005,1083,1333.07,3332.69,3609299.6
C0136,F006,1083,1270.35,3175.87,3439465.0
C0136,F007,1083,1255.12,3137.81,3398247.0
C0136,F008,1083,1328.25,3320.63,3596240.07
C0136,F009,1083,1292.09,3230.23,3498341.55
C0136,F010,1083,920.3,2300.74,2491704.18
C0136,F011,1083,1238.48,3096.2,3353183.88
C0136,F012,1083,1304.07,3260.17,3530760.08
C0136,F013,1083,970.65,2426.62,2628032.21
C0136,F014,1083,1356.0,3390.01,3671375.68
C0136,F015,1083,899.66,2249.16,2435835.78
C0136,F016,1083,888.22,2220.54,2404844.05
C0136,F017,1083,1256.38,3140.95,3401646.0
C0136,F018,1083,1321.86,3304.66,3578946.52
C0136,F019,1083,1488.85,3722.13,4031069.04
C0136,F020,1083,1248.31,3120.77,3379796.16
C0137,F001,460,1315.94,3289.86,1513336.43
C0137,F002,460,1281.59,3203.97,1473824.5
C0137,F003,460,65.53,163.83,75361.65
C0137,F004,460,40.84,102.1,46964.43
C0137,F005,460,1317.82,3294.55,1515493.2
C0137,F006,460,1255.94,3139.86,1444334.78
C0137,F007,460,1241.05,3102.62,1427205.64
C0137,F008,460,1335.54,3338.86,1535874.9
C0137,F009,460,1300.98,3252.44,1496121.32
C0137,F010,460,944.38,2360.96,1086039.4
C0137,F011,460,1223.81,3059.51,1407375.87
C0137,F012,460,1288.89,3222.23,1482226.36
C0137,F013,460,959.93,2399.83,1103920.45
C0137,F014,460,1341.14,3352.85,1542309.48
C0137,F015,460,922.96,2307.4,1061404.23
C0137,F016,460,912.4,2280.99,1049254.39
C0137,F017,460,1266.32,3165.79,1456263.24
C0137,F018,460,1305.55,3263.89,1501387.69
C0137,F019,460,1481.12,3702.81,1703290.59
C0137,F020,460,1234.41,3086.01,1419566.67
C0138,F001,686,538.76,1346.91,923981.48
C0138,F002,686,565.64,1414.1,970071.4
C0138,F003,686,1240.41,3101.02,2127300.2
C0138,F004,686,1206.58,3016.46,2069290.22
C0138,F005,686,529.89,1324.74,908768.4
C0138,F006,686,491.69,1229.23,843250.3
C0138,F007,686,481.17,1202.91,825198.43
C0138,F008,686,137.64,344.1,236049.59
C0138,F009,686,91.14,227.86,156310.15
C0138,F010,686,363.93,909.82,624136.73
C0138,F011,686,488.58,1221.45,837912.62
C0138,F012,686,517.43,1293.58,887398.21
C0138,F013,686,442.09,1105.22,758183.32
C0138,F014,686,531.9,1329.74,912205.05
C0138,F015,686,370.68,926.69,635708.58
C0138,F016,686,387.91,969.77,665263.76
C0138,F017,686,50.49,126.23,86595.07
C0138,F018,686,546.02,1365.04,936419.58
C0138,F019,686,474.64,1186.6,814008.82
C0138,F020,686,476.13,1190.33,816566.28
C0139,F001,317,111.78,279.45,88585.18
C0139,F002,317,127.53,318.82,101064.9
C0139,F003,317,1280.24,3200.59,1014586.55
C0139,F004,317,1240.66,3101.66,983226.51
C0139,F005,317,106.17,265.43,84142.21
C0139,F006,317,53.48,133.7,42384.45
C0139,F007,317,43.48,108.7,34457.43
C0139,F008,317,396.76,991.89,314429.28
C0139,F009,317,416.69,1041.72,330223.86
C0139,F010,317,686.53,1716.33,544077.17
C0139,F011,317,56.66,141.65,44903.57
C0139,F012,317,84.33,210.83,66833.57
C0139,F013,317,280.38,700.95,222201.29
C0139,F014,317,120.63,301.58,95601.67
C0139,F015,317,678.45,1696.13,537673.34
C0139,F016,317,693.99,1734.97,549984.85
C0139,F017,317,428.84,1072.1,339854.65
C0139,F018,317,113.77,284.43,90162.87
C0139,F019,317,256.47,641.18,203252.69
C0139,F020,317,39.95,99.88,31662.74
C0140,F001,685,508.62,1271.55,871011.2
C0140,F002,685,539.91,1349.79,924603.02
C0140,F003,685,1291.03,3227.58,2210894.94
C0140,F004,685,1256.65,3141.62,2152007.9
C0140,F005,685,499.24,1248.1,854947.04
C0140,F006,685,466.78,1166.94,799352.37
C0140,F007,685,457.76,1144.41,783920.92
C0140,F008,685,78.29,195.73,134077.42
C0140,F009,685,33.33,83.33,57082.45
C0140,F010,685,423.29,1058.23,724885.15
C0140,F011,685,467.38,1168.44,800380.03
C0140,F012,685,489.5,1223.76,838272.38
C0140,F013,685,455.85,1139.63,780646.27
C0140,F014,685,498.85,1247.12,854274.82
C0140,F015,685,429.93,1074.83,736256.06
C0140,F016,685,447.19,1117.96,765804.9
C0140,F017,685,15.49,38.73,26527.17
C0140,F018,685,517.21,1293.02,885719.28
C0140,F019,685,424.38,1060.95,726748.86
C0140,F020,685,453.43,1133.56,776490.85
C0141,F001,1365,28.9,72.24,98608.46
C0141,F002,1365,74.34,185.84,253676.38
C0141,F003,1365,1352.43,3381.08,4615180.84
C0141,F004,1365,1312.52,3281.31,4478983.28
C0141,F005,1365,19.83,49.57,67656.8
C0141,F006,1365,53.1,132.76,181216.08
C0141,F007,1365,68.55,171.38,233934.31
C0141,F008,1365,451.0,1127.5,1539037.5
C0141,F009,1365,477.46,1193.65,1629330.86
C0141,F010,1365,773.41,1933.53,2639267.13
C0141,F011,1365,85.26,213.16,290959.31
C0141,F012,1365,25.22,63.04,86049.38
C0141,F013,1365,357.39,893.47,1219593.28
C0141,F014,1365,33.66,84.16,114872.8
C0141,F015,1365,765.78,1914.45,2613222.1
C0141,F016,1365,781.45,1953.61,2666681.39
C0141,F017,1365,494.82,1237.04,1688557.29
C0141,F018,1365,39.96,99.9,136365.3
C0141,F019,1365,224.93,562.32,767572.24
C0141,F020,1365,75.67,189.17,258218.82
C0142,F001,396,1363.38,3408.46,1349749.69
C0142,F002,396,1328.08,3320.21,1314802.88
C0142,F003,396,78.85,197.14,78066.23
C0142,F004,396,82.76,206.9,81933.82
C0142,F005,396,1365.48,3413.71,1351829.96
C0142,F006,396,1304.04,3260.11,1291004.26
C0142,F007,396,1289.31,3223.27,1276415.93
C0142,F008,396,1390.26,3475.65,1376356.77
C0142,F009,396,1355.95,3389.87,1342387.54
C0142,F010,396,999.96,2499.91,989964.31
C0142,F011,396,1271.81,3179.53,1259092.22
C0142,F012,396,1336.62,3341.54,1323250.23
C0142,F013,396,1009.86,2524.66,999763.95
C0142,F014,396,1388.97,3472.42,1375077.29
C0142,F015,396,978.59,2446.48,968807.08
C0142,F016,396,967.97,2419.91,958285.65
C0142,F017,396,1321.44,3303.6,1308226.17
C0142,F018,396,1352.73,3381.83,1339203.37
C0142,F019,396,1531.8,3829.51,1516485.44
C0142,F020,396,1282.75,3206.87,1269920.79
C0143,F001,913,10.46,26.15,23874.16
C0143,F002,913,44.41,111.02,101357.81
C0143,F003,913,1357.55,3393.88,3098616.16
C0143,F004,913,1317.44,3293.59,3007047.41
C0143,F005,913,20.91,52.29,47736.28
C0143,F006,913,68.89,172.24,157250.66
C0143,F007,913,85.14,212.85,194327.69
C0143,F008,913,489.12,1222.81,1116423.33
C0143,F009,913,515.37,1288.41,1176320.87
C0143,F010,913,803.18,2007.95,1833258.08
C0143,F011,913,95.13,237.83,217141.24
C0143,F012,913,32.76,81.9,74770.86
C0143,F013,913,369.34,923.35,843023.11
C0143,F014,913,40.11,100.27,91542.84
C0143,F015,913,794.83,1987.08,1814207.48
C0143,F016,913,810.25,2025.62,1849394.14
C0143,F017,913,532.31,1330.76,1214988.2
C0143,F018,913,7.46,18.64,17021.8
C0143,F019,913,250.36,625.91,571453.4
C0143,F020,913,92.67,231.67,211513.56
C0144,F001,508,748.96,1872.39,951175.62
C0144,F002,508,753.81,1884.53,957342.66
C0144,F003,508,939.72,2349.31,1193449.48
C0144,F004,508,909.75,2274.38,1155384.92
C0144,F005,508,743.2,1858.0,943862.81
C0144,F006,508,685.87,1714.68,871055.47
C0144,F007,508,670.6,1676.5,851661.69
C0144,F008,508,476.97,1192.43,605754.61
C0144,F009,508,431.24,1078.1,547674.26
C0144,F010,508,55.37,138.42,70316.86
C0144,F011,508,667.66,1669.15,847927.6
C0144,F012,508,720.79,1801.97,915402.72
C0144,F013,508,467.43,1168.57,593632.55
C0144,F014,508,754.97,1887.43,958816.86
C0144,F015,508,41.35,103.38,52517.8
C0144,F016,508,56.99,142.48,72380.68
C0144,F017,508,390.42,976.04,495828.42
C0144,F018,508,749.74,1874.36,952174.1
C0144,F019,508,770.64,1926.6,978710.66
C0144,F020,508,663.46,1658.65,842595.74
C0145,F001,946,77.07,192.67,182261.82
C0145,F002,946,71.04,177.6,168010.52
C0145,F003,946,1284.88,3212.21,3038749.42
C0145,F004,946,1244.9,3112.26,2944199.32
C0145,F005,946,77.19,192.97,182547.12
C0145,F006,946,18.26,45.66,43190.24
C0145,F007,946,17.5,43.75,41389.64
C0145,F008,946,457.4,1143.49,1081744.19
C0145,F009,946,477.63,1194.08,1129601.65
C0145,F010,946,734.22,1835.56,1736435.14
C0145,F011,946,18.24,45.59,43130.91
C0145,F012,946,48.17,120.43,113928.64
C0145,F013,946,292.96,732.39,692839.2
C0145,F014,946,100.07,250.17,236658.66
C0145,F015,946,724.89,1812.23,1714366.43
C0145,F016,946,739.96,1849.89,1749997.09
C0145,F017,946,489.55,1223.87,1157784.63
C0145,F018,946,71.01,177.53,167946.51
C0145,F019,946,283.41,708.53,670270.87
C0145,F020,946,22.09,55.23,52245.99
C0146,F001,538,510.84,1277.1,687079.3
C0146,F002,538,546.88,1367.2,735555.09
C0146,F003,538,1350.42,3376.04,1816311.59
C0146,F004,538,1315.95,3289.87,1769951.81
C0146,F005,538,500.97,1252.42,673801.26
C0146,F006,538,475.59,1188.98,639669.43
C0146,F007,538,468.38,1170.95,629972.92
C0146,F008,538,34.63,86.58,46582.16
C0146,F009,538,26.45,66.14,35580.77
C0146,F010,538,477.35,1193.37,642034.48
C0146,F011,538,480.21,1200.51,645876.35
C0146,F012,538,494.57,1236.44,665203.23
C0146,F013,538,498.74,1246.84,670800.53
C0146,F014,538,497.64,1244.11,669331.57
C0146,F015,538,485.2,1213.0,652593.85
C0146,F016,538,502.31,1255.79,675612.47
C0146,F017,538,65.26,163.14,87768.03
C0146,F018,538,520.9,1302.26,700614.09
C0146,F019,538,398.62,996.56,536149.83
C0146,F020,538,464.86,1162.16,625239.66
C0147,F001,428,560.19,1400.48,599405.53
C0147,F002,428,594.87,1487.19,636515.88
C0147,F003,428,1342.4,3356.0,1436369.77
C0147,F004,428,1308.8,3272.01,1400418.3
C0147,F005,428,550.44,1376.09,588966.84
C0147,F006,428,522.85,1307.12,559447.76
C0147,F007,428,514.97,1287.43,551018.9
C0147,F008,428,86.62,216.54,92678.23
C0147,F009,428,54.91,137.28,58756.06
C0147,F010,428,447.7,1119.25,479038.43
C0147,F011,428,525.95,1314.89,562771.66
C0147,F012,428,543.09,1357.73,581106.77
C0147,F013,428,524.78,1311.94,561510.13
C0147,F014,428,547.82,1369.55,586166.9
C0147,F015,428,457.67,1144.17,489702.77
C0147,F016,428,474.4,1186.0,507609.16
C0147,F017,428,62.05,155.13,66394.32
C0147,F018,428,569.86,1424.65,609752.12
C0147,F019,428,450.28,1125.7,481800.09
C0147,F020,428,511.13,1277.83,546912.5
C0148,F001,1977,89.27,223.17,441206.98
C0148,F002,1977,102.62,256.54,507175.79
C0148,F003,1977,1289.6,3223.99,6373835.13
C0148,F004,1977,1249.86,3124.65,6177434.79
C0148,F005,1977,84.78,211.94,419005.4
C0148,F006,1977,28.57,71.41,141184.81
C0148,F007,1977,21.02,52.55,103896.86
C0148,F008,1977,419.55,1048.87,2073607.34
C0148,F009,1977,440.41,1101.03,2176734.57
C0148,F010,1977,709.79,1774.46,3508112.76
C0148,F011,1977,39.27,98.17,194078.81
C0148,F012,1977,60.69,151.74,299981.85
C0148,F013,1977,291.56,728.9,1441035.67
C0148,F014,1977,101.94,254.84,503826.54
C0148,F015,1977,701.39,1753.48,3466637.49
C0148,F016,1977,716.81,1792.04,3542854.53
C0148,F017,1977,453.16,1132.9,2239745.7
C0148,F018,1977,89.86,224.65,444129.52
C0148,F019,1977,258.44,646.11,1277357.36
C0148,F020,1977,20.85,52.13,103061.07
C0149,F001,1188,61.76,154.4,183423.62
C0149,F002,1188,84.64,211.61,251387.89
C0149,F003,1188,1315.34,3288.34,3906549.39
C0149,F004,1188,1275.52,3188.79,3788285.37
C0149,F005,1188,56.51,141.28,167837.8
C0149,F006,1188,21.75,54.38,64602.8
C0149,F007,1188,32.22,80.55,95695.59
C0149,F008,1188,432.47,1081.17,1284435.02
C0149,F009,1188,455.78,1139.44,1353657.26
C0149,F010,1188,736.55,1841.38,2187558.03
C0149,F011,1188,52.13,130.31,154812.52
C0149,F012,1188,35.11,87.78,104284.46
C0149,F013,1188,318.6,796.49,946229.08
C0149,F014,1188,73.5,183.76,218308.97
C0149,F015,1188,728.46,1821.16,2163536.04
C0149,F016,1188,743.98,1859.96,2209630.89
C0149,F017,1188,470.52,1176.3,1397449.79
C0149,F018,1188,64.53,161.34,191666.54
C0149,F019,1188,243.52,608.8,723259.44
C0149,F020,1188,38.24,95.61,113582.05
C0150,F001,1398,1354.51,3386.26,4733997.73
C0150,F002,1398,1320.47,3301.17,4615031.19
C0150,F003,1398,38.49,96.21,134505.26
C0150,F004,1398,45.83,114.58,160180.34
C0150,F005,1398,1356.3,3390.74,4740258.26
C0150,F006,1398,1294.26,3235.64,4523425.62
C0150,F007,1398,1279.3,3198.24,4471144.52
C0150,F008,1398,1367.85,3419.63,4780636.02
C0150,F009,1398,1332.67,3331.69,4657699.07
C0150,F010,1398,969.1,2422.74,3386994.85
C0150,F011,1398,1262.16,3155.4,4411255.27
C0150,F012,1398,1327.35,3318.38,4639089.85
C0150,F013,1398,997.42,2493.55,3485985.92
C0150,F014,1398,1379.55,3448.87,4821526.19
C0150,F015,1398,948.07,2370.18,3313512.66
C0150,F016,1398,937.04,2342.61,3274970.37
C0150,F017,1398,1297.6,3243.99,4535103.29
C0150,F018,1398,1344.21,3360.53,4698014.78
C0150,F019,1398,1518.05,3795.13,5305588.25
C0150,F020,1398,1272.62,3181.55,4447810.93
C0151,F001,1246,35.14,87.85,109462.76
C0151,F002,1246,76.67,191.67,238821.0
C0151,F003,1246,1346.34,3365.85,4193845.37
C0151,F004,1246,1306.45,3266.14,4069605.01
C0151,F005,1246,26.84,67.11,83619.4
C0151,F006,1246,47.23,118.08,147133.11
C0151,F007,1246,62.2,155.49,193737.8
C0151,F008,1246,445.71,1114.28,1388396.27
C0151,F009,1246,471.72,1179.29,1469398.44
C0151,F010,1246,765.91,1914.77,2385808.32
C0151,F011,1246,79.64,199.1,248083.45
C0151,F012,1246,24.39,60.97,75969.13
C0151,F013,1246,350.71,876.79,1092474.42
C0151,F014,1246,40.82,102.06,127168.14
C0151,F015,1246,758.25,1895.63,2361953.53
C0151,F016,1246,773.91,1934.78,2410730.49
C0151,F017,1246,488.71,1221.77,1522327.47
C0151,F018,1246,44.49,111.22,138574.18
C0151,F019,1246,226.18,565.44,704543.32
C0151,F020,1246,69.15,172.88,215409.95
C0152,F001,382,953.87,2384.67,910942.21
C0152,F002,382,945.09,2362.74,902565.19
C0152,F003,382,674.55,1686.37,644192.33
C0152,F004,382,649.35,1623.37,620126.93
C0152,F005,382,950.41,2376.03,907644.21
C0152,F006,382,887.29,2218.23,847362.23
C0152,F007,382,870.93,2177.32,831735.79
C0152,F008,382,762.62,1906.55,728303.43
C0152,F009,382,718.46,1796.15,686129.7
C0152,F010,382,287.21,718.04,274289.83
C0152,F011,382,862.39,2155.97,823579.29
C0152,F012,382,924.13,2310.33,882544.58
C0152,F013,382,606.97,1517.42,579653.04
C0152,F014,382,966.98,2417.45,923465.08
C0152,F015,382,270.45,676.12,258279.74
C0152,F016,382,255.95,639.88,244433.98
C0152,F017,382,678.23,1695.57,647708.02
C0152,F018,382,950.75,2376.88,907967.7
C0152,F019,382,1023.87,2559.67,977792.75
C0152,F020,382,863.38,2158.45,824528.56
C0153,F001,530,17.68,44.21,23428.67
C0153,F002,530,37.15,92.88,49224.64
C0153,F003,530,1353.59,3383.98,1793509.49
C0153,F004,530,1313.44,3283.61,1740312.43
C0153,F005,530,27.96,69.91,37050.53
C0153,F006,530,69.18,172.94,91657.91
C0153,F007,530,85.09,212.72,112741.72
C0153,F008,530,494.62,1236.56,655377.02
C0153,F009,530,520.45,1301.12,689592.67
C0153,F010,530,804.66,2011.64,1066168.26
C0153,F011,530,93.56,233.89,123963.14
C0153,F012,530,34.61,86.52,45857.95
C0153,F013,530,366.89,917.23,486131.58
C0153,F014,530,47.42,118.56,62836.43
C0153,F015,530,796.1,1990.25,1054832.85
C0153,F016,530,811.44,2028.6,1075159.48
C0153,F017,530,536.99,1342.47,711510.89
C0153,F018,530,5.12,12.8,6782.08
C0153,F019,530,257.76,644.39,341529.07
C0153,F020,530,92.54,231.34,122610.24
C0154,F001,352,779.26,1948.15,685748.41
C0154,F002,352,782.76,1956.9,688827.84
C0154,F003,352,913.45,2283.64,803839.74
C0154,F004,352,884.22,2210.55,778114.74
C0154,F005,352,773.71,1934.28,680866.63
C0154,F006,352,715.63,1789.09,629758.15
C0154,F007,352,700.2,1750.5,616174.87
C0154,F008,352,512.1,1280.25,450649.51
C0154,F009,352,466.22,1165.54,410269.21
C0154,F010,352,48.36,120.89,42552.58
C0154,F011,352,696.66,1741.66,613064.33
C0154,F012,352,750.86,1877.14,660754.45
C0154,F013,352,488.48,1221.21,429865.87
C0154,F014,352,785.98,1964.95,691661.22
C0154,F015,352,24.15,60.38,21253.35
C0154,F016,352,29.86,74.65,26278.03
C0154,F017,352,425.33,1063.32,374287.84
C0154,F018,352,779.66,1949.15,686102.21
C0154,F019,352,805.07,2012.67,708458.62
C0154,F020,352,692.99,1732.48,609833.13
C0155,F001,1244,973.67,2434.16,3028099.15
C0155,F002,1244,965.04,2412.6,3001275.22
C0155,F003,1244,670.29,1675.73,2084612.13
C0155,F004,1244,646.06,1615.15,2009244.75
C0155,F005,1244,970.18,2425.44,3017253.21
C0155,F006,1244,907.11,2267.77,2821102.28
C0155,F007,1244,890.75,2226.88,2770233.42
C0155,F008,1244,778.26,1945.65,2420391.34
C0155,F009,1244,733.77,1834.43,2282024.75
C0155,F010,1244,298.07,745.17,926992.56
C0155,F011,1244,882.27,2205.68,2743861.43
C0155,F012,1244,943.94,2359.85,2935648.13
C0155,F013,1244,627.02,1567.55,1950032.33
C0155,F014,1244,986.68,2466.69,3068564.13
C0155,F015,1244,282.36,705.9,878133.86
C0155,F016,1244,267.3,668.25,831297.27
C0155,F017,1244,693.38,1733.46,2156422.37
C0155,F018,1244,970.6,2426.5,3018564.74
C0155,F019,1244,1042.4,2606.0,3241862.72
C0155,F020,1244,883.2,2208.01,2746767.41
C0156,F001,2252,1285.58,3213.94,7237791.43
C0156,F002,2252,1251.99,3129.98,7048705.61
C0156,F003,2252,78.62,196.55,442626.7
C0156,F004,2252,38.7,96.75,217883.87
C0156,F005,2252,1287.27,3218.17,7247315.97
C0156,F006,2252,1225.06,3062.64,6897070.74
C0156,F007,2252,1210.04,3025.09,6812509.65
C0156,F008,2252,1298.88,3247.2,7312704.71
C0156,F009,2252,1264.05,3160.13,7116615.91
C0156,F010,2252,906.25,2265.63,5102201.33
C0156,F011,2252,1193.01,2982.52,6716643.91
C0156,F012,2252,1258.3,3145.75,7084239.75
C0156,F013,2252,927.65,2319.12,5222647.73
C0156,F014,2252,1310.45,3276.11,7377806.92
C0156,F015,2252,884.83,2212.08,4981593.17
C0156,F016,2252,874.27,2185.67,4922119.91
C0156,F017,2252,1229.23,3073.08,6920574.6
C0156,F018,2252,1275.4,3188.5,7180511.87
C0156,F019,2252,1448.04,3620.11,8152485.46
C0156,F020,2252,1203.33,3008.33,6774748.02
C0157,F001,743,105.39,263.48,195764.41
C0157,F002,743,98.97,247.44,183844.84
C0157,F003,743,1259.77,3149.42,2340022.02
C0157,F004,743,1219.89,3049.72,2265941.76
C0157,F005,743,104.33,260.82,193787.9
C0157,F006,743,39.83,99.58,73990.16
C0157,F007,743,24.46,61.16,45440.92
C0157,F008,743,442.48,1106.19,821900.77
C0157,F009,743,460.31,1150.78,855030.2
C0157,F010,743,705.8,1764.5,1311021.85
C0157,F011,743,12.89,32.21,23935.59
C0157,F012,743,75.77,189.43,140747.94
C0157,F013,743,265.25,663.12,492697.45
C0157,F014,743,125.82,314.56,233715.73
C0157,F015,743,696.22,1740.56,1293236.93
C0157,F016,743,711.2,1778.01,1321058.57
C0157,F017,743,470.28,1175.71,873552.41
C0157,F018,743,100.37,250.92,186436.64
C0157,F019,743,295.23,738.08,548393.53
C0157,F020,743,18.32,45.8,34031.65
C0158,F001,641,512.97,1282.42,822031.11
C0158,F002,641,548.2,1370.51,878496.69
C0158,F003,641,1340.42,3351.05,2148023.27
C0158,F004,641,1306.01,3265.04,2092888.81
C0158,F005,641,503.17,1257.93,806333.16
C0158,F006,641,476.51,1191.28,763610.18
C0158,F007,641,468.97,1172.43,751525.02
C0158,F008,641,41.81,104.53,67005.56
C0158,F009,641,17.05,42.62,27317.25
C0158,F010,641,466.75,1166.87,747963.34
C0158,F011,641,480.41,1201.02,769853.84
C0158,F012,641,496.18,1240.46,795134.41
C0158,F013,641,493.14,1232.86,790260.65
C0158,F014,641,500.36,1250.89,801821.16
C0158,F015,641,474.55,1186.37,760463.92
C0158,F016,641,491.67,1229.17,787898.31
C0158,F017,641,54.59,136.49,87487.37
C0158,F018,641,522.78,1306.95,837757.37
C0158,F019,641,405.32,1013.29,649521.43
C0158,F020,641,465.3,1163.25,745641.94
C0159,F001,582,76.82,192.06,111777.25
C0159,F002,582,126.13,315.34,183525.06
C0159,F003,582,1372.53,3431.32,1997029.2
C0159,F004,582,1332.92,3332.31,1939401.53
C0159,F005,582,66.32,165.8,96493.49
C0159,F006,582,87.01,217.52,126593.9
C0159,F007,582,97.06,242.65,141219.8
C0159,F008,582,407.12,1017.79,592354.9
C0159,F009,582,436.21,1090.53,634691.08
C0159,F010,582,755.8,1889.5,1099688.78
C0159,F011,582,117.51,293.78,170980.03
C0159,F012,582,74.81,187.03,108852.27
C0159,F013,582,372.79,931.97,542408.76
C0159,F014,582,58.57,146.43,85223.62
C0159,F015,582,749.68,1874.19,1090777.13
C0159,F016,582,765.8,1914.51,1114242.12
C0159,F017,582,456.17,1140.42,663723.28
C0159,F018,582,90.63,226.58,131870.99
C0159,F019,582,178.37,445.92,259526.9
C0159,F020,582,101.94,254.84,148318.62
C0160,F001,1066,425.44,1063.59,1133787.92
C0160,F002,1066,407.06,1017.65,1084811.49
C0160,F003,1066,955.84,2389.59,2547306.64
C0160,F004,1066,916.89,2292.23,2443512.48
C0160,F005,1066,424.27,1060.68,1130687.93
C0160,F006,1066,359.49,898.72,958040.53
C0160,F007,1066,343.2,858.01,914640.75
C0160,F008,1066,487.61,1219.04,1299492.52
C0160,F009,1066,472.32,1180.8,1258736.64
C0160,F010,1066,469.53,1173.81,1251285.86
C0160,F011,1066,330.34,825.85,880358.95
C0160,F012,1066,395.87,989.68,1054999.15
C0160,F013,1066,60.9,152.24,162291.57
C0160,F014,1066,444.66,1111.65,1185018.89
C0160,F015,1066,452.41,1131.02,1205670.4
C0160,F016,1066,463.23,1158.08,1234518.57
C0160,F017,1066,454.05,1135.13,1210048.03
C0160,F018,1066,419.19,1047.98,1117147.83
C0160,F019,1066,563.43,1408.58,1501549.43
C0160,F020,1066,335.8,839.51,894918.28
C0161,F001,782,1304.08,3260.19,2549471.6
C0161,F002,782,1271.25,3178.12,2485290.42
C0161,F003,782,56.31,140.79,110095.2
C0161,F004,782,17.34,43.35,33900.84
C0161,F005,782,1305.58,3263.96,2552416.06
C0161,F006,782,1243.05,3107.62,2430161.94
C0161,F007,782,1227.9,3069.76,2400551.39
C0161,F008,782,1307.73,3269.33,2556613.23
C0161,F009,782,1272.17,3180.42,2487090.07
C0161,F010,782,906.86,2267.14,1772903.56
C0161,F011,782,1211.11,3027.77,2367717.3
C0161,F012,782,1276.59,3191.47,2495731.39
C0161,F013,782,944.2,2360.51,1845919.02
C0161,F014,782,1328.61,3321.53,2597432.92
C0161,F015,782,885.83,2214.57,1731793.42
C0161,F016,782,874.8,2187.01,1710242.53
C0161,F017,782,1236.86,3092.14,2418052.22
C0161,F018,782,1294.12,3235.3,2530005.87
C0161,F019,782,1463.38,3658.45,2860909.53
C0161,F020,782,1221.13,3052.82,2387309.0
C0162,F001,477,1312.62,3281.54,1565295.4
C0162,F002,477,1281.95,3204.88,1528727.5
C0162,F003,477,80.3,200.75,95755.55
C0162,F004,477,70.86,177.15,84501.59
C0162,F005,477,1313.61,3284.02,1566479.06
C0162,F006,477,1250.3,3125.75,1490982.57
C0162,F007,477,1234.84,3087.1,1472545.42
C0162,F008,477,1292.41,3231.03,1541201.58
C0162,F009,477,1255.29,3138.22,1496928.78
C0162,F010,477,875.28,2188.2,1043773.46
C0162,F011,477,1218.71,3046.77,1453309.97
C0162,F012,477,1284.58,3211.46,1531865.97
C0162,F013,477,948.36,2370.9,1130917.57
C0162,F014,477,1336.18,3340.46,1593399.17
C0162,F015,477,855.09,2137.72,1019693.0
C0162,F016,477,843.2,2108.01,1005520.22
C0162,F017,477,1218.96,3047.39,1453604.43
C0162,F018,477,1303.28,3258.19,1554158.17
C0162,F019,477,1463.29,3658.22,1744972.64
C0162,F020,477,1227.9,3069.75,1464268.85
C0163,F001,3463,244.06,610.15,2112933.5
C0163,F002,3463,274.92,687.3,2380131.41
C0163,F003,3463,1602.15,4005.38,13870621.22
C0163,F004,3463,1561.93,3904.83,13522426.85
C0163,F005,3463,244.38,610.96,2115745.27
C0163,F006,3463,309.09,772.71,2675908.04
C0163,F007,3463,325.31,813.27,2816353.52
C0163,F008,3463,603.43,1508.58,5224207.92
C0163,F009,3463,643.0,1607.51,5566805.7
C0163,F010,3463,1008.13,2520.31,8727846.16
C0163,F011,3463,339.18,847.96,2936477.94
C0163,F012,3463,273.1,682.75,2364362.46
C0163,F013,3463,613.89,1534.74,5314793.13
C0163,F014,3463,223.98,559.94,1939069.16
C0163,F015,3463,1003.26,2508.15,8685727.49
C0163,F016,3463,1019.69,2549.21,8827929.14
C0163,F017,3463,671.89,1679.72,5816854.18
C0163,F018,3463,252.51,631.27,2186080.66
C0163,F019,3463,245.57,613.93,2126027.0
C0163,F020,3463,332.69,831.72,2880262.27
C0164,F001,503,508.29,1270.73,639178.61
C0164,F002,503,541.19,1352.99,680551.57
C0164,F003,503,1310.4,3275.99,1647825.45
C0164,F004,503,1275.98,3189.95,1604543.61
C0164,F005,503,498.74,1246.84,627161.76
C0164,F006,503,468.56,1171.39,589209.55
C0164,F007,503,460.13,1150.32,578611.17
C0164,F008,503,61.01,152.52,76716.27
C0164,F009,503,13.99,34.97,17591.69
C0164,F010,503,440.91,1102.27,554440.97
C0164,F011,503,470.49,1176.23,591646.04
C0164,F012,503,490.08,1225.21,616280.3
C0164,F013,503,469.25,1173.13,590083.17
C0164,F014,503,497.39,1243.46,625462.18
C0164,F015,503,447.96,1119.91,563314.29
C0164,F016,503,465.17,1162.94,584957.55
C0164,F017,503,27.94,69.86,35139.65
C0164,F018,503,517.38,1293.45,650603.63
C0164,F019,503,414.95,1037.38,521802.74
C0164,F020,503,456.05,1140.14,573488.78
C0165,F001,572,786.07,1965.18,1124085.36
C0165,F002,572,784.95,1962.38,1122482.22
C0165,F003,572,848.29,2120.72,1213054.37
C0165,F004,572,818.56,2046.41,1170546.75
C0165,F005,572,781.31,1953.28,1117275.23
C0165,F006,572,720.9,1802.24,1030879.99
C0165,F007,572,704.99,1762.47,1008134.85
C0165,F008,572,557.81,1394.52,797668.01
C0165,F009,572,513.57,1283.93,734406.09
C0165,F010,572,112.86,282.14,161384.46
C0165,F011,572,699.51,1748.78,1000303.92
C0165,F012,572,756.98,1892.45,1082482.11
C0165,F013,572,472.04,1180.09,675013.39
C0165,F014,572,795.35,1988.37,1137349.69
C0165,F015,572,88.96,222.4,127214.08
C0165,F016,572,84.12,210.31,120295.57
C0165,F017,572,473.37,1183.43,676921.87
C0165,F018,572,785.12,1962.81,1122725.3
C0165,F019,572,831.28,2078.19,1188724.24
C0165,F020,572,697.6,1743.99,997564.34
C0166,F001,1968,33.18,82.96,163269.98
C0166,F002,1968,34.32,85.8,168855.24
C0166,F003,1968,1360.4,3401.0,6693171.53
C0166,F004,1968,1320.17,3300.43,6495252.56
C0166,F005,1968,43.62,109.06,214632.88
C0166,F006,1968,85.23,213.08,419339.51
C0166,F007,1968,100.62,251.54,495027.32
C0166,F008,1968,512.34,1280.86,2520724.08
C0166,F009,1968,538.41,1346.01,2648955.17
C0166,F010,1968,821.19,2052.97,4040242.11
C0166,F011,1968,106.9,267.26,525959.45
C0166,F012,1968,52.28,130.7,257213.72
C0166,F013,1968,377.61,944.02,1857835.34
C0166,F014,1968,58.09,145.23,285819.92
C0166,F015,1968,812.42,2031.04,3997092.57
C0166,F016,1968,827.68,2069.19,4072166.17
C0166,F017,1968,555.07,1387.67,2730927.02
C0166,F018,1968,23.06,57.66,113471.12
C0166,F019,1968,267.87,669.68,1317934.29
C0166,F020,1968,107.9,269.75,530872.11
C0167,F001,662,102.63,256.58,169856.59
C0167,F002,662,103.0,257.49,170457.04
C0167,F003,662,1267.0,3167.51,2096891.32
C0167,F004,662,1227.19,3067.98,2031003.52
C0167,F005,662,100.31,250.79,166019.88
C0167,F006,662,35.87,89.67,59363.37
C0167,F007,662,19.44,48.6,32173.53
C0167,F008,662,431.35,1078.38,713885.5
C0167,F009,662,449.9,1124.76,744591.18
C0167,F010,662,702.6,1756.5,1162800.2
C0167,F011,662,21.17,52.92,35031.88
C0167,F012,662,72.79,181.98,120472.46
C0167,F013,662,270.58,676.46,447817.63
C0167,F014,662,120.4,301.0,199264.59
C0167,F015,662,693.43,1733.57,1147624.65
C0167,F016,662,708.57,1771.41,1172675.71
C0167,F017,662,460.58,1151.45,762258.22
C0167,F018,662,99.53,248.82,164717.97
C0167,F019,662,283.53,708.83,469246.71
C0167,F020,662,11.89,29.72,19672.24
C0168,F001,1045,569.84,1424.59,1488694.83
C0168,F002,1045,599.62,1499.05,1566504.54
C0168,F003,1045,1278.52,3196.31,3340139.38
C0168,F004,1045,1245.25,3113.13,3253215.82
C0168,F005,1045,560.6,1401.5,1464572.06
C0168,F006,1045,526.07,1315.16,1374347.13
C0168,F007,1045,516.41,1291.04,1349132.07
C0168,F008,1045,129.4,323.5,338060.44
C0168,F009,1045,81.76,204.4,213602.93
C0168,F010,1045,382.45,956.11,999139.39
C0168,F011,1045,525.07,1312.68,1371752.21
C0168,F012,1045,549.96,1374.9,1436774.09
C0168,F013,1045,490.07,1225.17,1280303.15
C0168,F014,1045,560.88,1402.2,1465295.65
C0168,F015,1045,391.89,979.73,1023818.79
C0168,F016,1045,408.72,1021.8,1067778.0
C0168,F017,1045,47.89,119.73,125114.55
C0168,F018,1045,578.0,1445.0,1510027.34
C0168,F019,1045,486.49,1216.22,1270954.38
C0168,F020,1045,511.77,1279.42,1336997.28
C0169,F001,395,1334.44,3336.1,1317757.67
C0169,F002,395,1302.84,3257.09,1286551.31
C0169,F003,395,45.44,113.61,44874.1
C0169,F004,395,45.88,114.71,45310.45
C0169,F005,395,1335.65,3339.12,1318951.29
C0169,F006,395,1272.64,3181.6,1256732.75
C0169,F007,395,1257.3,3143.26,1241588.56
C0169,F008,395,1322.61,3306.52,1306074.54
C0169,F009,395,1285.9,3214.75,1269826.94
C0169,F010,395,909.0,2272.5,897638.34
C0169,F011,395,1240.89,3102.23,1225382.56
C0169,F012,395,1306.63,3266.56,1290292.6
C0169,F013,395,971.83,2429.56,959677.46
C0169,F014,395,1358.42,3396.04,1341436.42
C0169,F015,395,888.66,2221.66,877554.67
C0169,F016,395,876.92,2192.29,865956.4
C0169,F017,395,1249.83,3124.58,1234208.44
C0169,F018,395,1324.83,3312.09,1308273.89
C0169,F019,395,1488.57,3721.42,1469962.77
C0169,F020,395,1250.43,3126.08,1234800.38
C0170,F001,691,431.94,1079.84,746169.95
C0170,F002,691,405.85,1014.62,701099.29
C0170,F003,691,932.25,2330.62,1610458.27
C0170,F004,691,892.61,2231.53,1541984.45
C0170,F005,691,432.37,1080.93,746923.17
C0170,F006,691,368.6,921.51,636763.41
C0170,F007,691,353.02,882.56,609848.22
C0170,F008,691,547.49,1368.73,945794.63
C0170,F009,691,534.39,1335.98,923159.98
C0170,F010,691,523.11,1307.77,903666.25
C0170,F011,691,337.3,843.25,582688.85
C0170,F012,691,403.38,1008.46,696843.9
C0170,F013,691,71.38,178.44,123302.66
C0170,F014,691,454.57,1136.44,785276.98
C0170,F015,691,504.66,1261.65,871802.9
C0170,F016,691,514.3,1285.76,888457.8
C0170,F017,691,517.55,1293.88,894073.83
C0170,F018,691,423.54,1058.85,731662.54
C0170,F019,691,593.71,1484.27,1025627.55
C0170,F020,691,346.04,865.11,597788.59
C0171,F001,617,83.17,207.93,128291.72
C0171,F002,617,99.64,249.1,153695.66
C0171,F003,617,1296.9,3242.25,2000469.93
C0171,F004,617,1257.16,3142.9,1939167.02
C0171,F005,617,78.26,195.65,120714.44
C0171,F006,617,26.26,65.64,40501.29
C0171,F007,617,23.36,58.39,36026.83
C0171,F008,617,420.31,1050.77,648323.8
C0171,F009,617,441.91,1104.76,681639.4
C0171,F010,617,715.39,1788.47,1103486.2
C0171,F011,617,43.31,108.27,66801.55
C0171,F012,617,55.2,138.01,85153.02
C0171,F013,617,298.91,747.26,461062.01
C0171,F014,617,94.88,237.19,146346.81
C0171,F015,617,707.15,1767.87,1090774.98
C0171,F016,617,722.62,1806.55,1114641.11
C0171,F017,617,455.28,1138.19,702263.05
C0171,F018,617,84.61,211.51,130504.06
C0171,F019,617,252.54,631.34,389539.33
C0171,F020,617,25.34,63.35,39088.22
C0172,F001,467,56.18,140.46,65595.18
C0172,F002,467,56.05,140.13,65442.68
C0172,F003,467,1305.03,3262.56,1523617.1
C0172,F004,467,1265.01,3162.53,1476901.9
C0172,F005,467,56.86,142.16,66387.88
C0172,F006,467,18.03,45.07,21046.16
C0172,F007,467,31.37,78.42,36621.93
C0172,F008,467,463.82,1159.55,541509.5
C0172,F009,467,485.87,1214.67,567252.83
C0172,F010,467,752.26,1880.65,878264.6
C0172,F011,467,39.2,98.0,45767.82
C0172,F012,467,27.93,69.82,32605.71
C0172,F013,467,313.87,784.67,366441.85
C0172,F014,467,80.4,201.0,93866.26
C0172,F015,467,743.25,1858.12,867742.23
C0172,F016,467,758.43,1896.08,885468.71
C0172,F017,467,499.31,1248.27,582941.05
C0172,F018,467,50.27,125.67,58688.98
C0172,F019,467,271.57,678.93,317061.3
C0172,F020,467,38.45,96.13,44892.77
C0173,F001,172,1353.83,3384.58,582147.4
C0173,F002,172,1317.84,3294.6,566671.96
C0173,F003,172,101.55,253.89,43668.51
C0173,F004,172,98.78,246.94,42473.28
C0173,F005,172,1356.11,3390.27,583125.89
C0173,F006,172,1295.03,3237.59,556864.67
C0173,F007,172,1280.43,3201.08,550586.09
C0173,F008,172,1389.19,3472.98,597352.89
C0173,F009,172,1355.51,3388.76,582867.24
C0173,F010,172,1005.6,2514.0,432408.44
C0173,F011,172,1262.73,3156.84,542975.77
C0173,F012,172,1327.29,3318.24,570736.58
C0173,F013,172,1002.57,2506.42,431105.02
C0173,F014,172,1379.71,3449.27,593275.23
C0173,F015,172,983.95,2459.88,423098.76
C0173,F016,172,973.67,2434.17,418677.87
C0173,F017,172,1321.42,3303.56,568211.98
C0173,F018,172,1342.98,3357.45,577482.15
C0173,F019,172,1525.04,3812.6,655767.54
C0173,F020,172,1273.94,3184.85,547794.77
C0174,F001,522,1360.68,3401.71,1775691.27
C0174,F002,522,1328.66,3321.66,1733907.44
C0174,F003,522,25.31,63.28,33032.34
C0174,F004,522,51.45,128.63,67142.36
C0174,F005,522,1361.99,3404.97,1777392.1
C0174,F006,522,1299.12,3247.8,1695351.43
C0174,F007,522,1283.84,3209.6,1675410.54
C0174,F008,522,1351.48,3378.71,1763687.57
C0174,F009,522,1314.82,3287.05,1715842.41
C0174,F010,522,937.48,2343.69,1223407.82
C0174,F011,522,1267.31,3168.28,1653840.23
C0174,F012,522,1332.97,3332.43,1739526.63
C0174,F013,522,998.82,2497.05,1303458.42
C0174,F014,522,1384.84,3462.09,1807213.38
C0174,F015,522,917.21,2293.04,1196964.37
C0174,F016,522,905.4,2263.49,1181542.43
C0174,F017,522,1278.77,3196.93,1668797.0
C0174,F018,522,1350.96,3377.41,1763007.02
C0174,F019,522,1516.19,3790.46,1978621.69
C0174,F020,522,1276.99,3192.49,1666477.88
C0175,F001,1143,425.33,1063.31,1215368.05
C0175,F002,1143,408.92,1022.31,1168502.19
C0175,F003,1143,962.28,2405.71,2749724.74
C0175,F004,1143,923.53,2308.81,2638974.87
C0175,F005,1143,423.77,1059.41,1210911.18
C0175,F006,1143,359.0,897.51,1025855.01
C0175,F007,1143,342.63,856.57,979056.17
C0175,F008,1143,473.09,1182.71,1351840.61
C0175,F009,1143,457.18,1142.94,1306380.19
C0175,F010,1143,456.85,1142.12,1305441.61
C0175,F011,1143,330.56,826.4,944571.24
C0175,F012,1143,395.62,989.06,1130493.63
C0175,F013,1143,68.43,171.08,195548.47
C0175,F014,1143,443.63,1109.06,1267659.79
C0175,F015,1143,440.13,1100.32,1257662.34
C0175,F016,1143,451.27,1128.18,1289510.01
C0175,F017,1143,438.5,1096.25,1253016.96
C0175,F018,1143,419.64,1049.1,1199125.85
C0175,F019,1143,556.87,1392.17,1591249.01
C0175,F020,1143,335.16,837.9,957723.97
C0176,F001,1520,589.02,1472.56,2238293.99
C0176,F002,1520,621.29,1553.22,2360899.02
C0176,F003,1520,1314.55,3286.38,4995304.76
C0176,F004,1520,1281.56,3203.9,4869933.98
C0176,F005,1520,579.51,1448.77,2202133.23
C0176,F006,1520,548.34,1370.85,2083694.61
C0176,F007,1520,539.51,1348.77,2050127.47
C0176,F008,1520,126.24,315.59,479693.45
C0176,F009,1520,85.11,212.77,323408.7
C0176,F010,1520,408.7,1021.74,1553045.34
C0176,F011,1520,549.26,1373.14,2087179.3
C0176,F012,1520,570.51,1426.27,2167928.09
C0176,F013,1520,526.53,1316.31,2000795.46
C0176,F014,1520,578.28,1445.71,2197477.47
C0176,F015,1520,419.71,1049.27,1594897.55
C0176,F016,1520,436.19,1090.48,1657527.16
C0176,F017,1520,68.26,170.65,259391.15
C0176,F018,1520,597.96,1494.91,2272262.77
C0176,F019,1520,489.99,1224.98,1861962.35
C0176,F020,1520,535.23,1338.07,2033869.03
C0177,F001,709,97.5,243.75,172822.23
C0177,F002,709,85.11,212.77,150857.17
C0177,F003,709,1264.17,3160.43,2240742.05
C0177,F004,709,1224.19,3060.49,2169884.86
C0177,F005,709,97.88,244.71,173500.52
C0177,F006,709,36.73,91.83,65107.89
C0177,F007,709,26.19,65.46,46414.41
C0177,F008,709,457.29,1143.22,810543.2
C0177,F009,709,475.56,1188.89,842924.58
C0177,F010,709,720.0,1799.99,1276192.1
C0177,F011,709,5.7,14.25,10100.25
C0177,F012,709,68.86,172.15,122057.39
C0177,F013,709,272.64,681.59,483248.73
C0177,F014,709,120.76,301.9,214047.89
C0177,F015,709,710.2,1775.51,1258834.61
C0177,F016,709,725.09,1812.72,1285221.06
C0177,F017,709,485.79,1214.46,861054.25
C0177,F018,709,90.56,226.39,160513.91
C0177,F019,709,299.83,749.57,531447.67
C0177,F020,709,24.12,60.3,42749.55
C0178,F001,1057,93.15,232.87,246147.28
C0178,F002,1057,65.77,164.44,173810.34
C0178,F003,1057,1268.17,3170.43,3351140.61
C0178,F004,1057,1228.04,3070.09,3245086.17
C0178,F005,1057,96.54,241.36,255117.75
C0178,F006,1057,49.88,124.7,131812.02
C0178,F007,1057,47.82,119.56,126370.28
C0178,F008,1057,485.11,1212.78,1281908.92
C0178,F009,1057,503.69,1259.23,1331008.59
C0178,F010,1057,743.55,1858.88,1964832.48
C0178,F011,1057,32.67,81.68,86335.73
C0178,F012,1057,69.1,172.76,182609.42
C0178,F013,1057,283.73,709.33,749765.13
C0178,F014,1057,120.99,302.47,319713.89
C0178,F015,1057,733.27,1833.18,1937670.59
C0178,F016,1057,747.95,1869.88,1976458.09
C0178,F017,1057,513.99,1284.99,1358229.33
C0178,F018,1057,82.27,205.68,217408.61
C0178,F019,1057,313.89,784.73,829454.37
C0178,F020,1057,49.14,122.85,129855.38
C0179,F001,774,66.82,167.06,129303.27
C0179,F002,774,27.82,69.55,53830.28
C0179,F003,774,1301.69,3254.23,2518774.02
C0179,F004,774,1261.47,3153.67,2440939.85
C0179,F005,774,73.47,183.68,142170.9
C0179,F006,774,57.71,144.27,111661.54
C0179,F007,774,66.11,165.27,127919.37
C0179,F008,774,504.19,1260.49,975615.57
C0179,F009,774,525.57,1313.94,1016986.39
C0179,F010,774,779.45,1948.61,1508227.49
C0179,F011,774,61.51,153.78,119028.14
C0179,F012,774,53.1,132.76,102756.95
C0179,F013,774,321.09,802.73,621313.35
C0179,F014,774,97.6,244.0,188855.85
C0179,F015,774,769.52,1923.8,1489024.35
C0179,F016,774,784.34,1960.85,1517696.16
C0179,F017,774,538.18,1345.45,1041375.19
C0179,F018,774,52.62,131.55,101819.1
C0179,F019,774,302.7,756.75,585723.02
C0179,F020,774,71.21,178.04,137800.57
C0180,F001,992,502.33,1255.83,1245783.22
C0180,F002,992,532.54,1331.34,1320692.28
C0180,F003,992,1277.72,3194.29,3168739.87
C0180,F004,992,1243.23,3108.08,3083220.05
C0180,F005,992,493.08,1232.7,1222834.73
C0180,F006,992,459.13,1147.83,1138647.33
C0180,F007,992,449.76,1124.39,1115396.34
C0180,F008,992,87.93,219.83,218068.68
C0180,F009,992,46.26,115.66,114733.32
C0180,F010,992,414.94,1037.34,1029041.01
C0180,F011,992,458.89,1147.21,1138036.24
C0180,F012,992,482.62,1206.56,1196903.53
C0180,F013,992,442.14,1105.36,1096512.7
C0180,F014,992,493.35,1233.36,1223497.9
C0180,F015,992,420.93,1052.32,1043899.95
C0180,F016,992,438.24,1095.61,1086840.93
C0180,F017,992,23.45,58.63,58159.74
C0180,F018,992,510.58,1276.45,1266236.97
C0180,F019,992,425.05,1062.63,1054132.32
C0180,F020,992,445.25,1113.14,1104230.25
C0181,F001,296,82.97,207.43,61399.0
C0181,F002,296,125.52,313.81,92886.53
C0181,F003,296,1348.84,3372.1,998141.98
C0181,F004,296,1309.28,3273.21,968869.75
C0181,F005,296,73.03,182.58,54044.85
C0181,F006,296,72.84,182.11,53904.33
C0181,F007,296,79.7,199.25,58979.42
C0181,F008,296,396.73,991.82,293578.78
C0181,F009,296,423.75,1059.38,313575.6
C0181,F010,296,733.6,1834.0,542862.72
C0181,F011,296,100.43,251.09,74321.51
C0181,F012,296,71.59,178.98,52977.74
C0181,F013,296,348.83,872.09,258137.61
C0181,F014,296,73.27,183.17,54218.91
C0181,F015,296,727.14,1817.85,538083.99
C0181,F016,296,743.18,1857.94,549951.07
C0181,F017,296,441.98,1104.94,327063.42
C0181,F018,296,94.09,235.23,69626.86
C0181,F019,296,194.22,485.55,143722.16
C0181,F020,296,83.41,208.53,61724.7
C0182,F001,986,74.77,186.92,184300.99
C0182,F002,986,40.92,102.31,100873.9
C0182,F003,986,1290.09,3225.23,3180072.39
C0182,F004,986,1249.9,3124.74,3080992.99
C0182,F005,986,80.14,200.35,197545.55
C0182,F006,986,52.04,130.1,128273.94
C0182,F007,986,57.61,144.03,142013.35
C0182,F008,986,497.32,1243.3,1225891.61
C0182,F009,986,517.77,1294.42,1276297.68
C0182,F010,986,767.0,1917.5,1890652.26
C0182,F011,986,50.15,125.38,123623.69
C0182,F012,986,56.26,140.65,138676.68
C0182,F013,986,308.16,770.41,759619.81
C0182,F014,986,104.69,261.73,258061.32
C0182,F015,986,756.96,1892.39,1865898.06
C0182,F016,986,771.73,1929.32,1902310.16
C0182,F017,986,529.6,1324.01,1305475.27
C0182,F018,986,61.82,154.55,152385.14
C0182,F019,986,306.05,765.12,754403.69
C0182,F020,986,61.82,154.56,152395.36
C0183,F001,212,1344.4,3361.01,712533.87
C0183,F002,212,1308.84,3272.11,693687.01
C0183,F003,212,88.49,221.23,46900.57
C0183,F004,212,82.44,206.1,43692.22
C0183,F005,212,1346.57,3366.43,713683.5
C0183,F006,212,1285.28,3213.19,681196.3
C0183,F007,212,1270.59,3176.49,673414.83
C0183,F008,212,1375.51,3438.78,729020.76
C0183,F009,212,1341.58,3353.95,711036.39
C0183,F010,212,989.77,2474.42,524576.31
C0183,F011,212,1253.01,3132.54,664097.51
C0183,F012,212,1317.73,3294.31,698394.35
C0183,F013,212,991.81,2479.52,525659.19
C0183,F014,212,1370.1,3425.26,726154.66
C0183,F015,212,968.18,2420.46,513136.57
C0183,F016,212,957.82,2394.54,507643.28
C0183,F017,212,1307.33,3268.34,692887.13
C0183,F018,212,1333.67,3334.19,706847.75
C0183,F019,212,1514.02,3785.04,802428.8
C0183,F020,212,1264.06,3160.15,669952.43
C0184,F001,862,215.37,538.44,464132.1
C0184,F002,862,268.95,672.36,579577.85
C0184,F003,862,1521.13,3802.83,3278043.26
C0184,F004,862,1481.98,3704.95,3193667.57
C0184,F005,862,207.13,517.82,446361.18
C0184,F006,862,248.31,620.77,535103.74
C0184,F007,862,258.8,647.0,557713.4
C0184,F008,862,398.99,997.48,859829.61
C0184,F009,862,440.52,1101.31,949325.41
C0184,F010,862,833.79,2084.46,1796806.87
C0184,F011,862,279.25,698.13,601790.14
C0184,F012,862,228.58,571.45,492589.4
C0184,F013,862,521.9,1304.75,1124692.31
C0184,F014,862,184.45,461.12,397481.21
C0184,F015,862,831.94,2079.84,1792820.64
C0184,F016,862,848.97,2122.42,1829530.32
C0184,F017,862,471.89,1179.71,1016914.15
C0184,F018,862,231.09,577.72,497994.5
C0184,F019,862,39.81,99.52,85789.78
C0184,F020,862,263.51,658.79,567873.57
C0185,F001,534,397.2,992.99,530258.68
C0185,F002,534,376.19,940.47,502213.28
C0185,F003,534,975.04,2437.6,1301679.69
C0185,F004,534,935.73,2339.33,1249200.46
C0185,F005,534,396.63,991.56,529495.47
C0185,F006,534,332.02,830.05,443249.14
C0185,F007,534,315.95,789.87,421788.23
C0185,F008,534,495.45,1238.62,661424.67
C0185,F009,534,483.51,1208.78,645490.28
C0185,F010,534,504.47,1261.16,673461.76
C0185,F011,534,301.94,754.85,403090.74
C0185,F012,534,367.92,919.8,491174.02
C0185,F013,534,27.35,68.38,36517.14
C0185,F014,534,417.77,1044.42,557717.65
C0185,F015,534,487.69,1219.22,651063.45
C0185,F016,534,498.74,1246.86,665823.73
C0185,F017,534,467.97,1169.93,624740.24
C0185,F018,534,390.17,975.42,520874.43
C0185,F019,534,546.54,1366.36,729635.7
C0185,F020,534,308.68,771.7,412087.13
C0186,F001,218,19.81,49.52,10796.0
C0186,F002,218,34.23,85.57,18655.06
C0186,F003,218,1346.69,3366.72,733945.94
C0186,F004,218,1306.55,3266.38,712070.22
C0186,F005,218,28.97,72.42,15788.07
C0186,F006,218,62.56,156.39,34093.11
C0186,F007,218,78.31,195.78,42679.61
C0186,F008,218,491.58,1228.95,267910.59
C0186,F009,218,516.88,1292.21,281702.2
C0186,F010,218,798.33,1995.82,435088.77
C0186,F011,218,86.43,216.06,47102.06
C0186,F012,218,29.18,72.95,15904.08
C0186,F013,218,359.72,899.3,196048.01
C0186,F014,218,50.84,127.11,27709.72
C0186,F015,218,789.68,1974.2,430374.77
C0186,F016,218,804.99,2012.47,438717.52
C0186,F017,218,532.99,1332.47,290478.89
C0186,F018,218,4.27,10.68,2327.6
C0186,F019,218,260.31,650.77,141868.87
C0186,F020,218,85.72,214.3,46718.24
C0187,F001,287,1346.49,3366.24,966109.91
C0187,F002,287,1313.85,3284.62,942686.45
C0187,F003,287,14.99,37.47,10752.93
C0187,F004,287,28.99,72.48,20802.01
C0187,F005,287,1347.95,3369.87,967154.09
C0187,F006,287,1285.33,3213.32,922221.54
C0187,F007,287,1270.14,3175.36,911327.55
C0187,F008,287,1345.09,3362.72,965100.07
C0187,F009,287,1308.99,3272.47,939198.9
C0187,F010,287,937.23,2343.08,672463.83
C0187,F011,287,1253.42,3133.55,899328.07
C0187,F012,287,1318.95,3297.37,946345.75
C0187,F013,287,986.03,2465.07,707475.59
C0187,F014,287,1370.93,3427.33,983643.76
C0187,F015,287,916.62,2291.55,657676.24
C0187,F016,287,905.15,2262.87,649444.9
C0187,F017,287,1273.31,3183.27,913597.96
C0187,F018,287,1336.59,3341.49,959006.63
C0187,F019,287,1504.63,3761.57,1079569.69
C0187,F020,287,1263.35,3158.37,906453.14
C0188,F001,352,5.94,14.84,5224.05
C0188,F002,352,48.23,120.57,42440.51
C0188,F003,352,1358.19,3395.46,1195203.12
C0188,F004,352,1318.09,3295.23,1159919.81
C0188,F005,352,16.33,40.82,14370.13
C0188,F006,352,67.18,167.94,59114.45
C0188,F007,352,83.54,208.86,73518.22
C0188,F008,352,484.75,1211.87,426576.99
C0188,F009,352,511.12,1277.79,449783.14
C0188,F010,352,800.5,2001.24,704436.07
C0188,F011,352,94.43,236.07,83098.32
C0188,F012,352,30.51,76.27,26845.67
C0188,F013,352,368.99,922.47,324708.24
C0188,F014,352,36.42,91.04,32045.56
C0188,F015,352,792.26,1980.64,697186.77
C0188,F016,352,807.71,2019.28,710786.84
C0188,F017,352,528.2,1320.49,464811.84
C0188,F018,352,10.29,25.72,9052.51
C0188,F019,352,246.33,615.83,216773.89
C0188,F020,352,91.1,227.74,80164.7
C0189,F001,490,77.42,193.56,94844.17
C0189,F002,490,97.45,243.62,119374.0
C0189,F003,490,1424.99,3562.47,1745610.79
C0189,F004,490,1384.72,3461.81,1696285.67
C0189,F005,490,82.62,206.56,101212.37
C0189,F006,490,143.53,358.82,175820.73
C0189,F007,490,159.86,399.64,195825.05
C0189,F008,490,536.69,1341.73,657445.84
C0189,F009,490,567.1,1417.74,694692.04
C0189,F010,490,874.83,2187.08,1071667.49
C0189,F011,490,169.48,423.69,207610.46
C0189,F012,490,106.82,267.05,130856.73
C0189,F013,490,442.36,1105.89,541887.39
C0189,F014,490,74.41,186.02,91151.19
C0189,F015,490,867.05,2167.62,1062134.79
C0189,F016,490,882.65,2206.62,1081242.31
C0189,F017,490,587.53,1468.81,719718.29
C0189,F018,490,80.35,200.88,98431.81
C0189,F019,490,248.47,621.17,304371.0
C0189,F020,490,167.4,418.5,205065.66
C0190,F001,1259,38.54,96.35,121301.9
C0190,F002,1259,49.01,122.52,154258.12
C0190,F003,1259,1322.43,3306.08,4162354.3
C0190,F004,1259,1282.4,3206.01,4036361.18
C0190,F005,1259,39.61,99.04,124686.45
C0190,F006,1259,30.63,76.57,96397.1
C0190,F007,1259,46.52,116.3,146416.78
C0190,F008,1259,467.99,1169.97,1472997.9
C0190,F009,1259,491.55,1228.89,1547168.59
C0190,F010,1259,766.48,1916.21,2412508.41
C0190,F011,1259,56.77,141.92,178679.07
C0190,F012,1259,11.52,28.79,36251.31
C0190,F013,1259,331.5,828.74,1043389.22
C0190,F014,1259,63.65,159.12,200335.79
C0190,F015,1259,757.78,1894.45,2385110.94
C0190,F016,1259,773.07,1932.69,2433250.52
C0190,F017,1259,506.28,1265.7,1593512.44
C0190,F018,1259,33.7,84.26,106083.3
C0190,F019,1259,260.82,652.05,820925.1
C0190,F020,1259,54.0,134.99,169950.02
C0191,F001,600,1334.23,3335.58,2001350.03
C0191,F002,600,1302.61,3256.54,1953922.0
C0191,F003,600,45.13,112.82,67689.15
C0191,F004,600,45.32,113.31,67984.83
C0191,F005,600,1335.45,3338.62,2003169.3
C0191,F006,600,1272.45,3181.12,1908669.33
C0191,F007,600,1257.11,3142.78,1885669.25
C0191,F008,600,1322.6,3306.51,1983904.06
C0191,F009,600,1285.91,3214.77,1928864.88
C0191,F010,600,909.14,2272.85,1363711.99
C0191,F011,600,1240.7,3101.74,1861044.48
C0191,F012,600,1306.42,3266.06,1959637.43
C0191,F013,600,971.65,2429.14,1457482.41
C0191,F014,600,1358.22,3395.55,2037329.44
C0191,F015,600,888.8,2221.99,1333192.94
C0191,F016,600,877.06,2192.65,1315587.28
C0191,F017,600,1249.85,3124.62,1874774.09
C0191,F018,600,1324.62,3311.56,1986936.85
C0191,F019,600,1488.44,3721.09,2232653.72
C0191,F020,600,1250.24,3125.6,1875360.1
C0192,F001,676,45.38,113.44,76687.09
C0192,F002,676,31.2,78.01,52735.71
C0192,F003,676,1358.69,3396.72,2296180.23
C0192,F004,676,1318.41,3296.02,2228106.39
C0192,F005,676,55.85,139.63,94387.4
C0192,F006,676,92.79,231.98,156817.28
C0192,F007,676,107.49,268.72,181653.56
C0192,F008,676,523.99,1309.97,885542.86
C0192,F009,676,549.71,1374.28,929016.64
C0192,F010,676,828.39,2070.97,1399975.3
C0192,F011,676,111.74,279.36,188844.02
C0192,F012,676,62.1,155.24,104944.67
C0192,F013,676,379.24,948.1,640918.42
C0192,F014,676,70.02,175.05,118334.94
C0192,F015,676,819.34,2048.35,1384681.76
C0192,F016,676,834.49,2086.23,1410290.0
C0192,F017,676,566.02,1415.04,956569.44
C0192,F018,676,33.94,84.85,57361.53
C0192,F019,676,279.18,697.95,471812.69
C0192,F020,676,114.55,286.37,193585.02
C0193,F001,261,70.06,175.14,45712.17
C0193,F002,261,77.23,193.07,50392.42
C0193,F003,261,1296.84,3242.09,846185.3
C0193,F004,261,1256.94,3142.35,820152.73
C0193,F005,261,67.86,169.66,44281.82
C0193,F006,261,3.49,8.72,2275.58
C0193,F007,261,13.27,33.19,8661.64
C0193,F008,261,443.99,1109.97,289702.84
C0193,F009,261,465.43,1163.59,303695.89
C0193,F010,261,732.48,1831.2,477942.52
C0193,F011,261,30.58,76.45,19954.17
C0193,F012,261,40.23,100.58,26251.77
C0193,F013,261,302.13,755.32,197138.41
C0193,F014,261,88.75,221.88,57909.78
C0193,F015,261,723.71,1809.27,472219.75
C0193,F016,261,738.99,1847.47,482188.85
C0193,F017,261,478.49,1196.22,312214.43
C0193,F018,261,67.7,169.25,44173.68
C0193,F019,261,265.7,664.24,173366.76
C0193,F020,261,20.78,51.95,13558.2
C0194,F001,276,49.42,123.54,34096.93
C0194,F002,276,18.03,45.08,12440.81
C0194,F003,276,1345.14,3362.86,928149.83
C0194,F004,276,1304.86,3262.14,900350.98
C0194,F005,276,59.76,149.41,41236.02
C0194,F006,276,86.03,215.07,59359.6
C0194,F007,276,99.73,249.32,68811.79
C0194,F008,276,523.47,1308.68,361195.05
C0194,F009,276,548.14,1370.36,378220.03
C0194,F010,276,820.0,2050.01,565802.36
C0194,F011,276,101.95,254.87,70343.06
C0194,F012,276,59.35,148.38,40952.73
C0194,F013,276,366.81,917.03,253100.39
C0194,F014,276,77.49,193.72,53465.69
C0194,F015,276,810.66,2026.65,559354.8
C0194,F016,276,825.7,2064.25,569733.04
C0194,F017,276,563.52,1408.81,388832.0
C0194,F018,276,35.04,87.6,24178.07
C0194,F019,276,287.86,719.65,198623.98
C0194,F020,276,106.47,266.17,73462.89
C0195,F001,2573,1349.76,3374.4,8682320.39
C0195,F002,2573,1315.09,3287.73,8459333.05
C0195,F003,2573,59.05,147.62,379831.88
C0195,F004,2573,58.28,145.7,374881.02
C0195,F005,2573,1351.7,3379.26,8694837.8
C0195,F006,2573,1289.96,3224.89,8297649.33
C0195,F007,2573,1275.11,3187.77,8202137.38
C0195,F008,2573,1370.41,3426.04,8815193.95
C0195,F009,2573,1335.75,3339.37,8592206.89
C0195,F010,2573,977.01,2442.52,6284595.38
C0195,F011,2573,1257.79,3144.47,8090723.43
C0195,F012,2573,1322.79,3306.98,8508868.59
C0195,F013,2573,994.43,2486.08,6396679.72
C0195,F014,2573,1375.07,3437.69,8845164.85
C0195,F015,2573,955.74,2389.35,6147802.2
C0195,F016,2573,944.99,2362.47,6078639.62
C0195,F017,2573,1301.01,3252.53,8368758.1
C0195,F018,2573,1339.28,3348.21,8614945.69
C0195,F019,2573,1515.81,3789.53,9750469.79
C0195,F020,2573,1268.49,3171.22,8159561.69
C0196,F001,1048,208.36,520.9,545903.92
C0196,F002,1048,230.76,576.89,604584.91
C0196,F003,1048,1557.29,3893.23,4080103.97
C0196,F004,1048,1516.94,3792.34,3974373.6
C0196,F005,1048,210.88,527.19,552498.47
C0196,F006,1048,275.06,687.66,720667.14
C0196,F007,1048,291.52,728.8,763787.16
C0196,F008,1048,612.29,1530.72,1604197.26
C0196,F009,1048,649.1,1622.75,1700637.51
C0196,F010,1048,993.45,2483.61,2602826.66
C0196,F011,1048,302.92,757.31,793659.0
C0196,F012,1048,238.19,595.47,624049.23
C0196,F013,1048,576.72,1441.79,1510997.86
C0196,F014,1048,194.12,485.3,508596.4
C0196,F015,1048,987.22,2468.06,2586525.15
C0196,F016,1048,1003.29,2508.23,2628621.69
C0196,F017,1048,675.25,1688.13,1769164.15
C0196,F018,1048,213.99,534.97,560649.42
C0196,F019,1048,267.71,669.28,701405.38
C0196,F020,1048,299.07,747.67,783553.05
C0197,F001,662,88.57,221.44,146591.42
C0197,F002,662,45.49,113.73,75286.67
C0197,F003,662,1282.07,3205.17,2121820.05
C0197,F004,662,1241.8,3104.5,2055176.74
C0197,F005,662,94.98,237.46,157199.53
C0197,F006,662,68.87,172.19,113986.74
C0197,F007,662,72.69,181.73,120305.74
C0197,F008,662,512.53,1281.33,848238.91
C0197,F009,662,532.18,1330.45,880760.95
C0197,F010,662,773.07,1932.69,1279438.02
C0197,F011,662,61.78,154.46,102254.08
C0197,F012,662,72.87,182.18,120600.81
C0197,F013,662,305.56,763.89,505694.44
C0197,F014,662,119.25,298.13,197359.41
C0197,F015,662,762.55,1906.39,1262026.97
C0197,F016,662,777.12,1942.8,1286135.0
C0197,F017,662,543.24,1358.09,899056.36
C0197,F018,662,74.38,185.96,123107.17
C0197,F019,662,322.87,807.18,534354.0
C0197,F020,662,75.95,189.88,125702.9
C0198,F001,421,1310.03,3275.08,1378808.98
C0198,F002,421,1278.57,3196.42,1345693.01
C0198,F003,421,64.72,161.81,68123.01
C0198,F004,421,48.02,120.06,50543.84
C0198,F005,421,1311.21,3278.03,1380051.33
C0198,F006,421,1248.17,3120.42,1313696.41
C0198,F007,421,1232.82,3082.04,1297539.65
C0198,F008,421,1298.52,3246.3,1366694.38
C0198,F009,421,1261.96,3154.89,1328207.81
C0198,F010,421,887.17,2217.92,933743.11
C0198,F011,421,1216.44,3041.1,1280301.64
C0198,F012,421,1282.19,3205.47,1349504.94
C0198,F013,421,947.23,2368.08,996961.91
C0198,F014,421,1333.96,3334.9,1403991.29
C0198,F015,421,866.66,2166.65,912158.37
C0198,F016,421,855.08,2137.71,899974.71
C0198,F017,421,1225.98,3064.96,1290348.43
C0198,F018,421,1300.46,3251.16,1368739.15
C0198,F019,421,1463.89,3659.73,1540747.87
C0198,F020,421,1225.93,3064.84,1290296.54
C0199,F001,2401,62.05,155.12,372447.16
C0199,F002,2401,51.89,129.74,311498.87
C0199,F003,2401,1298.35,3245.87,7793340.46
C0199,F004,2401,1258.29,3145.73,7552885.92
C0199,F005,2401,64.17,160.43,385190.45
C0199,F006,2401,25.29,63.23,151822.95
C0199,F007,2401,34.58,86.45,207567.11
C0199,F008,2401,471.71,1179.28,2831441.45
C0199,F009,2401,493.09,1232.72,2959768.78
C0199,F010,2401,753.62,1884.06,4523616.54
C0199,F011,2401,36.36,90.9,218260.84
C0199,F012,2401,36.01,90.04,216176.62
C0199,F013,2401,309.18,772.96,1855877.85
C0199,F014,2401,88.32,220.81,530169.44
C0199,F015,2401,744.29,1860.73,4467606.94
C0199,F016,2401,759.35,1898.38,4558011.0
C0199,F017,2401,505.89,1264.73,3036627.83
C0199,F018,2401,53.72,134.29,322434.99
C0199,F019,2401,282.04,705.09,1692924.21
C0199,F020,2401,40.64,101.59,243927.55
C0200,F001,461,542.6,1356.51,625350.64
C0200,F002,461,576.43,1441.06,664330.37
C0200,F003,461,1327.41,3318.51,1529834.28
C0200,F004,461,1293.54,3233.85,1490804.82
C0200,F005,461,532.94,1332.35,614212.48
C0200,F006,461,504.07,1260.19,580945.68
C0200,F007,461,495.91,1239.77,571533.46
C0200,F008,461,76.16,190.41,87779.09
C0200,F009,461,36.28,90.71,41816.6
C0200,F010,461,440.71,1101.76,507912.54
C0200,F011,461,506.56,1266.39,583807.0
C0200,F012,461,524.96,1312.41,605021.85
C0200,F013,461,503.35,1258.38,580114.51
C0200,F014,461,530.91,1327.27,611872.33
C0200,F015,461,449.66,1124.16,518235.98
C0200,F016,461,466.59,1166.48,537749.5
C0200,F017,461,41.92,104.8,48314.4
C0200,F018,461,552.0,1379.99,636176.27
C0200,F019,461,439.64,1099.1,506683.99
C0200,F020,461,491.94,1229.86,566964.26
C0201,F001,211,985.22,2463.04,519702.45
C0201,F002,211,979.48,2448.71,516677.09
C0201,F003,211,717.16,1792.91,378304.04
C0201,F004,211,694.2,1735.49,366189.03
C0201,F005,211,981.2,2452.99,517581.21
C0201,F006,211,919.06,2297.65,484803.87
C0201,F007,211,902.84,2257.1,476247.13
C0201,F008,211,762.83,1907.07,402391.03
C0201,F009,211,717.13,1792.83,378286.53
C0201,F010,211,270.0,674.99,142423.89
C0201,F011,211,895.49,2238.73,472372.51
C0201,F012,211,955.68,2389.21,504122.35
C0201,F013,211,647.8,1619.51,341716.07
C0201,F014,211,996.68,2491.7,525748.99
C0201,F015,211,257.69,644.23,135932.39
C0201,F016,211,241.28,603.21,127276.44
C0201,F017,211,676.27,1690.67,356732.27
C0201,F018,211,983.0,2457.49,518530.79
C0201,F019,211,1041.5,2603.75,549391.93
C0201,F020,211,895.33,2238.33,472287.9
C0202,F001,995,34.13,85.32,84888.98
C0202,F002,995,24.27,60.67,60370.93
C0202,F003,995,1331.78,3329.46,3312808.95
C0202,F004,995,1291.62,3229.06,3212910.24
C0202,F005,995,41.74,104.34,103820.73
C0202,F006,995,55.42,138.55,137862.1
C0202,F007,995,69.89,174.72,173841.54
C0202,F008,995,493.83,1234.57,1228395.14
C0202,F009,995,517.86,1294.65,1288175.39
C0202,F010,995,790.78,1976.96,1967070.72
C0202,F011,995,74.98,187.45,186508.98
C0202,F012,995,29.93,74.82,74444.23
C0202,F013,995,346.31,865.77,861444.98
C0202,F014,995,65.18,162.95,162137.29
C0202,F015,995,781.74,1954.36,1944590.3
C0202,F016,995,796.91,1992.28,1982313.73
C0202,F017,995,532.84,1332.09,1325427.36
C0202,F018,995,19.72,49.3,49057.02
C0202,F019,995,272.99,682.46,679051.17
C0202,F020,995,76.95,192.36,191402.36
C0203,F001,1130,28.59,71.49,80779.65
C0203,F002,1130,31.68,79.2,89498.86
C0203,F003,1130,1334.2,3335.5,3769117.5
C0203,F004,1130,1294.08,3235.19,3655764.31
C0203,F005,1130,35.23,88.08,99529.11
C0203,F006,1130,51.56,128.91,145669.8
C0203,F007,1130,66.8,167.0,188709.58
C0203,F008,1130,487.12,1217.8,1376112.33
C0203,F009,1130,511.45,1278.62,1444843.22
C0203,F010,1130,787.5,1968.75,2224692.25
C0203,F011,1130,73.88,184.71,208721.24
C0203,F012,1130,22.9,57.25,64696.0
C0203,F013,1130,346.94,867.34,980095.91
C0203,F014,1130,59.22,148.05,167300.48
C0203,F015,1130,778.66,1946.65,2199714.45
C0203,F016,1130,793.9,1984.75,2242765.51
C0203,F017,1130,526.72,1316.81,1487992.82
C0203,F018,1130,16.25,40.62,45904.12
C0203,F019,1130,266.0,665.01,751458.04
C0203,F020,1130,74.08,185.21,209289.23
C0204,F001,896,1284.24,3210.61,2876704.44
C0204,F002,896,1251.31,3128.27,2802933.74
C0204,F003,896,76.26,190.66,170828.97
C0204,F004,896,36.17,90.42,81020.03
C0204,F005,896,1285.78,3214.44,2880141.65
C0204,F006,896,1223.29,3058.23,2740178.45
C0204,F007,896,1208.17,3020.42,2706297.75
C0204,F008,896,1290.53,3226.31,2890778.23
C0204,F009,896,1255.24,3138.1,2811737.88
C0204,F010,896,893.26,2233.14,2000894.89
C0204,F011,896,1191.33,2978.34,2668589.8
C0204,F012,896,1256.79,3141.97,2815202.26
C0204,F013,896,924.7,2311.76,2071335.95
C0204,F014,896,1308.83,3272.07,2931775.71
C0204,F015,896,872.03,2180.07,1953339.96
C0204,F016,896,861.23,2153.08,1929163.92
C0204,F017,896,1220.12,3050.29,2733061.19
C0204,F018,896,1274.25,3185.64,2854329.55
C0204,F019,896,1444.17,3610.43,3234946.17
C0204,F020,896,1201.41,3003.52,2691149.79
C0205,F001,1132,116.46,291.15,329583.21
C0205,F002,1132,118.92,297.3,336541.93
C0205,F003,1132,1258.48,3146.2,3561494.35
C0205,F004,1132,1218.76,3046.9,3449091.4
C0205,F005,1132,113.34,283.35,320749.27
C0205,F006,1132,50.17,125.41,141966.96
C0205,F007,1132,34.24,85.6,96900.82
C0205,F008,1132,418.54,1046.36,1184478.01
C0205,F009,1132,436.19,1090.47,1234409.4
C0205,F010,1132,686.88,1717.2,1943874.89
C0205,F011,1132,35.68,89.21,100982.9
C0205,F012,1132,86.78,216.94,245573.31
C0205,F013,1132,260.35,650.87,736788.64
C0205,F014,1132,132.13,330.32,373918.52
C0205,F015,1132,677.81,1694.51,1918189.6
C0205,F016,1132,692.98,1732.46,1961139.12
C0205,F017,1132,446.2,1115.49,1262735.89
C0205,F018,1132,114.35,285.87,323608.77
C0205,F019,1132,284.72,711.8,805758.43
C0205,F020,1132,27.0,67.5,76404.56
C0206,F001,1318,83.1,207.74,273800.53
C0206,F002,1318,54.51,136.27,179610.32
C0206,F003,1318,1279.02,3197.54,4214358.79
C0206,F004,1318,1238.86,3097.16,4082055.84
C0206,F005,1318,87.14,217.84,287118.74
C0206,F006,1318,47.26,118.15,155723.73
C0206,F007,1318,49.06,122.66,161660.83
C0206,F008,1318,488.68,1221.7,1610200.9
C0206,F009,1318,508.22,1270.54,1674571.4
C0206,F010,1318,753.41,1883.51,2482471.06
C0206,F011,1318,38.13,95.32,125628.22
C0206,F012,1318,60.68,151.71,199950.43
C0206,F013,1318,295.13,737.83,972462.08
C0206,F014,1318,111.72,279.29,368103.18
C0206,F015,1318,743.29,1858.23,2449151.22
C0206,F016,1318,758.04,1895.1,2497739.08
C0206,F017,1318,519.32,1298.29,1711150.33
C0206,F018,1318,71.59,178.96,235873.39
C0206,F019,1318,308.17,770.42,1015407.36
C0206,F020,1318,52.02,130.06,171415.13
C0207,F001,491,270.57,676.43,332127.61
C0207,F002,491,292.38,730.96,358902.45
C0207,F003,491,1617.69,4044.23,1985717.21
C0207,F004,491,1577.29,3943.22,1936122.7
C0207,F005,491,272.89,682.24,334977.9
C0207,F006,491,337.23,843.08,413951.25
C0207,F007,491,353.69,884.21,434149.55
C0207,F008,491,657.18,1642.96,806693.21
C0207,F009,491,695.94,1739.85,854268.26
C0207,F010,491,1051.58,2628.96,1290817.63
C0207,F011,491,365.21,913.04,448300.35
C0207,F012,491,300.38,750.95,368718.79
C0207,F013,491,638.96,1597.4,784325.54
C0207,F014,491,255.5,638.76,313631.94
C0207,F015,491,1045.87,2614.66,1283800.13
C0207,F016,491,1062.07,2655.17,1303688.55
C0207,F017,491,723.91,1809.77,888598.83
C0207,F018,491,276.28,690.7,339134.62
C0207,F019,491,301.54,753.84,370137.2
C0207,F020,491,361.22,903.06,443402.19
C0208,F001,492,776.3,1940.75,954850.58
C0208,F002,492,780.62,1951.56,960168.06
C0208,F003,492,925.63,2314.09,1138530.56
C0208,F004,492,896.41,2241.03,1102586.06
C0208,F005,492,770.62,1926.55,947860.38
C0208,F006,492,713.01,1782.52,876998.61
C0208,F007,492,697.67,1744.18,858134.31
C0208,F008,492,502.65,1256.61,618254.33
C0208,F009,492,456.53,1141.32,561528.1
C0208,F010,492,39.16,97.9,48167.98
C0208,F011,492,694.49,1736.22,854219.24
C0208,F012,492,748.05,1870.11,920095.44
C0208,F013,492,490.1,1225.26,602828.0
C0208,F014,492,782.56,1956.4,962549.33
C0208,F015,492,16.89,42.23,20777.49
C0208,F016,492,29.48,73.71,36263.06
C0208,F017,492,415.57,1038.91,511145.03
C0208,F018,492,776.94,1942.36,955641.74
C0208,F019,492,798.69,1996.73,982391.89
C0208,F020,492,690.5,1726.26,849319.79
C0209,F001,561,94.07,235.17,131930.92
C0209,F002,561,119.24,298.1,167234.62
C0209,F003,561,1305.23,3263.08,1830588.48
C0209,F004,561,1265.64,3164.11,1775064.46
C0209,F005,561,87.03,217.56,122053.57
C0209,F006,561,48.4,120.99,67874.26
C0209,F007,561,46.38,115.96,65053.13
C0209,F008,561,398.58,996.46,559014.02
C0209,F009,561,421.17,1052.91,590685.11
C0209,F010,561,705.56,1763.91,989551.23
C0209,F011,561,65.4,163.5,91722.0
C0209,F012,561,69.79,174.47,97878.56
C0209,F013,561,305.47,763.66,428415.82
C0209,F014,561,98.59,246.47,138270.23
C0209,F015,561,698.02,1745.05,978970.87
C0209,F016,561,713.73,1784.32,1001003.12
C0209,F017,561,435.56,1088.9,610874.71
C0209,F018,561,98.88,247.2,138676.6
C0209,F019,561,234.78,586.95,329278.48
C0209,F020,561,46.99,117.47,65898.91
C0210,F001,755,38.53,96.32,72722.76
C0210,F002,755,92.03,230.07,173704.08
C0210,F003,755,1389.73,3474.33,2623118.94
C0210,F004,755,1349.8,3374.5,2547750.34
C0210,F005,755,31.38,78.46,59235.72
C0210,F006,755,90.45,226.12,170719.4
C0210,F007,755,105.99,264.96,200047.03
C0210,F008,755,461.12,1152.79,870359.99
C0210,F009,755,490.57,1226.42,925944.9
C0210,F010,755,803.01,2007.53,1515686.46
C0210,F011,755,122.38,305.94,230984.84
C0210,F012,755,58.31,145.77,110056.6
C0210,F013,755,394.76,986.9,745107.86
C0210,F014,755,7.54,18.84,14226.44
C0210,F015,755,796.05,1990.12,1502540.49
C0210,F016,755,811.92,2029.8,1532500.08
C0210,F017,755,510.5,1276.24,963560.97
C0210,F018,755,54.16,135.4,102230.02
C0210,F019,755,203.0,507.5,383160.71
C0210,F020,755,113.08,282.71,213443.08
C0211,F001,276,32.17,80.42,22194.89
C0211,F002,276,57.85,144.63,39918.36
C0211,F003,276,1382.01,3455.02,953585.48
C0211,F004,276,1341.82,3354.56,925858.66
C0211,F005,276,39.77,99.43,27443.37
C0211,F006,276,96.88,242.21,66850.18
C0211,F007,276,113.14,282.85,78067.76
C0211,F008,276,507.35,1268.37,350069.26
C0211,F009,276,535.2,1338.0,369287.31
C0211,F010,276,830.35,2075.88,572943.85
C0211,F011,276,122.7,306.76,84665.72
C0211,F012,276,60.47,151.18,41724.63
C0211,F013,276,396.23,990.57,273396.25
C0211,F014,276,43.47,108.67,29993.63
C0211,F015,276,822.19,2055.47,567309.42
C0211,F016,276,837.66,2094.15,577986.56
C0211,F017,276,553.47,1383.68,381894.3
C0211,F018,276,33.56,83.89,23154.62
C0211,F019,276,248.56,621.41,171509.04
C0211,F020,276,120.67,301.68,83262.87
C0212,F001,1329,40.56,101.39,134751.3
C0212,F002,1329,43.43,108.57,144285.66
C0212,F003,1329,1319.83,3299.59,4385151.76
C0212,F004,1329,1279.77,3199.43,4252045.28
C0212,F005,1329,43.13,107.83,143305.77
C0212,F006,1329,33.1,82.75,109976.34
C0212,F007,1329,48.11,120.29,159860.14
C0212,F008,1329,473.67,1184.19,1573784.25
C0212,F009,1329,496.94,1242.36,1651093.74
C0212,F010,1329,768.89,1922.24,2554653.16
C0212,F011,1329,56.03,140.07,186155.78
C0212,F012,1329,16.94,42.35,56277.25
C0212,F013,1329,330.23,825.56,1097173.89
C0212,F014,1329,67.58,168.96,224542.08
C0212,F015,1329,760.01,1900.02,2525131.56
C0212,F016,1329,775.24,1938.09,2575723.85
C0212,F017,1329,511.37,1278.43,1699038.34
C0212,F018,1329,33.14,82.85,110112.41
C0212,F019,1329,266.86,667.15,886638.9
C0212,F020,1329,55.4,138.49,184054.17
C0213,F001,477,266.08,665.2,317302.24
C0213,F002,477,284.14,710.34,338831.32
C0213,F003,477,1606.67,4016.68,1915957.38
C0213,F004,477,1566.22,3915.54,1867714.44
C0213,F005,477,269.21,673.03,321033.56
C0213,F006,477,332.84,832.1,396912.28
C0213,F007,477,349.29,873.21,416522.87
C0213,F008,477,666.78,1666.96,795140.38
C0213,F009,477,704.68,1761.71,840334.63
C0213,F010,477,1053.21,2633.04,1255958.07
C0213,F011,477,359.77,899.41,429020.95
C0213,F012,477,295.92,739.79,352880.43
C0213,F013,477,632.22,1580.54,753917.14
C0213,F014,477,253.31,633.28,302076.94
C0213,F015,477,1047.0,2617.51,1248553.21
C0213,F016,477,1063.07,2657.67,1267710.75
C0213,F017,477,731.78,1829.46,872652.35
C0213,F018,477,270.62,676.55,322712.34
C0213,F019,477,314.64,786.61,375211.8
C0213,F020,477,356.84,892.11,425535.5
C0214,F001,1710,1396.0,3490.0,5967899.67
C0214,F002,1710,1365.04,3412.6,5835543.31
C0214,F003,1710,68.83,172.08,294255.22
C0214,F004,1710,99.82,249.56,426744.29
C0214,F005,1710,1397.05,3492.62,5972381.48
C0214,F006,1710,1333.81,3334.52,5702023.95
C0214,F007,1710,1318.37,3295.93,5636038.5
C0214,F008,1710,1373.06,3432.65,5869830.33
C0214,F009,1710,1335.38,3338.46,5708764.74
C0214,F010,1710,947.9,2369.75,4052278.41
C0214,F011,1710,1302.18,3255.45,5566815.69
C0214,F012,1710,1368.02,3420.06,5848296.24
C0214,F013,1710,1032.03,2580.09,4411945.63
C0214,F014,1710,1419.67,3549.17,6069088.96
C0214,F015,1710,928.35,2320.88,3968707.64
C0214,F016,1710,915.89,2289.72,3915417.9
C0214,F017,1710,1298.68,3246.7,5551852.26
C0214,F018,1710,1386.59,3466.46,5927653.43
C0214,F019,1710,1546.93,3867.33,6613133.8
C0214,F020,1710,1311.44,3278.61,5606423.64
C0215,F001,547,571.41,1428.54,781408.96
C0215,F002,547,604.08,1510.21,826084.64
C0215,F003,547,1317.03,3292.57,1801035.77
C0215,F004,547,1283.7,3209.26,1755465.75
C0215,F005,547,561.86,1404.65,768344.36
C0215,F006,547,531.28,1328.21,726528.61
C0215,F007,547,522.63,1306.57,714693.0
C0215,F008,547,108.35,270.86,148162.76
C0215,F009,547,66.84,167.09,91399.09
C0215,F010,547,418.26,1045.65,571970.38
C0215,F011,547,532.63,1331.57,728369.31
C0215,F012,547,553.12,1382.79,756387.19
C0215,F013,547,515.93,1289.82,705532.63
C0215,F014,547,560.44,1401.11,766405.73
C0215,F015,547,428.44,1071.11,585895.69
C0215,F016,547,445.12,1112.81,608707.37
C0215,F017,547,53.49,133.73,73148.83
C0215,F018,547,580.47,1451.17,793790.48
C0215,F019,547,471.88,1179.69,645292.91
C0215,F020,547,518.43,1296.08,708958.24
C0216,F001,403,57.86,144.65,58295.23
C0216,F002,403,38.73,96.81,39016.01
C0216,F003,403,1303.68,3259.2,1313455.93
C0216,F004,403,1263.55,3158.88,1273029.68
C0216,F005,403,62.11,155.28,62578.93
C0216,F006,403,37.94,94.84,38222.24
C0216,F007,403,48.03,120.08,48394.18
C0216,F008,403,484.34,1210.86,487974.84
C0216,F009,403,506.08,1265.21,509878.57
C0216,F010,403,766.26,1915.65,772005.9
C0216,F011,403,47.94,119.85,48298.35
C0216,F012,403,37.02,92.54,37295.42
C0216,F013,403,317.39,793.47,319766.84
C0216,F014,403,86.72,216.81,87374.56
C0216,F015,403,756.78,1891.96,762460.05
C0216,F016,403,771.79,1929.46,777574.28
C0216,F017,403,519.12,1297.8,523013.05
C0216,F018,403,46.76,116.9,47110.57
C0216,F019,403,286.72,716.8,288870.99
C0216,F020,403,53.98,134.95,54383.62
C0217,F001,331,146.87,367.16,121530.83
C0217,F002,331,134.29,335.74,111128.48
C0217,F003,331,1218.7,3046.74,1008472.15
C0217,F004,331,1178.87,2947.17,975512.2
C0217,F005,331,146.06,365.15,120863.87
C0217,F006,331,81.55,203.87,67482.31
C0217,F007,331,65.74,164.36,54401.7
C0217,F008,331,439.63,1099.08,363793.98
C0217,F009,331,453.24,1133.1,375056.12
C0217,F010,331,673.59,1683.98,557397.67
C0217,F011,331,51.83,129.58,42891.02
C0217,F012,331,117.4,293.51,97150.47
C0217,F013,331,223.5,558.74,184944.15
C0217,F014,331,167.5,418.76,138608.09
C0217,F015,331,663.17,1657.93,548773.92
C0217,F016,331,677.81,1694.52,560887.34
C0217,F017,331,459.64,1149.09,380349.53
C0217,F018,331,140.95,352.38,116636.47
C0217,F019,331,327.57,818.92,271062.27
C0217,F020,331,58.76,146.89,48620.42
C0218,F001,578,274.95,687.37,397300.59
C0218,F002,578,326.99,817.47,472496.54
C0218,F003,578,1593.04,3982.59,2301939.52
C0218,F004,578,1553.88,3884.7,2245358.94
C0218,F005,578,267.88,669.7,387087.02
C0218,F006,578,315.09,787.72,455301.08
C0218,F007,578,326.66,816.65,472021.99
C0218,F008,578,440.22,1100.55,636116.16
C0218,F009,578,484.64,1211.6,700303.49
C0218,F010,578,894.25,2235.62,1292189.12
C0218,F011,578,346.77,866.93,501083.81
C0218,F012,578,291.97,729.91,421889.66
C0218,F013,578,593.71,1484.28,857915.16
C0218,F014,578,243.87,609.68,352392.51
C0218,F015,578,893.47,2233.69,1291071.32
C0218,F016,578,910.65,2276.63,1315893.67
C0218,F017,578,518.89,1297.22,749794.58
C0218,F018,578,290.2,725.49,419332.82
C0218,F019,578,84.42,211.04,121983.97
C0218,F020,578,331.82,829.56,479486.2
C0219,F001,1420,306.52,766.29,1088130.71
C0219,F002,1420,321.8,804.5,1142389.23
C0219,F003,1420,1639.87,4099.68,5821539.65
C0219,F004,1420,1599.35,3998.38,5677699.51
C0219,F005,1420,310.05,775.13,1100678.9
C0219,F006,1420,373.18,932.96,1324802.4
C0219,F007,1420,389.59,973.99,1383061.13
C0219,F008,1420,707.09,1767.72,2510164.05
C0219,F009,1420,745.49,1863.73,2646495.69
C0219,F010,1420,1095.41,2738.53,3888716.9
C0219,F011,1420,399.41,998.52,1417902.23
C0219,F012,1420,336.29,840.73,1193836.06
C0219,F013,1420,670.54,1676.35,2380413.16
C0219,F014,1420,294.8,737.01,1046557.68
C0219,F015,1420,1089.13,2722.83,3866416.51
C0219,F016,1420,1105.17,2762.93,3923359.95
C0219,F017,1420,773.02,1932.55,2744224.36
C0219,F018,1420,310.34,775.85,1101704.5
C0219,F019,1420,351.99,879.97,1249559.18
C0219,F020,1420,397.15,992.88,1409888.02
C0220,F001,470,463.39,1158.47,544482.15
C0220,F002,470,497.16,1242.9,584164.97
C0220,F003,470,1315.1,3287.75,1545240.36
C0220,F004,470,1279.93,3199.84,1503923.61
C0220,F005,470,453.76,1134.4,533167.46
C0220,F006,470,424.94,1062.34,499299.89
C0220,F007,470,416.97,1042.42,489939.44
C0220,F008,470,46.25,115.63,54344.47
C0220,F009,470,43.22,108.05,50783.93
C0220,F010,470,468.3,1170.76,550255.37
C0220,F011,470,427.97,1069.93,502866.49
C0220,F012,470,445.66,1114.15,523648.18
C0220,F013,470,444.24,1110.6,521981.9
C0220,F014,470,452.05,1130.13,531161.94
C0220,F015,470,473.44,1183.59,556287.48
C0220,F016,470,490.82,1227.04,576709.92
C0220,F017,470,67.72,169.3,79569.55
C0220,F018,470,472.71,1181.78,555435.56
C0220,F019,470,371.72,929.3,436769.34
C0220,F020,470,413.12,1032.81,485418.94
C0221,F001,481,60.77,151.92,73071.74
C0221,F002,481,36.06,90.16,43364.83
C0221,F003,481,1301.94,3254.85,1565583.11
C0221,F004,481,1261.79,3154.47,1517301.36
C0221,F005,481,65.67,164.17,78966.47
C0221,F006,481,42.77,106.93,51434.24
C0221,F007,481,52.0,129.99,62526.51
C0221,F008,481,489.26,1223.15,588334.71
C0221,F009,481,510.8,1277.01,614240.52
C0221,F010,481,768.72,1921.8,924384.79
C0221,F011,481,50.1,125.24,60240.67
C0221,F012,481,41.61,104.03,50039.92
C0221,F013,481,317.04,792.6,381239.39
C0221,F014,481,90.26,225.66,108541.85
C0221,F015,481,759.1,1897.76,912822.6
C0221,F016,481,774.05,1935.12,930794.45
C0221,F017,481,523.64,1309.09,629674.63
C0221,F018,481,48.71,121.77,58572.58
C0221,F019,481,291.54,728.84,350571.34
C0221,F020,481,57.6,143.99,69259.39
C0222,F001,458,285.18,712.95,326532.28
C0222,F002,458,338.48,846.19,387555.38
C0222,F003,458,1582.84,3957.1,1812353.2
C0222,F004,458,1543.94,3859.86,1767814.95
C0222,F005,458,277.18,692.96,317374.23
C0222,F006,458,318.62,796.55,364821.17
C0222,F007,458,328.8,822.0,376474.99
C0222,F008,458,406.61,1016.53,465569.43
C0222,F009,458,451.65,1129.11,517134.55
C0222,F010,458,867.28,2168.21,993039.09
C0222,F011,458,349.34,873.34,399991.56
C0222,F012,458,299.05,747.63,342414.4
C0222,F013,458,585.8,1464.51,670744.39
C0222,F014,458,254.12,635.3,290968.78
C0222,F015,458,867.2,2168.01,992946.35
C0222,F016,458,884.46,2211.15,1012705.29
C0222,F017,458,486.65,1216.62,557210.21
C0222,F018,458,300.82,752.04,344435.04
C0222,F019,458,64.04,160.1,73327.86
C0222,F020,458,333.32,833.31,381656.79
C0223,F001,420,1320.94,3302.34,1386983.13
C0223,F002,420,1287.41,3218.51,1351775.6
C0223,F003,420,45.27,113.17,47532.01
C0223,F004,420,15.02,37.56,15775.11
C0223,F005,420,1322.61,3306.52,1388739.5
C0223,F006,420,1260.36,3150.9,1323377.04
C0223,F007,420,1245.32,3113.31,1307588.43
C0223,F008,420,1331.03,3327.57,1397578.74
C0223,F009,420,1295.8,3239.5,1360592.04
C0223,F010,420,932.96,2332.4,979606.88
C0223,F011,420,1228.32,3070.81,1289740.61
C0223,F012,420,1293.64,3234.1,1358321.81
C0223,F013,420,962.69,2406.73,1010826.97
C0223,F014,420,1345.77,3364.43,1413058.64
C0223,F015,420,911.84,2279.6,957431.36
C0223,F016,420,900.92,2252.3,945964.59
C0223,F017,420,1260.7,3151.76,1323738.98
C0223,F018,420,1310.78,3276.95,1376320.8
C0223,F019,420,1482.82,3707.05,1556959.07
C0223,F020,420,1238.61,3096.51,1300536.07
C0224,F001,2137,579.48,1448.69,3095846.51
C0224,F002,2137,613.9,1534.76,3279773.65
C0224,F003,2137,1342.94,3357.34,7174641.13
C0224,F004,2137,1309.68,3274.2,6996968.02
C0224,F005,2137,569.74,1424.35,3043832.9
C0224,F006,2137,541.74,1354.35,2894243.53
C0224,F007,2137,533.72,1334.31,2851411.62
C0224,F008,2137,105.82,264.55,565343.24
C0224,F009,2137,73.58,183.96,393127.78
C0224,F010,2137,440.42,1101.05,2352943.29
C0224,F011,2137,544.52,1361.29,2909080.03
C0224,F012,2137,562.23,1405.57,3003699.17
C0224,F013,2137,537.88,1344.7,2873625.21
C0224,F014,2137,567.23,1418.07,3030411.15
C0224,F015,2137,451.28,1128.21,2410979.01
C0224,F016,2137,467.81,1169.52,2499273.75
C0224,F017,2137,73.72,184.3,393850.48
C0224,F018,2137,589.08,1472.69,3147139.73
C0224,F019,2137,469.08,1172.7,2506051.16
C0224,F020,2137,529.82,1324.54,2830543.5
C0225,F001,946,67.3,168.25,159162.16
C0225,F002,946,83.86,209.66,198336.16
C0225,F003,946,1306.01,3265.03,3088714.36
C0225,F004,946,1266.18,3165.44,2994505.13
C0225,F005,946,63.18,157.94,149414.13
C0225,F006,946,13.99,34.97,33077.65
C0225,F007,946,22.59,56.47,53424.63
C0225,F008,946,434.43,1086.08,1027435.7
C0225,F009,946,456.83,1142.07,1080400.24
C0225,F010,946,731.74,1829.35,1730566.75
C0225,F011,946,42.62,106.54,100789.58
C0225,F012,946,38.73,96.83,91596.51
C0225,F013,946,309.68,774.2,732390.81
C0225,F014,946,81.69,204.22,193192.97
C0225,F015,946,723.39,1808.48,1710822.62
C0225,F016,946,738.82,1847.06,1747315.97
C0225,F017,946,470.77,1176.93,1113378.3
C0225,F018,946,68.04,170.09,160905.61
C0225,F019,946,252.5,631.26,597173.3
C0225,F020,946,28.72,71.79,67914.8
C0226,F001,395,1297.54,3243.86,1281324.1
C0226,F002,395,1263.44,3158.59,1247643.65
C0226,F003,395,74.64,186.59,73703.82
C0226,F004,395,39.99,99.98,39492.69
C0226,F005,395,1299.36,3248.4,1283118.18
C0226,F006,395,1237.38,3093.44,1221908.8
C0226,F007,395,1222.44,3056.1,1207161.22
C0226,F008,395,1315.7,3289.24,1299251.48
C0226,F009,395,1281.13,3202.82,1265114.05
C0226,F010,395,925.25,2313.13,913684.43
C0226,F011,395,1205.27,3013.16,1190199.23
C0226,F012,395,1270.42,3176.05,1254539.22
C0226,F013,395,940.94,2352.34,929173.52
C0226,F014,395,1322.63,3306.59,1306101.9
C0226,F015,395,903.76,2259.41,892466.42
C0226,F016,395,893.28,2233.2,882112.13
C0226,F017,395,1246.48,3116.19,1230894.78
C0226,F018,395,1287.22,3218.06,1271132.33
C0226,F019,395,1461.92,3654.81,1443650.19
C0226,F020,395,1215.78,3039.45,1200581.7
C0227,F001,385,56.24,140.61,54135.63
C0227,F002,385,28.6,71.5,27528.86
C0227,F003,385,1353.27,3383.19,1302526.49
C0227,F004,385,1312.95,3282.38,1263715.11
C0227,F005,385,66.75,166.87,64246.15
C0227,F006,385,97.72,244.3,94056.4
C0227,F007,385,111.54,278.85,107355.7
C0227,F008,385,533.34,1333.36,513343.61
C0227,F009,385,558.49,1396.22,537545.85
C0227,F010,385,831.83,2079.57,800636.12
C0227,F011,385,113.68,284.2,109417.82
C0227,F012,385,69.85,174.62,67226.97
C0227,F013,385,377.14,942.85,362995.88
C0227,F014,385,81.79,204.48,78724.5
C0227,F015,385,822.47,2056.17,791626.03
C0227,F016,385,837.5,2093.75,806094.24
C0227,F017,385,574.24,1435.59,552701.96
C0227,F018,385,43.45,108.63,41822.11
C0227,F019,385,291.0,727.51,280092.0
C0227,F020,385,118.3,295.74,113860.65
C0228,F001,769,71.76,179.39,137953.46
C0228,F002,769,58.18,145.46,111857.37
C0228,F003,769,1288.65,3221.62,2477428.48
C0228,F004,769,1248.59,3121.48,2400420.75
C0228,F005,769,73.72,184.3,141728.73
C0228,F006,769,26.88,67.19,51667.51
C0228,F007,769,31.23,78.08,60040.81
C0228,F008,769,470.85,1177.14,905217.06
C0228,F009,769,491.36,1228.4,944642.09
C0228,F010,769,746.62,1866.54,1435369.54
C0228,F011,769,28.18,70.44,54168.41
C0228,F012,769,45.28,113.19,87044.97
C0228,F013,769,299.64,749.09,576052.19
C0228,F014,769,97.74,244.36,187910.44
C0228,F015,769,737.09,1842.71,1417046.11
C0228,F016,769,752.07,1880.17,1445853.49
C0228,F017,769,503.42,1258.55,967821.8
C0228,F018,769,63.27,158.17,121633.34
C0228,F019,769,288.96,722.41,555531.08
C0228,F020,769,35.98,89.95,69172.01
C0229,F001,1456,562.37,1405.92,2047026.76
C0229,F002,1456,546.89,1367.24,1990696.04
C0229,F003,1456,848.85,2122.13,3089817.36
C0229,F004,1456,811.36,2028.4,2953348.04
C0229,F005,1456,560.44,1401.1,2039999.79
C0229,F006,1456,495.81,1239.52,1804738.85
C0229,F007,1456,479.37,1198.43,1744921.16
C0229,F008,1456,532.14,1330.36,1937002.43
C0229,F009,1456,505.03,1262.58,1838317.84
C0229,F010,1456,367.56,918.91,1337925.75
C0229,F011,1456,467.97,1169.92,1703399.99
C0229,F012,1456,532.58,1331.46,1938607.77
C0229,F013,1456,201.86,504.66,734778.45
C0229,F014,1456,579.67,1449.17,2109990.17
C0229,F015,1456,346.86,867.14,1262555.94
C0229,F016,1456,354.28,885.7,1289578.5
C0229,F017,1456,476.92,1192.31,1736005.98
C0229,F018,1456,557.11,1392.78,2027881.26
C0229,F019,1456,678.26,1695.66,2468881.02
C0229,F020,1456,471.86,1179.65,1717577.4
C0230,F001,2209,16.4,41.01,90584.72
C0230,F002,2209,65.52,163.79,361819.72
C0230,F003,2209,1376.79,3441.97,7603312.21
C0230,F004,2209,1336.72,3341.81,7382052.65
C0230,F005,2209,18.07,45.17,99775.74
C0230,F006,2209,82.01,205.02,452886.0
C0230,F007,2209,98.45,246.12,543671.65
C0230,F008,2209,482.59,1206.47,2665086.65
C0230,F009,2209,510.52,1276.31,2819363.66
C0230,F010,2209,810.12,2025.3,4473886.23
C0230,F011,2209,111.3,278.26,614677.02
C0230,F012,2209,45.36,113.41,250512.91
C0230,F013,2209,386.07,965.16,2132049.37
C0230,F014,2209,20.72,51.8,114424.92
C0230,F015,2209,802.37,2005.91,4431064.1
C0230,F016,2209,817.98,2044.96,4517316.19
C0230,F017,2209,528.99,1322.49,2921373.35
C0230,F018,2209,29.2,73.01,161274.29
C0230,F019,2209,230.76,576.91,1274389.68
C0230,F020,2209,105.97,264.93,585226.99
C0231,F001,1219,7.82,19.55,23832.25
C0231,F002,1219,52.05,130.12,158613.74
C0231,F003,1219,1364.76,3411.9,4159107.71
C0231,F004,1219,1324.66,3311.65,4036904.09
C0231,F005,1219,17.14,42.86,52243.24
C0231,F006,1219,73.46,183.65,223868.73
C0231,F007,1219,89.87,224.67,273873.29
C0231,F008,1219,486.86,1217.15,1483711.74
C0231,F009,1219,513.74,1284.34,1565608.02
C0231,F010,1219,805.93,2014.82,2456063.9
C0231,F011,1219,101.03,252.57,307877.58
C0231,F012,1219,36.62,91.56,111606.35
C0231,F013,1219,375.62,939.04,1144692.05
C0231,F014,1219,32.71,81.77,99672.42
C0231,F015,1219,797.8,1994.49,2431287.9
C0231,F016,1219,813.29,2033.22,2478497.26
C0231,F017,1219,531.24,1328.11,1618967.86
C0231,F018,1219,15.47,38.66,47130.49
C0231,F019,1219,243.21,608.02,741180.12
C0231,F020,1219,97.43,243.56,296904.71
C0232,F001,924,401.0,1002.5,926308.15
C0232,F002,924,384.6,961.51,888436.15
C0232,F003,924,983.86,2459.64,2272707.35
C0232,F004,924,944.95,2362.38,2182840.02
C0232,F005,924,399.49,998.71,922810.39
C0232,F006,924,334.71,836.79,773189.92
C0232,F007,924,318.35,795.87,735381.48
C0232,F008,924,464.4,1161.01,1072773.4
C0232,F009,924,450.81,1127.03,1041371.98
C0232,F010,924,473.82,1184.55,1094521.04
C0232,F011,924,306.2,765.5,707324.85
C0232,F012,924,371.31,928.27,857723.26
C0232,F013,924,48.83,122.07,112790.58
C0232,F014,924,419.43,1048.58,968886.82
C0232,F015,924,457.78,1144.44,1057460.89
C0232,F016,924,469.4,1173.5,1084318.17
C0232,F017,924,434.12,1085.31,1002823.3
C0232,F018,924,395.28,988.19,913089.91
C0232,F019,924,535.33,1338.33,1236620.5
C0232,F020,924,310.89,777.22,718155.08
C0233,F001,436,1257.24,3143.11,1370394.82
C0233,F002,436,1224.45,3061.11,1334645.95
C0233,F003,436,103.15,257.86,112428.97
C0233,F004,436,63.37,158.43,69076.66
C0233,F005,436,1258.75,3146.87,1372036.89
C0233,F006,436,1196.22,2990.56,1303883.02
C0233,F007,436,1181.08,2952.71,1287379.65
C0233,F008,436,1264.16,3160.39,1377931.81
C0233,F009,436,1229.06,3072.65,1339676.23
C0233,F010,436,869.97,2174.92,948265.71
C0233,F011,436,1164.28,2910.7,1269063.29
C0233,F012,436,1229.76,3074.39,1340432.95
C0233,F013,436,897.51,2243.77,978283.07
C0233,F014,436,1281.78,3204.45,1397138.72
C0233,F015,436,848.55,2121.37,924918.88
C0233,F016,436,837.98,2094.96,913401.06
C0233,F017,436,1194.07,2985.19,1301540.7
C0233,F018,436,1247.29,3118.22,1359545.74
C0233,F019,436,1416.95,3542.36,1544470.26
C0233,F020,436,1174.31,2935.78,1280000.08
C0234,F001,731,415.81,1039.52,759889.81
C0234,F002,731,395.45,988.64,722692.7
C0234,F003,731,959.19,2397.97,1752917.87
C0234,F004,731,920.01,2300.03,1681320.74
C0234,F005,731,415.07,1037.66,758532.45
C0234,F006,731,350.38,875.95,640322.14
C0234,F007,731,334.23,835.58,610811.93
C0234,F008,731,498.12,1245.3,910312.57
C0234,F009,731,484.32,1210.8,885092.39
C0234,F010,731,488.77,1221.93,893234.18
C0234,F011,731,320.56,801.4,585821.21
C0234,F012,731,386.44,966.1,706217.31
C0234,F013,731,46.73,116.83,85399.32
C0234,F014,731,435.99,1089.97,796764.83
C0234,F015,731,471.58,1178.95,861814.51
C0234,F016,731,482.33,1205.82,881451.81
C0234,F017,731,467.21,1168.03,853828.52
C0234,F018,731,408.99,1022.48,747433.54
C0234,F019,731,561.15,1402.87,1025496.59
C0234,F020,731,326.92,817.3,597448.87
C0235,F001,872,28.97,72.41,63145.05
C0235,F002,872,67.59,168.98,147350.92
C0235,F003,872,1343.47,3358.67,2928757.35
C0235,F004,872,1303.53,3258.83,2841697.54
C0235,F005,872,22.65,56.64,49385.95
C0235,F006,872,44.3,110.76,96584.59
C0235,F007,872,60.19,150.48,131218.28
C0235,F008,872,453.89,1134.71,989471.44
C0235,F009,872,479.51,1198.77,1045324.22
C0235,F010,872,769.82,1924.55,1678205.78
C0235,F011,872,76.1,190.25,165896.06
C0235,F012,872,15.8,39.51,34453.05
C0235,F013,872,349.17,872.92,761184.8
C0235,F014,872,41.69,104.24,90895.08
C0235,F015,872,761.91,1904.78,1660965.65
C0235,F016,872,777.49,1943.71,1694917.65
C0235,F017,872,496.11,1240.28,1081521.8
C0235,F018,872,36.29,90.73,79114.08
C0235,F019,872,234.22,585.56,510607.52
C0235,F020,872,67.49,168.72,147126.1
C0236,F001,685,518.56,1296.39,888027.62
C0236,F002,685,552.03,1380.07,945351.06
C0236,F003,685,1318.96,3297.39,2258715.48
C0236,F004,685,1284.7,3211.74,2200044.25
C0236,F005,685,508.94,1272.34,871552.85
C0236,F006,685,479.58,1198.96,821286.57
C0236,F007,685,471.34,1178.36,807175.41
C0236,F008,685,61.06,152.65,104567.82
C0236,F009,685,13.82,34.54,23658.51
C0236,F010,685,443.82,1109.55,760045.16
C0236,F011,685,481.93,1204.83,825306.8
C0236,F012,685,500.69,1251.73,857434.86
C0236,F013,685,481.89,1204.72,825232.31
C0236,F014,685,507.2,1268.0,868578.06
C0236,F015,685,451.52,1128.8,773228.66
C0236,F016,685,468.65,1171.63,802564.5
C0236,F017,685,31.64,79.1,54181.95
C0236,F018,685,527.83,1319.57,903902.52
C0236,F019,685,420.55,1051.37,720187.53
C0236,F020,685,467.35,1168.38,800340.75
C0237,F001,1757,1335.19,3337.98,5864830.73
C0237,F002,1757,1300.62,3251.54,5712960.23
C0237,F003,1757,60.59,151.47,266136.03
C0237,F004,1757,49.67,124.19,218193.3
C0237,F005,1757,1337.12,3342.79,5873289.72
C0237,F006,1757,1275.33,3188.33,5601904.56
C0237,F007,1757,1260.47,3151.18,5536626.94
C0237,F008,1757,1355.84,3389.6,5955531.22
C0237,F009,1757,1321.25,3303.12,5803573.37
C0237,F010,1757,963.68,2409.21,4232974.55
C0237,F011,1757,1243.17,3107.93,5460639.61
C0237,F012,1757,1308.2,3270.5,5746277.15
C0237,F013,1757,979.68,2449.21,4303264.93
C0237,F014,1757,1360.47,3401.18,5975878.7
C0237,F015,1757,942.34,2355.84,4139217.74
C0237,F016,1757,931.68,2329.2,4092400.43
C0237,F017,1757,1286.56,3216.4,5651221.36
C0237,F018,1757,1324.74,3311.86,5818930.06
C0237,F019,1757,1501.03,3752.57,6593273.78
C0237,F020,1757,1253.85,3134.62,5507525.29
C0238,F001,1854,49.21,123.04,228107.63
C0238,F002,1854,58.66,146.65,271881.9
C0238,F003,1854,1313.56,3283.91,6088363.67
C0238,F004,1854,1273.58,3183.95,5903047.05
C0238,F005,1854,48.57,121.44,225142.14
C0238,F006,1854,18.45,46.13,85520.1
C0238,F007,1854,34.53,86.32,160039.12
C0238,F008,1854,458.93,1147.32,2127128.6
C0238,F009,1854,481.8,1204.5,2233142.23
C0238,F010,1854,754.3,1885.74,3496165.11
C0238,F011,1854,46.51,116.28,215588.17
C0238,F012,1854,19.66,49.14,91114.56
C0238,F013,1854,321.14,802.85,1488486.57
C0238,F014,1854,71.43,178.58,331078.67
C0238,F015,1854,745.58,1863.96,3455781.62
C0238,F016,1854,760.88,1902.2,3526670.77
C0238,F017,1854,495.98,1239.96,2298877.32
C0238,F018,1854,45.79,114.48,212239.2
C0238,F019,1854,261.58,653.95,1212431.92
C0238,F020,1854,42.05,105.14,194920.48
C0239,F001,745,199.21,498.01,371019.51
C0239,F002,745,248.3,620.74,462451.47
C0239,F003,745,1544.23,3860.57,2876126.24
C0239,F004,745,1504.59,3761.49,2802307.99
C0239,F005,745,193.82,484.54,360981.56
C0239,F006,745,249.23,623.07,464186.02
C0239,F007,745,262.96,657.41,489768.84
C0239,F008,745,472.24,1180.61,879554.65
C0239,F009,745,512.7,1281.75,954903.33
C0239,F010,745,893.26,2233.14,1663691.55
C0239,F011,745,281.69,704.22,524646.75
C0239,F012,745,220.7,551.75,411057.43
C0239,F013,745,544.5,1361.24,1014123.11
C0239,F014,745,169.2,423.01,315139.27
C0239,F015,745,890.09,2225.22,1657785.95
C0239,F016,745,906.89,2267.22,1689082.17
C0239,F017,745,542.77,1356.93,1010915.31
C0239,F018,745,213.46,533.64,397564.72
C0239,F019,745,114.34,285.84,212949.67
C0239,F020,745,269.15,672.88,501295.08
C0240,F001,341,37.2,92.99,31711.19
C0240,F002,341,73.59,183.97,62732.96
C0240,F003,341,1339.26,3348.16,1141723.31
C0240,F004,341,1299.37,3248.43,1107714.13
C0240,F005,341,30.41,76.02,25921.35
C0240,F006,341,40.06,100.14,34147.97
C0240,F007,341,55.2,137.99,47054.48
C0240,F008,341,446.32,1115.8,380487.33
C0240,F009,341,471.68,1179.19,402105.08
C0240,F010,341,761.86,1904.65,649485.32
C0240,F011,341,72.44,181.09,61751.24
C0240,F012,341,19.85,49.63,16922.79
C0240,F013,341,343.93,859.82,293199.0
C0240,F014,341,47.15,117.87,40194.4
C0240,F015,341,754.02,1885.05,642802.9
C0240,F016,341,769.62,1924.05,656101.44
C0240,F017,341,488.1,1220.26,416107.3
C0240,F018,341,44.12,110.29,37610.32
C0240,F019,341,232.39,580.98,198114.53
C0240,F020,341,62.24,155.61,53062.9
C0241,F001,486,122.91,307.27,149334.64
C0241,F002,486,140.04,350.11,170154.1
C0241,F003,486,1277.01,3192.51,1551561.98
C0241,F004,486,1237.53,3093.82,1503596.02
C0241,F005,486,116.83,292.07,141946.54
C0241,F006,486,65.99,164.99,80183.25
C0241,F007,486,55.85,139.62,67855.08
C0241,F008,486,384.87,962.17,467612.52
C0241,F009,486,404.43,1011.07,491379.91
C0241,F010,486,675.47,1688.68,820698.22
C0241,F011,486,67.86,169.65,82451.76
C0241,F012,486,96.08,240.2,116735.98
C0241,F013,486,276.76,691.89,336257.37
C0241,F014,486,129.99,324.98,157940.02
C0241,F015,486,667.6,1669.0,811133.17
C0241,F016,486,683.21,1708.02,830097.4
C0241,F017,486,416.38,1040.96,505905.26
C0241,F018,486,125.57,313.91,152562.26
C0241,F019,486,255.0,637.5,309825.07
C0241,F020,486,51.91,129.78,63072.37
C0242,F001,849,434.55,1086.38,922332.84
C0242,F002,849,413.59,1033.98,877853.07
C0242,F003,849,940.16,2350.4,1995490.27
C0242,F004,849,901.01,2252.52,1912390.77
C0242,F005,849,433.9,1084.74,920948.36
C0242,F006,849,369.25,923.12,783727.84
C0242,F007,849,353.13,882.82,749516.01
C0242,F008,849,510.48,1276.21,1083501.92
C0242,F009,849,495.27,1238.19,1051219.23
C0242,F010,849,482.01,1205.04,1023076.38
C0242,F011,849,339.29,848.23,720148.67
C0242,F012,849,405.23,1013.08,860102.67
C0242,F013,849,64.8,161.99,137529.2
C0242,F014,849,454.91,1137.28,965550.76
C0242,F015,849,464.19,1160.47,985242.09
C0242,F016,849,474.42,1186.04,1006951.72
C0242,F017,849,476.92,1192.3,1012264.43
C0242,F018,849,427.59,1068.98,907564.34
C0242,F019,849,579.95,1449.89,1230953.19
C0242,F020,849,345.83,864.58,734032.45
C0243,F001,1070,978.55,2446.37,2617618.2
C0243,F002,1070,967.24,2418.1,2587363.72
C0243,F003,1070,623.22,1558.05,1667116.87
C0243,F004,1070,598.32,1495.8,1600508.9
C0243,F005,1070,975.56,2438.91,2609636.13
C0243,F006,1070,911.81,2279.52,2439082.78
C0243,F007,1070,895.37,2238.44,2395127.25
C0243,F008,1070,806.45,2016.11,2157241.28
C0243,F009,1070,763.0,1907.49,2041019.04
C0243,F010,1070,337.62,844.04,903121.36
C0243,F011,1070,885.86,2214.65,2369679.27
C0243,F012,1070,948.72,2371.81,2537839.26
C0243,F013,1070,624.43,1561.09,1670362.83
C0243,F014,1070,992.96,2482.39,2656155.01
C0243,F015,1070,320.15,800.38,856408.69
C0243,F016,1070,306.1,765.25,818815.56
C0243,F017,1070,723.1,1807.76,1934298.0
C0243,F018,1070,974.71,2436.76,2607337.18
C0243,F019,1070,1058.19,2645.48,2830665.48
C0243,F020,1070,887.82,2219.54,2374908.47
C0244,F001,159,468.03,1170.08,186043.04
C0244,F002,159,498.71,1246.78,198237.69
C0244,F003,159,1281.01,3202.51,509199.66
C0244,F004,159,1245.94,3114.86,495262.55
C0244,F005,159,458.74,1146.86,182350.03
C0244,F006,159,425.46,1063.65,169120.9
C0244,F007,159,416.34,1040.84,165494.22
C0244,F008,159,79.2,197.99,31480.06
C0244,F009,159,55.89,139.71,22214.47
C0244,F010,159,436.49,1091.22,173504.44
C0244,F011,159,425.86,1064.65,169279.75
C0244,F012,159,448.54,1121.35,178295.26
C0244,F013,159,421.62,1054.06,167595.85
C0244,F014,159,458.88,1147.19,182403.91
C0244,F015,159,440.95,1102.37,175277.35
C0244,F016,159,458.36,1145.9,182198.24
C0244,F017,159,55.92,139.81,22229.47
C0244,F018,159,476.4,1190.99,189368.0
C0244,F019,159,393.39,983.48,156372.77
C0244,F020,159,411.96,1029.9,163754.45
C0245,F001,1379,27.48,68.69,94726.39
C0245,F002,1379,66.08,165.21,227826.39
C0245,F003,1379,1343.74,3359.36,4632559.8
C0245,F004,1379,1303.8,3259.5,4494848.58
C0245,F005,1379,21.5,53.75,74123.73
C0245,F006,1379,44.75,111.88,154277.19
C0245,F007,1379,60.76,151.9,209474.26
C0245,F008,1379,455.55,1138.87,1570497.95
C0245,F009,1379,481.17,1202.92,1658821.47
C0245,F010,1379,771.16,1927.89,2658566.83
C0245,F011,1379,76.35,190.87,263211.49
C0245,F012,1379,14.84,37.09,51144.32
C0245,F013,1379,349.71,874.26,1205610.34
C0245,F014,1379,41.27,103.16,142263.2
C0245,F015,1379,763.22,1908.05,2631198.52
C0245,F016,1379,778.78,1946.96,2684854.61
C0245,F017,1379,497.76,1244.4,1716025.78
C0245,F018,1379,34.63,86.57,119383.21
C0245,F019,1379,235.18,587.95,810783.84
C0245,F020,1379,68.1,170.26,234788.58
C0246,F001,623,50.4,126.0,78496.62
C0246,F002,623,77.86,194.64,121261.99
C0246,F003,623,1403.42,3508.56,2185830.89
C0246,F004,623,1363.23,3408.07,2123228.27
C0246,F005,623,55.49,138.74,86433.26
C0246,F006,623,116.84,292.1,181981.1
C0246,F007,623,133.24,333.09,207517.73
C0246,F008,623,514.75,1286.87,801721.15
C0246,F009,623,544.08,1360.21,847408.06
C0246,F010,623,847.74,2119.35,1320353.88
C0246,F011,623,143.69,359.23,223803.08
C0246,F012,623,80.0,200.0,124599.44
C0246,F013,623,417.6,1044.0,650411.66
C0246,F014,623,49.55,123.86,77166.92
C0246,F015,623,839.92,2099.79,1308172.05
C0246,F016,623,855.51,2138.77,1332452.06
C0246,F017,623,563.64,1409.1,877870.26
C0246,F018,623,54.73,136.81,85234.34
C0246,F019,623,240.86,602.14,375135.32
C0246,F020,623,140.79,351.98,219285.68
C0247,F001,1192,598.58,1496.45,1783767.1
C0247,F002,1192,632.41,1581.02,1884573.42
C0247,F003,1192,1338.53,3346.31,3988805.3
C0247,F004,1192,1305.63,3264.08,3890789.19
C0247,F005,1192,588.9,1472.25,1754917.83
C0247,F006,1192,559.98,1399.95,1668745.34
C0247,F007,1192,551.7,1379.25,1644067.4
C0247,F008,1192,126.47,316.16,376867.2
C0247,F009,1192,92.24,230.61,274881.36
C0247,F010,1192,428.73,1071.83,1277624.52
C0247,F011,1192,562.15,1405.37,1675205.69
C0247,F012,1192,580.98,1452.45,1731316.3
C0247,F013,1192,548.0,1370.01,1633054.1
C0247,F014,1192,586.7,1466.76,1748380.11
C0247,F015,1192,440.45,1101.13,1312541.37
C0247,F016,1192,456.75,1141.87,1361111.59
C0247,F017,1192,85.54,213.86,254919.71
C0247,F018,1192,608.01,1520.01,1811855.42
C0247,F019,1192,489.81,1224.51,1459620.56
C0247,F020,1192,547.67,1369.18,1632057.31
C0248,F001,1700,95.8,239.5,407146.02
C0248,F002,1700,68.91,172.28,292881.58
C0248,F003,1700,1265.32,3163.29,5377590.79
C0248,F004,1700,1225.19,3062.97,5207050.4
C0248,F005,1700,99.0,247.51,420771.14
C0248,F006,1700,50.69,126.73,215446.47
C0248,F007,1700,47.6,118.99,202286.25
C0248,F008,1700,483.84,1209.6,2056311.79
C0248,F009,1700,502.16,1255.41,2134198.34
C0248,F010,1700,740.68,1851.7,3147895.57
C0248,F011,1700,31.39,78.48,133409.83
C0248,F012,1700,71.34,178.34,303180.23
C0248,F013,1700,280.62,701.55,1192639.57
C0248,F014,1700,123.39,308.48,524423.89
C0248,F015,1700,730.37,1825.91,3104053.36
C0248,F016,1700,745.03,1862.57,3166372.8
C0248,F017,1700,512.25,1280.64,2177083.01
C0248,F018,1700,85.12,212.8,361757.43
C0248,F019,1700,315.21,788.02,1339626.11
C0248,F020,1700,48.43,121.09,205845.5
C0249,F001,792,412.5,1031.24,816744.42
C0249,F002,792,392.6,981.5,777346.39
C0249,F003,792,963.43,2408.59,1907600.31
C0249,F004,792,924.28,2310.71,1830080.13
C0249,F005,792,411.67,1029.17,815101.1
C0249,F006,792,346.95,867.38,686966.65
C0249,F007,792,330.77,826.94,654933.34
C0249,F008,792,493.51,1233.77,977147.41
C0249,F009,792,479.86,1199.65,950119.41
C0249,F010,792,487.76,1219.39,965757.96
C0249,F011,792,317.26,793.16,628183.0
C0249,F012,792,383.08,957.71,758504.02
C0249,F013,792,44.3,110.76,87719.3
C0249,F014,792,432.48,1081.21,856319.58
C0249,F015,792,470.73,1176.84,932054.36
C0249,F016,792,481.62,1204.04,953600.2
C0249,F017,792,462.91,1157.27,916555.34
C0249,F018,792,405.8,1014.51,803492.69
C0249,F019,792,556.74,1391.84,1102336.38
C0249,F020,792,323.44,808.61,640417.54
C0250,F001,889,955.95,2389.88,2124600.89
C0250,F002,889,949.16,2372.9,2109511.99
C0250,F003,889,706.84,1767.1,1570952.77
C0250,F004,889,682.29,1705.72,1516388.06
C0250,F005,889,952.13,2380.33,2116111.22
C0250,F006,889,889.62,2224.04,1977175.62
C0250,F007,889,873.34,2183.35,1940997.27
C0250,F008,889,746.87,1867.16,1659909.44
C0250,F009,889,701.9,1754.75,1559969.85
C0250,F010,889,262.31,655.78,582987.36
C0250,F011,889,865.58,2163.94,1923741.26
C0250,F012,889,926.33,2315.83,2058774.27
C0250,F013,889,615.32,1538.31,1367555.28
C0250,F014,889,968.01,2420.03,2151409.21
C0250,F015,889,247.35,618.37,549728.26
C0250,F016,889,231.91,579.78,515425.73
C0250,F017,889,661.31,1653.28,1469769.32
C0250,F018,889,953.41,2383.53,2118961.42
C0250,F019,889,1017.64,2544.11,2261713.86
C0250,F020,889,865.82,2164.54,1924276.31
C0251,F001,1498,984.86,2462.15,3688305.75
C0251,F002,1498,978.02,2445.04,3662677.18
C0251,F003,1498,697.78,1744.45,2613180.42
C0251,F004,1498,674.55,1686.37,2526185.2
C0251,F005,1498,981.04,2452.6,3674001.42
C0251,F006,1498,918.53,2296.31,3439879.46
C0251,F007,1498,902.25,2255.62,3378912.94
C0251,F008,1498,772.2,1930.5,2891886.17
C0251,F009,1498,726.9,1817.24,2722227.9
C0251,F010,1498,283.1,707.76,1060221.37
C0251,F011,1498,894.46,2236.16,3349770.17
C0251,F012,1498,955.24,2388.11,3577381.97
C0251,F013,1498,643.71,1609.27,2410688.37
C0251,F014,1498,996.92,2492.29,3733451.04
C0251,F015,1498,269.58,673.94,1009562.64
C0251,F016,1498,253.58,633.94,949641.21
C0251,F017,1498,686.17,1715.44,2569725.26
C0251,F018,1498,982.32,2455.79,3678778.3
C0251,F019,1498,1045.81,2614.52,3916547.24
C0251,F020,1498,894.72,2236.81,3350735.92
C0252,F001,2144,500.6,1251.5,2683221.59
C0252,F002,2144,532.22,1330.54,2852685.15
C0252,F003,2144,1294.08,3235.19,6936254.86
C0252,F004,2144,1259.55,3148.88,6751191.19
C0252,F005,2144,491.19,1227.97,2632768.11
C0252,F006,2144,459.18,1147.95,2461202.96
C0252,F007,2144,450.3,1125.76,2413622.38
C0252,F008,2144,71.91,179.77,385430.6
C0252,F009,2144,30.07,75.17,161163.77
C0252,F010,2144,430.11,1075.29,2305416.27
C0252,F011,2144,460.1,1150.25,2466146.6
C0252,F012,2144,481.65,1204.14,2581666.55
C0252,F013,2144,452.66,1131.64,2426233.08
C0252,F014,2144,490.64,1226.59,2629807.9
C0252,F015,2144,436.45,1091.12,2339350.77
C0252,F016,2144,453.73,1134.33,2432005.84
C0252,F017,2144,24.15,60.39,129469.23
C0252,F018,2144,509.28,1273.21,2729757.56
C0252,F019,2144,415.67,1039.17,2227971.34
C0252,F020,2144,446.03,1115.07,2390706.74
C0253,F001,236,86.97,217.43,51313.47
C0253,F002,236,89.36,223.39,52720.36
C0253,F003,236,1280.82,3202.04,755681.28
C0253,F004,236,1240.96,3102.39,732163.6
C0253,F005,236,84.85,212.12,50059.67
C0253,F006,236,20.21,50.52,11922.89
C0253,F007,236,3.76,9.39,2215.58
C0253,F008,236,438.28,1095.69,258582.52
C0253,F009,236,458.2,1145.5,270337.17
C0253,F010,236,717.39,1793.48,423261.66
C0253,F011,236,19.28,48.19,11373.35
C0253,F012,236,57.13,142.82,33705.42
C0253,F013,236,285.39,713.48,168380.12
C0253,F014,236,105.43,263.58,62204.56
C0253,F015,236,708.38,1770.96,417945.89
C0253,F016,236,723.58,1808.94,426909.84
C0253,F017,236,469.99,1174.97,277293.97
C0253,F018,236,83.94,209.84,49522.13
C0253,F019,236,275.65,689.12,162632.41
C0253,F020,236,3.8,9.51,2244.02
C0254,F001,194,935.87,2339.68,453897.81
C0254,F002,194,926.82,2317.06,449508.88
C0254,F003,194,676.69,1691.72,328194.37
C0254,F004,194,650.6,1626.49,315539.68
C0254,F005,194,932.48,2331.19,452251.11
C0254,F006,194,869.27,2173.17,421594.65
C0254,F007,194,852.89,2132.24,413653.61
C0254,F008,194,749.82,1874.55,363662.78
C0254,F009,194,706.04,1765.1,342430.11
C0254,F010,194,280.16,700.41,135879.97
C0254,F011,194,844.24,2110.6,409456.98
C0254,F012,194,906.12,2265.3,439469.02
C0254,F013,194,588.32,1470.79,285332.85
C0254,F014,194,949.15,2372.88,460339.47
C0254,F015,194,262.33,655.82,127229.16
C0254,F016,194,248.5,621.25,120522.74
C0254,F017,194,666.0,1664.99,323008.43
C0254,F018,194,932.67,2331.68,452345.2
C0254,F019,194,1007.64,2519.09,488703.91
C0254,F020,194,845.34,2113.36,409992.21
C0255,F001,3317,80.51,201.27,667607.2
C0255,F002,3317,64.4,161.0,534038.35
C0255,F003,3317,1279.9,3199.75,10613584.33
C0255,F004,3317,1239.85,3099.62,10281430.04
C0255,F005,3317,82.39,205.98,683250.83
C0255,F006,3317,31.17,77.93,258510.35
C0255,F007,3317,30.9,77.26,256260.35
C0255,F008,3317,470.52,1176.31,3901821.63
C0255,F009,3317,490.23,1225.58,4065256.7
C0255,F010,3317,740.55,1851.38,6141017.28
C0255,F011,3317,22.12,55.29,183389.61
C0255,F012,3317,53.82,134.54,446261.6
C0255,F013,3317,291.1,727.76,2413971.25
C0255,F014,3317,106.33,265.82,881711.42
C0255,F015,3317,730.83,1827.08,6060416.67
C0255,F016,3317,745.74,1864.35,6184062.11
C0255,F017,3317,501.6,1254.01,4159550.58
C0255,F018,3317,71.87,179.66,595947.67
C0255,F019,3317,295.52,738.79,2450577.97
C0255,F020,3317,33.95,84.89,281567.15
C0256,F001,877,25.9,64.76,56790.37
C0256,F002,877,73.59,183.99,161355.06
C0256,F003,877,1355.99,3389.97,2973006.09
C0256,F004,877,1316.06,3290.16,2885470.9
C0256,F005,877,16.27,40.66,35662.62
C0256,F006,877,56.69,141.74,124302.05
C0256,F007,877,72.32,180.81,158568.51
C0256,F008,877,453.8,1134.49,994948.13
C0256,F009,877,480.52,1201.3,1053540.1
C0256,F010,877,777.56,1943.91,1704807.36
C0256,F011,877,88.68,221.7,194434.78
C0256,F012,877,26.85,67.12,58867.88
C0256,F013,877,361.25,903.11,792029.98
C0256,F014,877,29.65,74.14,65016.68
C0256,F015,877,769.95,1924.88,1688121.38
C0256,F016,877,785.62,1964.06,1722482.37
C0256,F017,877,498.09,1245.22,1092061.32
C0256,F018,877,38.09,95.22,83506.88
C0256,F019,877,224.09,560.22,491314.98
C0256,F020,877,79.5,198.75,174305.53
C0257,F001,560,958.91,2397.27,1342473.11
C0257,F002,560,950.01,2375.02,1330012.51
C0257,F003,560,670.64,1676.61,938902.42
C0257,F004,560,645.64,1614.09,903891.7
C0257,F005,560,955.48,2388.7,1337669.46
C0257,F006,560,892.32,2230.8,1249250.49
C0257,F007,560,875.95,2189.89,1226336.5
C0257,F008,560,768.07,1920.17,1075294.94
C0257,F009,560,723.89,1809.72,1013442.98
C0257,F010,560,292.13,730.34,408988.93
C0257,F011,560,867.36,2168.41,1214310.77
C0257,F012,560,929.17,2322.92,1300834.94
C0257,F013,560,611.58,1528.94,856207.6
C0257,F014,560,972.08,2430.21,1360916.97
C0257,F015,560,275.51,688.78,385718.86
C0257,F016,560,260.94,652.34,365309.82
C0257,F017,560,683.65,1709.11,957103.69
C0257,F018,560,955.76,2389.4,1338062.53
C0257,F019,560,1029.27,2573.18,1440980.79
C0257,F020,560,868.41,2171.02,1215769.48
C0258,F001,313,498.41,1246.02,390004.16
C0258,F002,313,466.12,1165.3,364738.21
C0258,F003,313,862.08,2155.19,674573.78
C0258,F004,313,821.96,2054.89,643180.81
C0258,F005,313,500.14,1250.34,391357.48
C0258,F006,313,438.36,1095.9,343018.08
C0258,F007,313,423.65,1059.12,331503.37
C0258,F008,313,634.09,1585.22,496175.19
C0258,F009,313,619.32,1548.3,484616.47
C0258,F010,313,561.93,1404.83,439712.57
C0258,F011,313,406.15,1015.38,317814.08
C0258,F012,313,471.2,1177.99,368710.27
C0258,F013,313,157.88,394.71,123544.29
C0258,F014,313,523.43,1308.59,409587.34
C0258,F015,313,541.31,1353.28,423576.85
C0258,F016,313,548.61,1371.53,429289.14
C0258,F017,313,600.7,1501.75,470046.75
C0258,F018,313,488.36,1220.9,382141.47
C0258,F019,313,675.01,1687.53,528198.11
C0258,F020,313,417.13,1042.83,326404.25
C0259,F001,376,1263.78,3159.45,1187953.96
C0259,F002,376,1231.66,3079.14,1157755.93
C0259,F003,376,98.57,246.43,92657.65
C0259,F004,376,62.24,155.6,58504.72
C0259,F005,376,1265.13,3162.81,1189218.22
C0259,F006,376,1202.34,3005.84,1130196.2
C0259,F007,376,1187.09,2967.73,1115865.67
C0259,F008,376,1262.93,3157.32,1187151.09
C0259,F009,376,1227.29,3068.21,1153648.56
C0259,F010,376,862.84,2157.11,811071.71
C0259,F011,376,1170.49,2926.23,1100263.15
C0259,F012,376,1236.11,3090.28,1161946.89
C0259,F013,376,902.5,2256.25,848350.48
C0259,F014,376,1288.02,3220.05,1210737.24
C0259,F015,376,841.69,2104.23,791189.13
C0259,F016,376,830.81,2077.02,780959.22
C0259,F017,376,1191.94,2979.84,1120420.14
C0259,F018,376,1254.02,3135.05,1178778.17
C0259,F019,376,1420.78,3551.95,1335531.79
C0259,F020,376,1180.27,2950.66,1109449.78
C0260,F001,554,47.49,118.71,65767.61
C0260,F002,554,8.22,20.55,11383.09
C0260,F003,554,1327.67,3319.17,1838822.17
C0260,F004,554,1287.43,3218.59,1783097.45
C0260,F005,554,56.3,140.74,77972.26
C0260,F006,554,66.66,166.65,92322.88
C0260,F007,554,79.44,198.59,110018.91
C0260,F008,554,508.86,1272.15,704772.8
C0260,F009,554,532.35,1330.87,737301.23
C0260,F010,554,799.0,1997.51,1106618.99
C0260,F011,554,80.69,201.73,111760.12
C0260,F012,554,45.83,114.58,63478.86
C0260,F013,554,346.55,866.37,479966.75
C0260,F014,554,78.47,196.18,108684.01
C0260,F015,554,789.56,1973.91,1093544.8
C0260,F016,554,804.57,2011.43,1114330.8
C0260,F017,554,546.76,1366.9,757264.69
C0260,F018,554,31.78,79.44,44012.48
C0260,F019,554,287.83,719.59,398651.35
C0260,F020,554,85.93,214.83,119018.1
C0261,F001,482,1280.0,3200.0,1542400.79
C0261,F002,482,1246.55,3116.38,1502093.74
C0261,F003,482,82.85,207.13,99836.35
C0261,F004,482,42.37,105.92,51051.78
C0261,F005,482,1281.66,3204.15,1544400.87
C0261,F006,482,1219.39,3048.49,1469369.93
C0261,F007,482,1204.35,3010.88,1451245.69
C0261,F008,482,1292.25,3230.61,1557155.97
C0261,F009,482,1257.38,3143.44,1515137.95
C0261,F010,482,899.43,2248.58,1083813.56
C0261,F011,482,1187.36,2968.41,1430773.13
C0261,F012,482,1252.69,3131.72,1509490.56
C0261,F013,482,921.75,2304.38,1110711.76
C0261,F014,482,1304.81,3262.03,1572299.86
C0261,F015,482,878.0,2195.01,1057994.75
C0261,F016,482,867.45,2168.61,1045271.62
C0261,F017,482,1222.53,3056.33,1473149.21
C0261,F018,482,1269.86,3174.66,1530186.78
C0261,F019,482,1442.0,3605.0,1737608.44
C0261,F020,482,1197.64,2994.09,1443150.26
C0262,F001,1213,72.13,180.33,218741.88
C0262,F002,1213,103.88,259.71,315022.37
C0262,F003,1213,1324.25,3310.62,4015787.78
C0262,F004,1213,1284.56,3211.4,3895431.07
C0262,F005,1213,64.36,160.89,195157.99
C0262,F006,1213,42.46,106.14,128751.85
C0262,F007,1213,48.72,121.8,147737.44
C0262,F008,1213,413.34,1033.34,1253444.23
C0262,F009,1213,437.71,1094.28,1327359.95
C0262,F010,1213,728.93,1822.33,2210490.9
C0262,F011,1213,69.45,173.63,210615.88
C0262,F012,1213,51.09,127.73,154932.47
C0262,F013,1213,325.38,813.44,986707.53
C0262,F014,1213,74.95,187.39,227298.55
C0262,F015,1213,721.49,1803.73,2187924.66
C0262,F016,1213,737.23,1843.07,2235647.35
C0262,F017,1213,453.52,1133.81,1375307.11
C0262,F018,1213,78.78,196.96,238907.84
C0262,F019,1213,225.07,562.68,682534.72
C0262,F020,1213,52.75,131.88,159973.7
C0263,F001,858,25.57,63.92,54841.05
C0263,F002,858,37.85,94.64,81198.74
C0263,F003,858,1361.12,3402.81,2919609.86
C0263,F004,858,1320.93,3302.33,2833396.84
C0263,F005,858,35.98,89.94,77172.1
C0263,F006,858,80.76,201.91,173239.43
C0263,F007,858,96.52,241.3,207038.62
C0263,F008,858,504.97,1262.43,1083163.15
C0263,F009,858,531.22,1328.06,1139472.76
C0263,F010,858,816.43,2041.09,1751251.28
C0263,F011,858,104.12,260.3,223339.94
C0263,F012,858,46.47,116.17,99672.64
C0263,F013,858,376.39,940.97,807355.42
C0263,F014,858,50.88,127.2,109141.35
C0263,F015,858,807.83,2019.59,1732805.06
C0263,F016,858,823.16,2057.89,1765671.47
C0263,F017,858,548.09,1370.22,1175647.97
C0263,F018,858,16.98,42.45,36423.12
C0263,F019,858,261.04,652.61,559939.65
C0263,F020,858,103.92,259.8,222909.81
C0264,F001,469,783.31,1958.27,918429.39
C0264,F002,469,789.77,1974.43,926010.0
C0264,F003,469,954.36,2385.89,1118983.63
C0264,F004,469,925.57,2313.93,1085232.09
C0264,F005,469,777.27,1943.18,911350.73
C0264,F006,469,720.96,1802.41,845328.54
C0264,F007,469,705.9,1764.76,827671.94
C0264,F008,469,489.69,1224.22,574158.14
C0264,F009,469,442.76,1106.89,519131.85
C0264,F010,469,15.0,37.51,17590.76
C0264,F011,469,703.63,1759.08,825009.45
C0264,F012,469,755.47,1888.68,885789.99
C0264,F013,469,508.53,1271.33,596253.27
C0264,F014,469,788.33,1970.82,924315.99
C0264,F015,469,23.16,57.91,27159.06
C0264,F016,469,37.66,94.14,44151.97
C0264,F017,469,401.61,1004.03,470889.88
C0264,F018,469,784.59,1961.47,919928.68
C0264,F019,469,795.89,1989.73,933183.92
C0264,F020,469,698.85,1747.13,819403.72
C0265,F001,584,48.04,120.11,70145.15
C0265,F002,584,77.42,193.54,113028.56
C0265,F003,584,1328.15,3320.36,1939092.84
C0265,F004,584,1288.28,3220.71,1880894.09
C0265,F005,584,42.21,105.53,61627.5
C0265,F006,584,29.94,74.85,43710.54
C0265,F007,584,44.0,110.0,64240.85
C0265,F008,584,440.11,1100.27,642556.86
C0265,F009,584,464.53,1161.33,678218.29
C0265,F010,584,750.36,1875.89,1095522.08
C0265,F011,584,62.33,155.84,91007.73
C0265,F012,584,24.27,60.66,35427.58
C0265,F013,584,332.2,830.49,485004.75
C0265,F014,584,59.24,148.09,86487.31
C0265,F015,584,742.4,1855.99,1083899.58
C0265,F016,584,757.96,1894.89,1106618.2
C0265,F017,584,480.19,1200.48,701077.85
C0265,F018,584,52.57,131.43,76754.58
C0265,F019,584,237.48,593.7,346722.48
C0265,F020,584,50.78,126.96,74144.25
C0266,F001,756,1244.33,3110.82,2351781.9
C0266,F002,756,1211.38,3028.45,2289504.56
C0266,F003,756,116.18,290.46,219589.17
C0266,F004,756,76.0,190.01,143646.27
C0266,F005,756,1245.87,3114.69,2354703.37
C0266,F006,756,1183.42,2958.54,2236657.28
C0266,F007,756,1168.3,2920.76,2208093.16
C0266,F008,756,1253.95,3134.88,2369968.67
C0266,F009,756,1219.11,3047.77,2304111.9
C0266,F010,756,862.94,2157.36,1630965.85
C0266,F011,756,1151.45,2878.62,2176236.16
C0266,F012,756,1216.89,3042.21,2299914.17
C0266,F013,756,885.02,2212.56,1672696.7
C0266,F014,756,1268.94,3172.34,2398290.97
C0266,F015,756,841.37,2103.42,1590185.66
C0266,F016,756,831.0,2077.49,1570584.37
C0266,F017,756,1184.29,2960.73,2238315.09
C0266,F018,756,1234.33,3085.83,2332884.54
C0266,F019,756,1404.78,3511.96,2655038.43
C0266,F020,756,1161.55,2903.87,2195324.9
C0267,F001,994,104.73,261.83,260261.83
C0267,F002,994,97.91,244.76,243293.98
C0267,F003,994,1260.1,3150.24,3131337.68
C0267,F004,994,1220.21,3050.52,3032213.35
C0267,F005,994,103.77,259.43,257871.43
C0267,F006,994,39.39,98.47,97883.66
C0267,F007,994,24.25,60.62,60253.21
C0267,F008,994,443.6,1108.99,1102340.01
C0267,F009,994,461.47,1153.67,1146745.15
C0267,F010,994,706.87,1767.18,1756577.36
C0267,F011,994,11.78,29.44,29266.88
C0267,F012,994,75.16,187.89,186767.26
C0267,F013,994,265.78,664.45,660466.36
C0267,F014,994,125.38,313.45,311566.26
C0267,F015,994,697.28,1743.2,1732742.36
C0267,F016,994,712.25,1780.63,1769945.28
C0267,F017,994,471.46,1178.65,1171574.11
C0267,F018,994,99.57,248.94,247442.49
C0267,F019,994,295.56,738.89,734454.28
C0267,F020,994,18.36,45.9,45627.26
C0268,F001,883,525.45,1313.62,1159923.16
C0268,F002,883,563.3,1408.26,1243491.09
C0268,F003,883,1378.11,3445.28,3042180.25
C0268,F004,883,1343.79,3359.48,2966420.54
C0268,F005,883,515.41,1288.52,1137764.71
C0268,F006,883,493.01,1232.53,1088320.25
C0268,F007,883,486.52,1216.31,1074002.71
C0268,F008,883,46.66,116.65,103006.0
C0268,F009,883,55.07,137.67,121564.95
C0268,F010,883,497.99,1244.98,1099318.01
C0268,F011,883,499.13,1247.83,1101836.52
C0268,F012,883,510.43,1276.07,1126767.03
C0268,F013,883,526.57,1316.41,1162392.75
C0268,F014,883,510.85,1277.12,1127695.09
C0268,F015,883,506.79,1266.97,1118730.29
C0268,F016,883,523.76,1309.39,1156190.95
C0268,F017,883,90.49,226.22,199750.65
C0268,F018,883,536.08,1340.21,1183405.61
C0268,F019,883,400.33,1000.83,883729.82
C0268,F020,883,483.33,1208.33,1066951.67
C0269,F001,479,96.92,242.3,116062.09
C0269,F002,479,110.15,275.36,131899.19
C0269,F003,479,1284.86,3212.14,1538614.93
C0269,F004,479,1245.16,3112.91,1491082.24
C0269,F005,479,92.2,230.49,110404.02
C0269,F006,479,36.14,90.35,43275.5
C0269,F007,479,26.55,66.38,31794.2
C0269,F008,479,413.36,1033.4,495000.51
C0269,F009,479,433.76,1084.4,519428.65
C0269,F010,479,701.96,1754.9,840597.94
C0269,F011,479,42.33,105.82,50687.12
C0269,F012,479,68.51,171.27,82037.37
C0269,F013,479,286.2,715.51,342727.07
C0269,F014,479,108.74,271.86,130219.13
C0269,F015,479,693.6,1734.0,830587.47
C0269,F016,479,709.04,1772.59,849069.77
C0269,F017,479,446.16,1115.41,534280.97
C0269,F018,479,97.71,244.28,117010.74
C0269,F019,479,259.56,648.91,310828.27
C0269,F020,479,24.3,60.76,29104.23
C0270,F001,224,59.31,148.27,33213.18
C0270,F002,224,51.36,128.4,28762.07
C0270,F003,224,1301.12,3252.8,728627.74
C0270,F004,224,1261.07,3152.67,706197.99
C0270,F005,224,61.28,153.19,34315.1
C0270,F006,224,24.28,60.71,13598.94
C0270,F007,224,34.89,87.22,19538.35
C0270,F008,224,470.76,1176.9,263626.31
C0270,F009,224,492.4,1230.99,275742.61
C0270,F010,224,754.74,1886.85,422655.43
C0270,F011,224,38.24,95.61,21415.65
C0270,F012,224,33.05,82.62,18507.7
C0270,F013,224,311.63,779.08,174512.98
C0270,F014,224,85.39,213.48,47819.01
C0270,F015,224,745.49,1863.73,417476.25
C0270,F016,224,760.59,1901.47,425928.19
C0270,F017,224,505.43,1263.58,283041.27
C0270,F018,224,51.33,128.33,28746.29
C0270,F019,224,279.26,698.14,156383.61
C0270,F020,224,41.28,103.2,23117.29
C0271,F001,197,382.63,956.57,188444.7
C0271,F002,197,365.35,913.38,179935.69
C0271,F003,197,997.75,2494.38,491392.6
C0271,F004,197,958.68,2396.69,472147.66
C0271,F005,197,381.33,953.33,187805.12
C0271,F006,197,316.54,791.35,155896.82
C0271,F007,197,300.23,750.56,147861.18
C0271,F008,197,464.65,1161.61,228837.99
C0271,F009,197,453.08,1132.71,223144.3
C0271,F010,197,491.87,1229.67,242245.93
C0271,F011,197,287.65,719.11,141665.39
C0271,F012,197,353.01,882.52,173856.92
C0271,F013,197,31.93,79.83,15726.57
C0271,F014,197,401.58,1003.96,197780.13
C0271,F015,197,476.15,1190.36,234501.88
C0271,F016,197,487.98,1219.95,240330.11
C0271,F017,197,438.09,1095.22,215757.83
C0271,F018,197,376.62,941.56,185487.11
C0271,F019,197,522.04,1305.09,257102.71
C0271,F020,197,292.81,732.01,144206.65
C0272,F001,1313,37.06,92.65,121653.51
C0272,F002,1313,64.6,161.49,212041.5
C0272,F003,1313,1330.94,3327.36,4368825.59
C0272,F004,1313,1291.0,3227.51,4237720.33
C0272,F005,1313,33.27,83.18,109216.84
C0272,F006,1313,31.96,79.91,104922.56
C0272,F007,1313,48.09,120.22,157853.36
C0272,F008,1313,453.31,1133.28,1487991.74
C0272,F009,1313,477.82,1194.55,1568446.89
C0272,F010,1313,761.49,1903.71,2499574.8
C0272,F011,1313,63.56,158.9,208633.72
C0272,F012,1313,10.98,27.45,36039.29
C0272,F013,1313,336.96,842.4,1106065.02
C0272,F014,1313,54.09,135.22,177537.87
C0272,F015,1313,753.3,1883.24,2472695.83
C0272,F016,1313,768.78,1921.94,2523508.56
C0272,F017,1313,493.46,1233.65,1619788.94
C0272,F018,1313,39.68,99.2,130247.91
C0272,F019,1313,243.9,609.75,800604.58
C0272,F020,1313,55.49,138.73,182157.62
C0273,F001,230,564.83,1412.06,324774.5
C0273,F002,230,600.66,1501.64,345377.53
C0273,F003,230,1359.48,3398.69,781698.61
C0273,F004,230,1325.9,3314.75,762391.8
C0273,F005,230,554.96,1387.4,319100.98
C0273,F006,230,529.15,1322.88,304262.45
C0273,F007,230,521.72,1304.29,299987.4
C0273,F008,230,86.78,216.95,49897.78
C0273,F009,230,64.2,160.49,36912.34
C0273,F010,230,462.75,1156.87,266079.09
C0273,F011,230,533.22,1333.05,306602.44
C0273,F012,230,548.46,1371.14,315361.87
C0273,F013,230,538.84,1347.09,309830.17
C0273,F014,230,551.6,1379.01,317172.12
C0273,F015,230,473.09,1182.73,272026.84
C0273,F016,230,489.74,1224.36,281603.3
C0273,F017,230,78.04,195.09,44870.85
C0273,F018,230,574.85,1437.13,330540.66
C0273,F019,230,447.69,1119.22,257419.78
C0273,F020,230,518.08,1295.2,297895.71
C0274,F001,1631,1300.06,3250.15,5300992.79
C0274,F002,1631,1268.76,3171.91,5173388.73
C0274,F003,1631,75.49,188.73,307820.95
C0274,F004,1631,55.37,138.43,225775.16
C0274,F005,1631,1301.2,3253.0,5305650.09
C0274,F006,1631,1238.1,3095.26,5048362.36
C0274,F007,1631,1222.73,3056.82,4985679.81
C0274,F008,1631,1287.49,3218.73,5249747.52
C0274,F009,1631,1250.91,3127.27,5100577.88
C0274,F010,1631,876.32,2190.81,3573203.89
C0274,F011,1631,1206.4,3016.0,4919094.65
C0274,F012,1631,1272.18,3180.44,5187304.47
C0274,F013,1631,936.97,2342.42,3820490.1
C0274,F014,1631,1323.91,3309.78,5398258.77
C0274,F015,1631,855.78,2139.46,3489453.5
C0274,F016,1631,844.24,2110.6,3442383.17
C0274,F017,1631,1214.93,3037.32,4953877.05
C0274,F018,1631,1290.54,3226.35,5262173.18
C0274,F019,1631,1453.37,3633.42,5926101.88
C0274,F020,1631,1215.84,3039.59,4957572.03
C0275,F001,820,1327.15,3317.88,2720660.17
C0275,F002,820,1293.35,3233.38,2651373.55
C0275,F003,820,45.12,112.81,92500.14
C0275,F004,820,24.18,60.44,49561.84
C0275,F005,820,1328.89,3322.22,2724220.5
C0275,F006,820,1266.75,3166.88,2596841.24
C0275,F007,820,1251.76,3129.4,2566104.35
C0275,F008,820,1339.74,3349.36,2746472.01
C0275,F009,820,1304.65,3261.63,2674534.42
C0275,F010,820,942.81,2357.03,1932764.3
C0275,F011,820,1234.68,3086.71,2531101.19
C0275,F012,820,1299.93,3249.83,2664857.82
C0275,F013,820,969.56,2423.91,1987607.98
C0275,F014,820,1352.1,3380.25,2771803.77
C0275,F015,820,921.65,2304.14,1889391.87
C0275,F016,820,910.78,2276.94,1867092.57
C0275,F017,820,1269.64,3174.1,2602760.04
C0275,F018,820,1316.92,3292.3,2699688.78
C0275,F019,820,1490.02,3725.05,3054541.1
C0275,F020,820,1245.06,3112.66,2552381.49
C0276,F001,522,547.72,1369.29,714770.08
C0276,F002,522,580.79,1451.98,757931.99
C0276,F003,522,1318.43,3296.09,1720557.44
C0276,F004,522,1284.68,3211.71,1676510.13
C0276,F005,522,538.13,1345.32,702256.91
C0276,F006,522,508.16,1270.39,663143.66
C0276,F007,522,499.7,1249.25,652106.27
C0276,F008,522,85.8,214.49,111962.82
C0276,F009,522,42.72,106.8,55748.46
C0276,F010,522,429.84,1074.61,560947.27
C0276,F011,522,509.98,1274.94,665520.72
C0276,F012,522,529.64,1324.09,691177.32
C0276,F013,522,500.79,1251.98,653532.3
C0276,F014,522,536.54,1341.34,700181.66
C0276,F015,522,438.91,1097.27,572772.95
C0276,F016,522,455.82,1139.54,594841.14
C0276,F017,522,36.91,92.29,48173.18
C0276,F018,522,556.88,1392.2,726730.48
C0276,F019,522,448.47,1121.16,585247.85
C0276,F020,522,495.6,1239.0,646758.1
C0277,F001,313,608.67,1521.68,476285.15
C0277,F002,313,638.18,1595.45,499374.39
C0277,F003,313,1279.56,3198.9,1001256.16
C0277,F004,313,1247.03,3117.57,975800.26
C0277,F005,313,599.46,1498.64,469073.94
C0277,F006,313,564.55,1411.37,441758.95
C0277,F007,313,554.74,1386.86,434087.73
C0277,F008,313,161.99,404.97,126755.35
C0277,F009,313,116.34,290.86,91039.58
C0277,F010,313,367.12,917.79,287267.53
C0277,F011,313,563.15,1407.87,440662.32
C0277,F012,313,588.68,1471.7,460643.51
C0277,F013,313,518.99,1297.48,406112.67
C0277,F014,313,599.78,1499.45,469327.1
C0277,F015,313,378.66,946.64,296298.41
C0277,F016,313,394.99,987.47,309076.71
C0277,F017,313,86.37,215.92,67582.13
C0277,F018,313,616.77,1541.94,482626.39
C0277,F019,313,522.91,1307.28,409179.9
C0277,F020,313,550.02,1375.06,430393.33
C0278,F001,1414,496.76,1241.9,1756048.56
C0278,F002,1414,526.53,1316.32,1861277.61
C0278,F003,1414,1272.36,3180.89,4497784.86
C0278,F004,1414,1237.78,3094.45,4375554.23
C0278,F005,1414,487.56,1218.9,1723527.86
C0278,F006,1414,453.03,1132.58,1601471.67
C0278,F007,1414,443.52,1108.8,1567848.32
C0278,F008,1414,91.23,228.08,322510.74
C0278,F009,1414,52.01,130.02,183841.76
C0278,F010,1414,413.36,1033.41,1461235.08
C0278,F011,1414,452.47,1131.18,1599485.26
C0278,F012,1414,476.82,1192.04,1685546.59
C0278,F013,1414,434.48,1086.21,1535895.12
C0278,F014,1414,488.1,1220.26,1725442.64
C0278,F015,1414,418.93,1047.33,1480918.21
C0278,F016,1414,436.28,1090.7,1542243.1
C0278,F017,1414,30.83,77.08,108986.4
C0278,F018,1414,504.87,1262.17,1784710.32
C0278,F019,1414,422.7,1056.76,1494259.69
C0278,F020,1414,438.96,1097.4,1551719.29
C0279,F001,170,1013.01,2532.54,430530.98
C0279,F002,170,1005.49,2513.73,427334.6
C0279,F003,170,678.59,1696.47,288399.93
C0279,F004,170,656.57,1641.43,279042.3
C0279,F005,170,1009.31,2523.27,428956.7
C0279,F006,170,946.59,2366.47,402300.67
C0279,F007,170,930.28,2325.7,395369.02
C0279,F008,170,802.6,2006.49,341103.45
C0279,F009,170,757.22,1893.06,321819.76
C0279,F010,170,312.1,780.26,132644.07
C0279,F011,170,922.24,2305.59,391950.71
C0279,F012,170,983.35,2458.38,417924.88
C0279,F013,170,669.39,1673.48,284491.27
C0279,F014,170,1025.4,2563.49,435793.13
C0279,F015,170,299.18,747.94,127150.27
C0279,F016,170,282.99,707.47,120269.06
C0279,F017,170,716.47,1791.18,304500.21
C0279,F018,170,1010.28,2525.7,429369.54
C0279,F019,170,1075.9,2689.75,457257.23
C0279,F020,170,922.75,2306.87,392167.56
C0280,F001,503,805.58,2013.95,1013018.34
C0280,F002,503,806.32,2015.79,1013944.39
C0280,F003,503,867.56,2168.89,1090953.53
C0280,F004,503,838.77,2096.92,1054751.01
C0280,F005,503,800.49,2001.22,1006614.72
C0280,F006,503,740.98,1852.44,931776.77
C0280,F007,503,725.24,1813.11,911993.18
C0280,F008,503,556.83,1392.08,700214.0
C0280,F009,503,511.44,1278.59,643130.32
C0280,F010,503,85.68,214.21,107745.44
C0280,F011,503,720.54,1801.34,906074.2
C0280,F012,503,776.75,1941.86,976757.42
C0280,F013,503,499.51,1248.77,628132.29
C0280,F014,503,813.79,2034.48,1023345.52
C0280,F015,503,63.76,159.39,80173.57
C0280,F016,503,54.44,136.11,68460.85
C0280,F017,503,470.72,1176.8,591929.34
C0280,F018,503,805.18,2012.96,1012518.7
C0280,F019,503,841.87,2104.68,1058654.65
C0280,F020,503,717.92,1794.79,902781.52
C0281,F001,1153,1329.62,3324.06,3832640.16
C0281,F002,1153,1297.86,3244.64,3741073.72
C0281,F003,1153,44.51,111.27,128294.76
C0281,F004,1153,39.69,99.22,114398.61
C0281,F005,1153,1330.87,3327.18,3836238.99
C0281,F006,1153,1267.93,3169.81,3654796.68
C0281,F007,1153,1252.61,3131.54,3610661.78
C0281,F008,1153,1319.91,3299.78,3804642.55
C0281,F009,1153,1283.36,3208.4,3699289.67
C0281,F010,1153,908.06,2270.15,2617480.25
C0281,F011,1153,1236.15,3090.38,3563206.14
C0281,F012,1153,1301.85,3254.63,3752590.89
C0281,F013,1153,967.35,2418.38,2788392.98
C0281,F014,1153,1353.68,3384.19,3901974.89
C0281,F015,1153,887.62,2219.05,2558560.62
C0281,F016,1153,875.97,2189.94,2524997.43
C0281,F017,1153,1247.4,3118.49,3595616.53
C0281,F018,1153,1319.97,3299.93,3804820.07
C0281,F019,1153,1484.46,3711.15,4278956.61
C0281,F020,1153,1245.75,3114.38,3590884.86
C0282,F001,879,495.33,1238.33,1088489.47
C0282,F002,879,530.69,1326.73,1166198.6
C0282,F003,879,1338.8,3347.01,2942020.76
C0282,F004,879,1304.11,3260.28,2865784.14
C0282,F005,879,485.53,1213.82,1066948.56
C0282,F006,879,459.1,1147.75,1008871.18
C0282,F007,879,451.66,1129.15,992523.43
C0282,F008,879,28.63,71.58,62921.12
C0282,F009,879,19.72,49.3,43330.52
C0282,F010,879,473.67,1184.17,1040882.0
C0282,F011,879,463.24,1158.1,1017969.17
C0282,F012,879,478.61,1196.54,1051756.38
C0282,F013,879,481.07,1202.66,1057142.19
C0282,F014,879,482.69,1206.74,1060722.17
C0282,F015,879,480.66,1201.66,1056255.62
C0282,F016,879,497.88,1244.71,1094102.26
C0282,F017,879,60.59,151.47,133144.3
C0282,F018,879,505.17,1262.93,1110116.01
C0282,F019,879,389.3,973.24,855476.44
C0282,F020,879,448.04,1120.1,984571.35
C0283,F001,537,1319.0,3297.5,1770757.66
C0283,F002,537,1286.62,3216.56,1727292.42
C0283,F003,537,43.49,108.72,58381.71
C0283,F004,537,20.06,50.15,26930.67
C0283,F005,537,1320.4,3300.99,1772630.75
C0283,F006,537,1257.68,3144.2,1688432.91
C0283,F007,537,1242.46,3106.15,1668001.4
C0283,F008,537,1316.64,3291.59,1767586.2
C0283,F009,537,1280.61,3201.53,1719219.93
C0283,F010,537,910.46,2276.16,1222296.46
C0283,F011,537,1225.81,3064.52,1645645.06
C0283,F012,537,1291.39,3228.47,1733688.11
C0283,F013,537,958.04,2395.11,1286172.8
C0283,F014,537,1343.33,3358.32,1803417.87
C0283,F015,537,889.71,2224.29,1194441.94
C0283,F016,537,878.39,2195.97,1179234.3
C0283,F017,537,1244.99,3112.47,1671394.82
C0283,F018,537,1309.17,3272.93,1757565.83
C0283,F019,537,1476.36,3690.9,1982012.73
C0283,F020,537,1235.65,3089.12,1658856.1
C0284,F001,687,74.04,185.11,127167.33
C0284,F002,687,92.73,231.84,159271.76
C0284,F003,687,1304.49,3261.23,2240465.18
C0284,F004,687,1264.71,3161.79,2172147.03
C0284,F005,687,69.06,172.64,118603.52
C0284,F006,687,21.64,54.09,37160.34
C0284,F007,687,24.94,62.35,42833.81
C0284,F008,687,425.64,1064.09,731030.83
C0284,F009,687,447.95,1119.88,769359.88
C0284,F010,687,724.4,1811.01,1244163.07
C0284,F011,687,45.67,114.19,78446.75
C0284,F012,687,46.41,116.03,79709.95
C0284,F013,687,307.04,767.6,527342.03
C0284,F014,687,85.89,214.72,147515.57
C0284,F015,687,716.22,1790.54,1230103.73
C0284,F016,687,731.71,1829.27,1256706.48
C0284,F017,687,461.9,1154.74,793309.1
C0284,F018,687,75.89,189.71,130332.76
C0284,F019,687,248.85,622.12,427398.16
C0284,F020,687,29.27,73.17,50266.15
C0285,F001,587,88.11,220.26,129294.59
C0285,F002,587,64.13,160.33,94113.72
C0285,F003,587,1272.67,3181.68,1867644.26
C0285,F004,587,1232.56,3081.4,1808784.47
C0285,F005,587,91.08,227.7,133659.14
C0285,F006,587,43.38,108.46,63666.99
C0285,F007,587,41.99,104.96,61613.74
C0285,F008,587,480.35,1200.89,704920.22
C0285,F009,587,499.36,1248.4,732810.99
C0285,F010,587,743.01,1857.52,1090364.96
C0285,F011,587,28.48,71.19,41791.33
C0285,F012,587,63.27,158.18,92850.59
C0285,F013,587,286.7,716.74,420728.86
C0285,F014,587,115.42,288.54,169372.49
C0285,F015,587,732.93,1832.31,1075568.16
C0285,F016,587,747.69,1869.22,1097229.79
C0285,F017,587,510.06,1275.15,748511.34
C0285,F018,587,77.85,194.62,114243.14
C0285,F019,587,307.39,768.47,451093.54
C0285,F020,587,43.85,109.64,64357.03
C0286,F001,833,530.41,1326.01,1104570.34
C0286,F002,833,565.5,1413.75,1177652.74
C0286,F003,833,1341.91,3354.78,2794535.27
C0286,F004,833,1307.8,3269.5,2723490.39
C0286,F005,833,520.62,1301.55,1084188.03
C0286,F006,833,493.71,1234.27,1028145.11
C0286,F007,833,486.06,1215.16,1012224.72
C0286,F008,833,57.41,143.54,119565.64
C0286,F009,833,28.23,70.58,58793.73
C0286,F010,833,460.15,1150.38,958270.03
C0286,F011,833,497.36,1243.39,1035746.46
C0286,F012,833,513.54,1283.86,1069453.49
C0286,F013,833,505.18,1262.96,1052042.62
C0286,F014,833,517.83,1294.59,1078391.31
C0286,F015,833,468.76,1171.89,976186.57
C0286,F016,833,485.75,1214.38,1011580.74
C0286,F017,833,53.63,134.07,111680.48
C0286,F018,833,540.19,1350.47,1124937.39
C0286,F019,833,421.43,1053.58,877634.41
C0286,F020,833,482.34,1205.85,1004470.17
C0287,F001,377,650.7,1626.76,613286.92
C0287,F002,377,685.5,1713.75,646083.74
C0287,F003,377,1365.93,3414.82,1287388.47
C0287,F004,377,1333.91,3334.77,1257208.5
C0287,F005,377,640.91,1602.29,604061.5
C0287,F006,377,613.4,1533.5,578130.36
C0287,F007,377,605.39,1513.49,570584.61
C0287,F008,377,173.63,434.07,163645.33
C0287,F009,377,145.25,363.14,136902.71
C0287,F010,377,439.45,1098.63,414184.9
C0287,F011,377,616.14,1540.35,580712.52
C0287,F012,377,633.72,1584.3,597280.35
C0287,F013,377,600.03,1500.09,565532.15
C0287,F014,377,638.0,1595.0,601314.93
C0287,F015,377,453.67,1134.18,427584.25
C0287,F016,377,469.13,1172.83,442158.24
C0287,F017,377,139.9,349.76,131857.93
C0287,F018,377,660.45,1651.13,622474.33
C0287,F019,377,532.09,1330.23,501497.37
C0287,F020,377,601.48,1503.7,566893.78
C0288,F001,338,37.64,94.1,31805.32
C0288,F002,338,74.7,186.74,63119.3
C0288,F003,338,1339.98,3349.95,1132283.71
C0288,F004,338,1300.09,3250.23,1098578.79
C0288,F005,338,30.57,76.43,25832.35
C0288,F006,338,40.86,102.14,34523.91
C0288,F007,338,55.86,139.65,47201.4
C0288,F008,338,445.42,1113.54,376378.12
C0288,F009,338,470.85,1177.13,397871.52
C0288,F010,338,761.68,1904.21,643621.33
C0288,F011,338,73.27,183.18,61914.86
C0288,F012,338,21.03,52.57,17767.29
C0288,F013,338,344.49,861.23,291096.16
C0288,F014,338,46.72,116.81,39482.27
C0288,F015,338,753.88,1884.7,637028.99
C0288,F016,338,769.49,1923.73,650221.05
C0288,F017,338,487.35,1218.38,411812.94
C0288,F018,338,44.92,112.3,37958.71
C0288,F019,338,231.2,577.99,195359.83
C0288,F020,338,62.86,157.15,53115.15
C0289,F001,1336,67.67,169.18,226030.01
C0289,F002,1336,46.89,117.23,156624.61
C0289,F003,1336,1293.41,3233.51,4319975.75
C0289,F004,1336,1253.29,3133.22,4185988.32
C0289,F005,1336,71.29,178.21,238093.7
C0289,F006,1336,36.28,90.7,121170.1
C0289,F007,1336,42.99,107.47,143581.1
C0289,F008,1336,482.05,1205.12,1610035.69
C0289,F009,1336,502.9,1257.26,1679694.59
C0289,F010,1336,757.94,1894.85,2531522.88
C0289,F011,1336,39.32,98.29,131315.2
C0289,F012,1336,44.66,111.66,149176.31
C0289,F013,1336,307.01,767.53,1025417.55
C0289,F014,1336,95.82,239.56,320049.91
C0289,F015,1336,748.28,1870.71,2499267.62
C0289,F016,1336,763.21,1908.04,2549137.74
C0289,F017,1336,515.19,1287.97,1720725.89
C0289,F018,1336,57.08,142.69,190637.35
C0289,F019,1336,292.84,732.1,978088.56
C0289,F020,1336,47.98,119.95,160250.52
C0290,F001,917,58.81,147.02,134816.75
C0290,F002,917,83.39,208.48,191177.23
C0290,F003,917,1318.55,3296.38,3022784.48
C0290,F004,917,1278.73,3196.82,2931484.14
C0290,F005,917,53.35,133.37,122297.5
C0290,F006,917,23.67,59.17,54255.62
C0290,F007,917,35.14,87.85,80555.24
C0290,F008,917,433.61,1084.03,994054.22
C0290,F009,917,457.21,1143.03,1048161.24
C0290,F010,917,739.49,1848.73,1695281.63
C0290,F011,917,54.77,136.92,125557.18
C0290,F012,917,32.79,81.98,75177.08
C0290,F013,917,321.91,804.77,737976.6
C0290,F014,917,70.16,175.39,160831.01
C0290,F015,917,731.45,1828.63,1676852.37
C0290,F016,917,746.99,1867.47,1712469.55
C0290,F017,917,472.2,1180.51,1082527.75
C0290,F018,917,62.07,155.18,142302.57
C0290,F019,917,241.49,603.72,553613.82
C0290,F020,917,41.34,103.35,94772.05
C0291,F001,1243,272.88,682.21,847989.97
C0291,F002,1243,308.44,771.09,958469.55
C0291,F003,1243,1633.22,4083.04,5075217.97
C0291,F004,1243,1593.12,3982.8,4950621.66
C0291,F005,1243,271.86,679.64,844796.37
C0291,F006,1243,335.71,839.28,1043224.13
C0291,F007,1243,351.55,878.88,1092453.67
C0291,F008,1243,596.49,1491.24,1853606.88
C0291,F009,1243,637.91,1594.76,1982290.26
C0291,F010,1243,1017.13,2542.84,3160745.75
C0291,F011,1243,366.88,917.21,1140094.29
C0291,F012,1243,300.88,752.19,934972.17
C0291,F013,1243,640.45,1601.14,1990212.49
C0291,F014,1243,249.73,624.33,776043.84
C0291,F015,1243,1013.28,2533.2,3148773.0
C0291,F016,1243,1029.94,2574.84,3200530.54
C0291,F017,1243,668.67,1671.67,2077882.24
C0291,F018,1243,282.89,707.23,879084.61
C0291,F019,1243,233.42,583.54,725344.71
C0291,F020,1243,358.73,896.83,1114759.96
C0292,F001,1438,1285.68,3214.2,4622014.92
C0292,F002,1438,1253.25,3133.13,4505436.28
C0292,F003,1438,75.52,188.81,271502.77
C0292,F004,1438,38.89,97.22,139804.91
C0292,F005,1438,1287.09,3217.73,4627095.22
C0292,F006,1438,1224.41,3061.02,4401746.51
C0292,F007,1438,1209.2,3023.01,4347087.23
C0292,F008,1438,1286.37,3215.93,4624509.33
C0292,F009,1438,1250.71,3126.79,4496317.28
C0292,F010,1438,885.22,2213.05,3182361.78
C0292,F011,1438,1192.52,2981.31,4287118.18
C0292,F012,1438,1258.09,3145.22,4522820.1
C0292,F013,1438,924.97,2312.42,3325265.28
C0292,F014,1438,1310.04,3275.1,4709598.98
C0292,F015,1438,864.16,2160.41,3106669.72
C0292,F016,1438,853.17,2132.93,3067148.65
C0292,F017,1438,1215.34,3038.36,4369162.8
C0292,F018,1438,1275.83,3189.58,4586622.61
C0292,F019,1438,1443.61,3609.02,5189777.62
C0292,F020,1438,1202.4,3006.0,4322626.81
C0293,F001,402,98.46,246.15,98953.59
C0293,F002,402,128.07,320.17,128709.46
C0293,F003,402,1313.01,3282.53,1319577.3
C0293,F004,402,1273.49,3183.74,1279861.72
C0293,F005,402,90.48,226.21,90935.78
C0293,F006,402,59.44,148.6,59738.08
C0293,F007,402,58.64,146.61,58937.5
C0293,F008,402,389.02,972.55,390964.63
C0293,F009,402,412.49,1031.22,414548.96
C0293,F010,402,704.17,1760.43,707694.31
C0293,F011,402,77.82,194.55,78210.89
C0293,F012,402,76.67,191.69,77058.11
C0293,F013,402,312.86,782.15,314426.25
C0293,F014,402,99.11,247.77,99602.51
C0293,F015,402,697.04,1742.6,700525.44
C0293,F016,402,712.88,1782.2,716444.72
C0293,F017,402,427.72,1069.31,429861.6
C0293,F018,402,104.95,262.37,105474.18
C0293,F019,402,223.59,558.96,224703.5
C0293,F020,402,59.41,148.53,59710.35
C0294,F001,823,1314.42,3286.05,2704421.37
C0294,F002,823,1281.15,3202.88,2635972.86
C0294,F003,823,48.08,120.2,98923.12
C0294,F004,823,9.19,22.97,18903.69
C0294,F005,823,1316.03,3290.08,2707734.07
C0294,F006,823,1253.67,3134.18,2579430.82
C0294,F007,823,1238.59,3096.48,2548407.09
C0294,F008,823,1322.1,3305.24,2720215.61
C0294,F009,823,1286.75,3216.87,2647480.3
C0294,F010,823,922.99,2307.46,1899042.54
C0294,F011,823,1221.67,3054.18,2513589.77
C0294,F012,823,1287.05,3217.63,2648108.32
C0294,F013,823,955.55,2388.88,1966046.48
C0294,F014,823,1339.14,3347.86,2755285.19
C0294,F015,823,901.9,2254.75,1855657.55
C0294,F016,823,890.94,2227.35,1833110.69
C0294,F017,823,1251.57,3128.92,2575099.88
C0294,F018,823,1304.34,3260.85,2683680.79
C0294,F019,823,1475.34,3688.34,3035505.63
C0294,F020,823,1231.86,3079.64,2534543.2
C0295,F001,959,394.58,986.45,946003.29
C0295,F002,959,380.91,952.28,913236.21
C0295,F003,959,998.38,2495.95,2393613.98
C0295,F004,959,959.67,2399.17,2300803.56
C0295,F005,959,392.54,981.35,941115.95
C0295,F006,959,327.95,819.88,786266.24
C0295,F007,959,311.51,778.77,746843.64
C0295,F008,959,443.29,1108.22,1062784.72
C0295,F009,959,429.65,1074.13,1030091.18
C0295,F010,959,463.82,1159.54,1111997.14
C0295,F011,959,300.49,751.22,720421.88
C0295,F012,959,364.77,911.92,874535.61
C0295,F013,959,61.87,154.66,148321.71
C0295,F014,959,411.76,1029.39,987186.46
C0295,F015,959,448.54,1121.34,1075364.71
C0295,F016,959,460.7,1151.74,1104517.07
C0295,F017,959,413.11,1032.76,990419.5
C0295,F018,959,389.62,974.05,934115.77
C0295,F019,959,520.85,1302.12,1248737.05
C0295,F020,959,303.99,759.97,728811.64
C0296,F001,299,538.63,1346.59,402629.6
C0296,F002,299,574.11,1435.29,429150.48
C0296,F003,299,1348.74,3371.86,1008185.24
C0296,F004,299,1314.75,3286.87,982773.97
C0296,F005,299,528.81,1322.02,395283.94
C0296,F006,299,502.49,1256.22,375609.08
C0296,F007,299,494.97,1237.44,369993.52
C0296,F008,299,62.87,157.17,46992.83
C0296,F009,299,38.13,95.33,28504.41
C0296,F010,299,463.14,1157.86,346198.89
C0296,F011,299,506.42,1266.04,378545.98
C0296,F012,299,522.02,1305.06,390212.15
C0296,F013,299,515.01,1287.53,384970.51
C0296,F014,299,525.75,1314.39,393001.28
C0296,F015,299,472.2,1180.51,352971.7
C0296,F016,299,489.12,1222.8,365617.13
C0296,F017,299,60.96,152.41,45570.26
C0296,F018,299,548.54,1371.35,410033.39
C0296,F019,299,426.41,1066.03,318741.82
C0296,F020,299,491.31,1228.27,367253.31
C0297,F001,1538,782.01,1955.02,3006815.79
C0297,F002,1538,787.55,1968.87,3028120.71
C0297,F003,1538,941.45,2353.62,3619872.51
C0297,F004,1538,912.53,2281.33,3508691.03
C0297,F005,1538,776.12,1940.3,2984183.56
C0297,F006,1538,719.24,1798.1,2765471.6
C0297,F007,1538,704.06,1760.14,2707094.72
C0297,F008,1538,496.6,1241.49,1909415.19
C0297,F009,1538,449.97,1124.92,1730134.56
C0297,F010,1538,21.72,54.31,83521.93
C0297,F011,1538,701.39,1753.47,2696843.34
C0297,F012,1538,753.98,1884.96,2899065.2
C0297,F013,1538,502.13,1255.33,1930701.75
C0297,F014,1538,787.56,1968.9,3028168.68
C0297,F015,1538,11.78,29.46,45312.47
C0297,F016,1538,28.87,72.18,111018.75
C0297,F017,1538,408.88,1022.19,1572127.76
C0297,F018,1538,783.01,1957.53,3010680.57
C0297,F019,1538,798.74,1996.85,3071161.23
C0297,F020,1538,696.95,1742.38,2679783.72
C0298,F001,671,72.5,181.26,121625.64
C0298,F002,671,69.91,174.77,117270.8
C0298,F003,671,1290.05,3225.12,2164053.79
C0298,F004,671,1250.08,3125.2,2097009.49
C0298,F005,671,72.23,180.56,121157.48
C0298,F006,671,13.02,32.55,21842.56
C0298,F007,671,16.55,41.37,27758.19
C0298,F008,671,455.4,1138.51,763939.82
C0298,F009,671,476.14,1190.34,798716.49
C0298,F010,671,736.23,1840.58,1235029.6
C0298,F011,671,22.87,57.17,38360.08
C0298,F012,671,43.27,108.19,72593.64
C0298,F013,671,297.59,743.97,499203.39
C0298,F014,671,94.86,237.15,159129.08
C0298,F015,671,727.06,1817.65,1219643.18
C0298,F016,671,742.19,1855.47,1245018.13
C0298,F017,671,488.49,1221.23,819446.26
C0298,F018,671,67.19,167.99,112718.16
C0298,F019,671,278.07,695.18,466467.93
C0298,F020,671,22.64,56.61,37984.43
C0299,F001,374,86.75,216.89,81115.0
C0299,F002,374,58.98,147.45,55144.7
C0299,F003,374,1274.93,3187.32,1192058.15
C0299,F004,374,1234.79,3086.96,1154524.33
C0299,F005,374,90.48,226.21,84601.89
C0299,F006,374,47.51,118.78,44423.23
C0299,F007,374,47.79,119.47,44682.41
C0299,F008,374,486.8,1217.01,455162.35
C0299,F009,374,505.99,1264.96,473096.75
C0299,F010,374,749.31,1873.28,700607.6
C0299,F011,374,35.25,88.13,32962.34
C0299,F012,374,63.54,158.84,59405.59
C0299,F013,374,290.69,726.73,271796.05
C0299,F014,374,115.01,287.53,107535.03
C0299,F015,374,739.15,1847.87,691103.89
C0299,F016,374,753.87,1884.68,704871.9
C0299,F017,374,516.79,1291.98,483201.71
C0299,F018,374,75.57,188.91,70654.17
C0299,F019,374,309.95,774.87,289802.3
C0299,F020,374,50.15,125.38,46893.13
C0300,F001,281,465.63,1164.08,327107.19
C0300,F002,281,499.27,1248.18,350737.81
C0300,F003,281,1313.82,3284.56,922961.5
C0300,F004,281,1278.7,3196.75,898285.64
C0300,F005,281,456.02,1140.04,320351.68
C0300,F006,281,426.99,1067.47,299958.01
C0300,F007,281,418.96,1047.4,294319.91
C0300,F008,281,47.0,117.51,33020.63
C0300,F009,281,41.2,102.99,28941.11
C0300,F010,281,465.98,1164.94,327347.69
C0300,F011,281,429.89,1074.72,301995.55
C0300,F012,281,447.82,1119.56,314595.56
C0300,F013,281,444.67,1111.67,312379.46
C0300,F014,281,454.38,1135.96,319204.38
C0300,F015,281,471.18,1177.95,331002.71
C0300,F016,281,488.55,1221.39,343209.78
C0300,F017,281,65.06,162.64,45702.78
C0300,F018,281,474.91,1187.29,333627.73
C0300,F019,281,374.39,935.96,263005.66
C0300,F020,281,415.09,1037.71,291597.56
C0301,F001,1350,71.62,179.06,241733.29
C0301,F002,1350,51.08,127.69,172379.9
C0301,F003,1350,1289.21,3223.02,4351074.54
C0301,F004,1350,1249.1,3122.75,4215712.42
C0301,F005,1350,74.9,187.25,252781.59
C0301,F006,1350,35.57,88.93,120055.8
C0301,F007,1350,40.61,101.52,137051.32
C0301,F008,1350,480.26,1200.66,1620887.27
C0301,F009,1350,500.76,1251.9,1690058.66
C0301,F010,1350,753.89,1884.72,2544377.21
C0301,F011,1350,35.35,88.38,119316.06
C0301,F012,1350,47.71,119.28,161027.4
C0301,F013,1350,302.53,756.33,1021047.29
C0301,F014,1350,99.36,248.4,335341.93
C0301,F015,1350,744.18,1860.44,2511592.01
C0301,F016,1350,759.08,1897.71,2561910.98
C0301,F017,1350,512.74,1281.86,1730506.09
C0301,F018,1350,61.36,153.4,207084.47
C0301,F019,1350,294.8,736.99,994938.73
C0301,F020,1350,45.11,112.78,152250.22
C0302,F001,538,497.47,1243.66,669090.9
C0302,F002,538,534.65,1336.62,719103.53
C0302,F003,538,1362.42,3406.06,1832458.71
C0302,F004,538,1327.7,3319.25,1785756.78
C0302,F005,538,487.49,1218.73,655677.81
C0302,F006,538,464.02,1160.06,624110.31
C0302,F007,538,457.33,1143.33,615112.84
C0302,F008,538,17.79,44.47,23923.23
C0302,F009,538,41.2,102.99,55409.62
C0302,F010,538,495.26,1238.16,666130.82
C0302,F011,538,469.75,1174.38,631818.25
C0302,F012,538,481.96,1204.9,648237.28
C0302,F013,538,499.01,1247.53,671169.25
C0302,F014,538,483.47,1208.67,650266.76
C0302,F015,538,502.7,1256.75,676130.46
C0302,F016,538,519.87,1299.68,699227.25
C0302,F017,538,82.16,205.39,110499.24
C0302,F018,538,507.88,1269.69,683094.28
C0302,F019,538,380.02,950.04,511120.27
C0302,F020,538,454.06,1135.14,610704.57
C0303,F001,313,543.54,1358.85,425319.55
C0303,F002,313,575.12,1437.8,450032.71
C0303,F003,313,1298.51,3246.28,1016086.86
C0303,F004,313,1264.73,3161.82,989649.75
C0303,F005,313,534.11,1335.28,417943.18
C0303,F006,313,502.02,1255.05,392832.01
C0303,F007,313,493.03,1232.59,385799.52
C0303,F008,313,95.03,237.57,74359.63
C0303,F009,313,47.42,118.56,37109.29
C0303,F010,313,413.0,1032.51,323174.41
C0303,F011,313,502.63,1256.58,393309.66
C0303,F012,313,524.61,1311.52,410506.39
C0303,F013,313,484.71,1211.76,379282.41
C0303,F014,313,533.43,1333.57,417407.54
C0303,F015,313,421.51,1053.77,329831.55
C0303,F016,313,438.51,1096.28,343136.46
C0303,F017,313,21.7,54.26,16982.34
C0303,F018,313,552.24,1380.6,432128.81
C0303,F019,313,453.22,1133.06,354648.44
C0303,F020,313,488.7,1221.74,382405.41
C0304,F001,3248,597.42,1493.55,4851044.78
C0304,F002,3248,629.55,1573.88,5111952.34
C0304,F003,3248,1314.2,3285.5,10671311.6
C0304,F004,3248,1281.37,3203.42,10404698.67
C0304,F005,3248,587.92,1469.79,4773870.07
C0304,F006,3248,556.55,1391.38,4519217.59
C0304,F007,3248,547.66,1369.15,4446986.39
C0304,F008,3248,134.46,336.16,1091839.25
C0304,F009,3248,93.64,234.11,760388.23
C0304,F010,3248,405.08,1012.7,3289247.57
C0304,F011,3248,557.32,1393.3,4525430.43
C0304,F012,3248,578.83,1447.08,4700116.54
C0304,F013,3248,532.17,1330.43,4321224.18
C0304,F014,3248,586.75,1466.87,4764378.49
C0304,F015,3248,416.5,1041.26,3382014.61
C0304,F016,3248,432.88,1082.19,3514964.53
C0304,F017,3248,76.0,189.99,617101.54
C0304,F018,3248,606.32,1515.81,4923335.13
C0304,F019,3248,498.32,1245.8,4046357.14
C0304,F020,3248,543.35,1358.38,4412002.04
C0305,F001,564,1289.0,3222.5,1817490.3
C0305,F002,564,1255.82,3139.55,1770703.92
C0305,F003,564,72.35,180.87,102012.52
C0305,F004,564,31.69,79.22,44679.24
C0305,F005,564,1290.59,3226.48,1819737.15
C0305,F006,564,1228.21,3070.53,1731776.33
C0305,F007,564,1213.12,3032.81,1710504.18
C0305,F008,564,1297.63,3244.07,1829656.26
C0305,F009,564,1262.47,3156.18,1780084.95
C0305,F010,564,901.49,2253.73,1271104.15
C0305,F011,564,1196.22,2990.54,1686666.26
C0305,F012,564,1261.61,3154.03,1778872.3
C0305,F013,564,930.04,2325.1,1311354.25
C0305,F014,564,1313.69,3284.23,1852306.62
C0305,F015,564,880.22,2200.56,1241115.55
C0305,F016,564,869.48,2173.69,1225961.23
C0305,F017,564,1227.43,3068.58,1730678.41
C0305,F018,564,1278.94,3197.35,1803307.26
C0305,F019,564,1449.85,3624.63,2044289.77
C0305,F020,564,1206.38,3015.95,1700997.6
C0306,F001,554,234.87,587.17,325292.73
C0306,F002,554,255.22,638.05,353478.12
C0306,F003,554,1580.29,3950.71,2188696.0
C0306,F004,554,1539.88,3849.71,2132739.26
C0306,F005,554,237.67,594.17,329170.16
C0306,F006,554,301.63,754.06,417750.72
C0306,F007,554,318.08,795.21,440543.85
C0306,F008,554,636.75,1591.87,881895.74
C0306,F009,554,674.12,1685.3,933658.24
C0306,F010,554,1020.77,2551.93,1413770.64
C0306,F011,554,329.07,822.68,455763.08
C0306,F012,554,264.71,661.78,366627.66
C0306,F013,554,602.33,1505.83,834227.54
C0306,F014,554,221.29,553.22,306481.99
C0306,F015,554,1014.58,2536.44,1405189.25
C0306,F016,554,1030.65,2576.62,1427449.0
C0306,F017,554,700.77,1751.92,970564.45
C0306,F018,554,239.99,599.97,332382.73
C0306,F019,554,288.06,720.14,398959.64
C0306,F020,554,325.63,814.09,451003.93
C0307,F001,1250,542.97,1357.43,1696786.81
C0307,F002,1250,571.65,1429.13,1786407.74
C0307,F003,1250,1262.25,3155.64,3944545.89
C0307,F004,1250,1228.5,3071.26,3839070.01
C0307,F005,1250,533.88,1334.7,1668372.03
C0307,F006,1250,497.92,1244.8,1555998.02
C0307,F007,1250,487.95,1219.88,1524854.02
C0307,F008,1250,122.01,305.04,381294.57
C0307,F009,1250,74.09,185.21,231516.16
C0307,F010,1250,380.5,951.26,1189070.75
C0307,F011,1250,496.19,1240.49,1550608.08
C0307,F012,1250,522.52,1306.29,1632859.87
C0307,F013,1250,459.98,1149.95,1437433.65
C0307,F014,1250,534.87,1337.17,1671464.72
C0307,F015,1250,388.14,970.34,1212927.11
C0307,F016,1250,405.26,1013.16,1266450.77
C0307,F017,1250,33.07,82.67,103334.4
C0307,F018,1250,550.78,1376.95,1721188.28
C0307,F019,1250,468.7,1171.75,1464688.96
C0307,F020,1250,483.17,1207.93,1509913.07
C0308,F001,239,565.15,1412.88,337678.52
C0308,F002,239,598.48,1496.2,357591.03
C0308,F003,239,1324.83,3312.07,791585.23
C0308,F004,239,1291.37,3228.43,771593.94
C0308,F005,239,555.53,1388.83,331930.33
C0308,F006,239,525.91,1314.78,314231.41
C0308,F007,239,517.51,1293.77,309211.35
C0308,F008,239,98.67,246.68,58956.02
C0308,F009,239,59.22,148.04,35381.36
C0308,F010,239,428.44,1071.11,255995.62
C0308,F011,239,527.84,1319.6,315384.04
C0308,F012,239,547.23,1368.08,326971.88
C0308,F013,239,516.69,1291.73,308724.21
C0308,F014,239,553.74,1384.34,330857.12
C0308,F015,239,438.43,1096.08,261962.39
C0308,F016,239,455.16,1137.89,271956.57
C0308,F017,239,52.63,131.59,31449.39
C0308,F018,239,574.41,1436.01,343207.3
C0308,F019,239,462.54,1156.35,276368.3
C0308,F020,239,513.43,1283.58,306775.22
C0309,F001,609,1374.55,3436.38,2092757.22
C0309,F002,609,1341.09,3352.73,2041812.51
C0309,F003,609,24.15,60.37,36765.14
C0309,F004,609,55.6,139.01,84655.34
C0309,F005,609,1376.2,3440.5,2095265.64
C0309,F006,609,1313.9,3284.75,2000410.61
C0309,F007,609,1298.84,3247.1,1977482.57
C0309,F008,609,1380.15,3450.37,2101276.23
C0309,F009,609,1344.37,3360.93,2046805.89
C0309,F010,609,974.64,2436.6,1483889.73
C0309,F011,609,1281.88,3204.7,1951664.08
C0309,F012,609,1347.23,3368.07,2051152.87
C0309,F013,609,1015.89,2539.74,1546700.02
C0309,F014,609,1399.34,3498.35,2130494.25
C0309,F015,609,953.97,2384.92,1452416.4
C0309,F016,609,942.56,2356.4,1435047.76
C0309,F017,609,1308.89,3272.23,1992787.3
C0309,F018,609,1364.42,3411.06,2077335.53
C0309,F019,609,1535.63,3839.06,2337990.2
C0309,F020,609,1292.11,3230.28,1967237.69
C0310,F001,279,1321.91,3304.76,922028.94
C0310,F002,279,1289.19,3222.98,899212.47
C0310,F003,279,38.61,96.53,26930.51
C0310,F004,279,10.09,25.23,7038.9
C0310,F005,279,1323.38,3308.45,923057.76
C0310,F006,279,1260.79,3151.98,879402.52
C0310,F007,279,1245.62,3114.06,868822.74
C0310,F008,279,1322.97,3307.42,922771.44
C0310,F009,279,1287.15,3217.87,897786.95
C0310,F010,279,918.8,2297.0,640862.92
C0310,F011,279,1228.87,3072.18,857137.62
C0310,F012,279,1294.38,3235.95,902831.15
C0310,F013,279,961.69,2404.21,670775.85
C0310,F014,279,1346.38,3365.95,939100.11
C0310,F015,279,897.96,2244.9,626328.09
C0310,F016,279,886.73,2216.82,618493.98
C0310,F017,279,1251.66,3129.15,873032.82
C0310,F018,279,1311.98,3279.96,915108.72
C0310,F019,279,1480.55,3701.39,1032687.11
C0310,F020,279,1238.84,3097.1,864089.93
C0311,F001,1649,1339.41,3348.52,5521706.05
C0311,F002,1649,1305.67,3264.17,5382612.86
C0311,F003,1649,35.49,88.71,146289.98
C0311,F004,1649,28.59,71.48,117871.4
C0311,F005,1649,1341.13,3352.82,5528799.32
C0311,F006,1649,1278.96,3197.4,5272514.84
C0311,F007,1649,1263.95,3159.89,5210652.28
C0311,F008,1649,1350.49,3376.22,5567383.25
C0311,F009,1649,1315.24,3288.09,5422058.07
C0311,F010,1649,951.48,2378.7,3922484.1
C0311,F011,1649,1246.9,3117.25,5140351.34
C0311,F012,1649,1312.17,3280.42,5409409.3
C0311,F013,1649,981.61,2454.03,4046687.57
C0311,F014,1649,1364.33,3410.81,5624433.78
C0311,F015,1649,930.44,2326.1,3835738.52
C0311,F016,1649,919.43,2298.58,3790355.62
C0311,F017,1649,1280.11,3200.28,5277265.38
C0311,F018,1649,1329.2,3322.99,5479606.77
C0311,F019,1649,1501.92,3754.81,6191679.78
C0311,F020,1649,1257.25,3143.13,5183028.54
C0312,F001,503,1319.27,3298.16,1658976.08
C0312,F002,503,1286.49,3216.22,1617758.16
C0312,F003,503,41.14,102.84,51728.33
C0312,F004,503,7.99,19.98,10048.31
C0312,F005,503,1320.76,3301.89,1660851.31
C0312,F006,503,1258.2,3145.49,1582180.89
C0312,F007,503,1243.04,3107.6,1563120.54
C0312,F008,503,1321.24,3303.1,1661457.24
C0312,F009,503,1285.49,3213.73,1616504.17
C0312,F010,503,917.9,2294.75,1154257.23
C0312,F011,503,1226.26,3065.66,1542027.67
C0312,F012,503,1291.76,3229.4,1624387.96
C0312,F013,503,959.21,2398.02,1206203.72
C0312,F014,503,1343.77,3359.42,1689790.71
C0312,F015,503,897.02,2242.54,1127996.85
C0312,F016,503,885.83,2214.58,1113933.53
C0312,F017,503,1250.05,3125.12,1571936.37
C0312,F018,503,1309.32,3273.31,1646475.89
C0312,F019,503,1478.2,3695.51,1858839.57
C0312,F020,503,1236.26,3090.65,1554595.09
C0313,F001,553,259.69,649.22,359016.42
C0313,F002,553,310.36,775.89,429068.11
C0313,F003,553,1591.02,3977.56,2199590.19
C0313,F004,553,1551.67,3879.17,2145180.71
C0313,F005,553,253.4,633.49,350319.77
C0313,F006,553,304.54,761.35,421027.15
C0313,F007,553,317.09,792.72,438376.87
C0313,F008,553,462.04,1155.1,638769.09
C0313,F009,553,505.61,1264.02,699000.37
C0313,F010,553,908.02,2270.05,1255336.65
C0313,F011,553,336.71,841.78,465502.74
C0313,F012,553,278.91,697.28,385594.91
C0313,F013,553,590.82,1477.06,816813.95
C0313,F014,553,228.96,572.39,316533.71
C0313,F015,553,906.54,2266.34,1253288.04
C0313,F016,553,923.62,2309.05,1276906.45
C0313,F017,553,538.89,1347.22,745011.26
C0313,F018,553,274.5,686.24,379490.34
C0313,F019,553,99.91,249.78,138128.96
C0313,F020,553,322.71,806.77,446146.08
C0314,F001,2073,87.76,219.39,454796.43
C0314,F002,2073,49.5,123.74,256508.47
C0314,F003,2073,1278.92,3197.31,6628015.22
C0314,F004,2073,1238.69,3096.73,6419530.55
C0314,F005,2073,93.32,233.3,483637.32
C0314,F006,2073,61.58,153.95,319142.69
C0314,F007,2073,64.34,160.86,333463.46
C0314,F008,2073,503.99,1259.97,2611916.29
C0314,F009,2073,523.43,1308.57,2712655.75
C0314,F010,2073,764.7,1911.76,3963082.33
C0314,F011,2073,52.83,132.07,273778.4
C0314,F012,2073,69.35,173.38,359413.75
C0314,F013,2073,299.77,749.43,1553569.34
C0314,F014,2073,117.85,294.62,610744.34
C0314,F015,2073,754.28,1885.71,3909077.06
C0314,F016,2073,768.9,1922.24,3984803.97
C0314,F017,2073,534.35,1335.87,2769257.36
C0314,F018,2073,74.42,186.06,385701.45
C0314,F019,2073,318.92,797.29,1652790.08
C0314,F020,2073,67.31,168.28,348850.35
C0315,F001,1081,820.69,2051.73,2217922.41
C0315,F002,1081,826.46,2066.16,2233521.41
C0315,F003,1081,937.59,2343.98,2533837.09
C0315,F004,1081,909.9,2274.76,2459016.13
C0315,F005,1081,814.75,2036.88,2201868.79
C0315,F006,1081,758.05,1895.12,2048628.17
C0315,F007,1081,742.9,1857.24,2007678.47
C0315,F008,1081,525.66,1314.14,1420583.91
C0315,F009,1081,478.41,1196.01,1292890.58
C0315,F010,1081,24.49,61.23,66193.18
C0315,F011,1081,740.31,1850.77,2000681.55
C0315,F012,1081,792.73,1981.82,2142349.0
C0315,F013,1081,539.85,1349.64,1458957.32
C0315,F014,1081,826.04,2065.09,2232362.93
C0315,F015,1081,33.3,83.26,90003.17
C0315,F016,1081,26.34,65.86,71194.83
C0315,F017,1081,437.24,1093.1,1181642.63
C0315,F018,1081,821.78,2054.46,2220871.73
C0315,F019,1081,834.31,2085.78,2254732.57
C0315,F020,1081,735.81,1839.51,1988513.8
C0316,F001,1496,36.8,92.0,137625.26
C0316,F002,1496,46.09,115.21,172360.72
C0316,F003,1496,1323.79,3309.47,4950964.96
C0316,F004,1496,1283.74,3209.36,4801195.92
C0316,F005,1496,38.64,96.6,144507.28
C0316,F006,1496,33.52,83.8,125364.6
C0316,F007,1496,49.25,123.13,184199.3
C0316,F008,1496,470.94,1177.34,1761297.92
C0316,F009,1496,494.58,1236.46,1849742.79
C0316,F010,1496,769.45,1923.62,2877736.06
C0316,F011,1496,58.81,147.03,219955.29
C0316,F012,1496,11.9,29.76,44513.92
C0316,F013,1496,333.41,833.53,1246962.5
C0316,F014,1496,62.95,157.38,235436.44
C0316,F015,1496,760.71,1901.78,2845061.4
C0316,F016,1496,775.99,1939.98,2902216.59
C0316,F017,1496,509.36,1273.4,1905012.19
C0316,F018,1496,31.03,77.59,116067.36
C0316,F019,1496,261.86,654.65,979350.48
C0316,F020,1496,56.69,141.73,212022.75
C0317,F001,2820,1333.59,3333.96,9401777.51
C0317,F002,2820,1299.88,3249.69,9164123.59
C0317,F003,2820,38.55,96.36,271746.77
C0317,F004,2820,24.33,60.83,171552.4
C0317,F005,2820,1335.3,3338.25,9413862.43
C0317,F006,2820,1273.12,3182.8,8975507.81
C0317,F007,2820,1258.11,3145.28,8869688.28
C0317,F008,2820,1344.74,3361.85,9480430.4
C0317,F009,2820,1309.52,3273.81,9232142.53
C0317,F010,2820,946.29,2365.72,6671318.24
C0317,F011,2820,1241.07,3102.66,8749512.72
C0317,F012,2820,1306.34,3265.84,9209681.98
C0317,F013,2820,975.74,2439.35,6878953.45
C0317,F014,2820,1358.49,3396.23,9577375.48
C0317,F015,2820,925.21,2313.02,6522720.52
C0317,F016,2820,914.24,2285.6,6445393.53
C0317,F017,2820,1274.43,3186.06,8984700.43
C0317,F018,2820,1323.38,3308.45,9329838.68
C0317,F019,2820,1496.04,3740.1,10547090.65
C0317,F020,2820,1251.41,3128.52,8822434.7
C0318,F001,870,100.95,252.37,219557.78
C0318,F002,870,115.03,287.58,250192.56
C0318,F003,870,1283.67,3209.18,2791989.32
C0318,F004,870,1244.01,3110.03,2705730.24
C0318,F005,870,95.93,239.83,208648.66
C0318,F006,870,41.0,102.51,89181.54
C0318,F007,870,31.3,78.26,68086.81
C0318,F008,870,408.63,1021.57,888769.84
C0318,F009,870,428.92,1072.29,932891.92
C0318,F010,870,697.67,1744.18,1517434.01
C0318,F011,870,46.24,115.6,100572.75
C0318,F012,870,72.83,182.07,158403.7
C0318,F013,870,284.6,711.51,619011.78
C0318,F014,870,111.84,279.59,243246.03
C0318,F015,870,689.39,1723.48,1499429.48
C0318,F016,870,704.86,1762.14,1533063.27
C0318,F017,870,441.26,1103.16,959747.47
C0318,F018,870,102.13,255.33,222141.17
C0318,F019,870,258.43,646.08,562091.28
C0318,F020,870,28.58,71.44,62153.88
C0319,F001,244,26.74,66.84,16310.1
C0319,F002,244,80.56,201.4,49142.82
C0319,F003,244,1375.34,3438.36,838959.82
C0319,F004,244,1335.4,3338.5,814593.08
C0319,F005,244,17.85,44.62,10887.01
C0319,F006,244,76.21,190.53,46489.0
C0319,F007,244,91.96,229.91,56098.15
C0319,F008,244,460.7,1151.76,281028.64
C0319,F009,244,488.96,1222.4,298264.45
C0319,F010,244,794.15,1985.37,484430.16
C0319,F011,244,107.95,269.87,65847.95
C0319,F012,244,43.68,109.2,26645.04
C0319,F013,244,380.91,952.28,232355.91
C0319,F014,244,10.04,25.09,6122.03
C0319,F015,244,786.84,1967.11,479975.25
C0319,F016,244,802.61,2006.53,489593.93
C0319,F017,244,507.83,1269.58,309778.22
C0319,F018,244,42.48,106.21,25915.29
C0319,F019,244,213.95,534.88,130511.57
C0319,F020,244,99.17,247.92,60491.4
C0320,F001,3557,518.06,1295.15,4606857.06
C0320,F002,3557,550.68,1376.7,4896921.02
C0320,F003,3557,1308.22,3270.54,11633305.13
C0320,F004,3557,1273.97,3184.92,11328749.16
C0320,F005,3557,508.53,1271.33,4522113.53
C0320,F006,3557,477.93,1194.83,4250000.4
C0320,F007,3557,469.37,1173.44,4173909.51
C0320,F008,3557,69.04,172.61,613962.71
C0320,F009,3557,20.71,51.77,184132.98
C0320,F010,3557,434.11,1085.26,3860284.5
C0320,F011,3557,479.56,1198.91,4264520.47
C0320,F012,3557,499.7,1249.24,4443546.84
C0320,F013,3557,474.14,1185.35,4216302.89
C0320,F014,3557,507.31,1268.29,4511298.49
C0320,F015,3557,441.58,1103.94,3926710.31
C0320,F016,3557,458.73,1146.84,4079299.91
C0320,F017,3557,21.17,52.92,188239.97
C0320,F018,3557,527.07,1317.66,4686934.15
C0320,F019,3557,425.04,1062.6,3779659.0
C0320,F020,3557,465.24,1163.1,4137139.52
C0321,F001,261,497.23,1243.08,324443.46
C0321,F002,261,461.37,1153.42,301041.91
C0321,F003,261,866.93,2167.33,565673.16
C0321,F004,261,826.54,2066.34,539315.29
C0321,F005,261,499.81,1249.53,326127.04
C0321,F006,261,439.99,1099.99,287096.22
C0321,F007,261,426.05,1065.12,277996.84
C0321,F008,261,663.58,1658.96,432989.07
C0321,F009,261,650.82,1627.05,424660.37
C0321,F010,261,603.11,1507.76,393526.54
C0321,F011,261,407.54,1018.84,265918.5
C0321,F012,261,471.16,1177.9,307432.78
C0321,F013,261,179.78,449.45,117306.34
C0321,F014,261,523.67,1309.18,341696.68
C0321,F015,261,582.42,1456.05,380028.12
C0321,F016,261,589.61,1474.02,384718.39
C0321,F017,261,633.73,1584.31,413505.69
C0321,F018,261,486.2,1215.5,317244.47
C0321,F019,261,684.93,1712.31,446913.62
C0321,F020,261,419.94,1049.84,274008.98
C0322,F001,1916,1357.17,3392.91,6500823.12
C0322,F002,1916,1326.43,3316.08,6353616.89
C0322,F003,1916,64.44,161.1,308670.9
C0322,F004,1916,79.44,198.59,380499.95
C0322,F005,1916,1358.17,3395.42,6505617.48
C0322,F006,1916,1294.86,3237.16,6202398.11
C0322,F007,1916,1279.4,3198.51,6128346.86
C0322,F008,1916,1334.44,3336.11,6391981.77
C0322,F009,1916,1296.95,3242.38,6212393.12
C0322,F010,1916,912.21,2280.52,4369467.15
C0322,F011,1916,1263.27,3158.17,6051060.37
C0322,F012,1916,1329.14,3322.85,6366584.32
C0322,F013,1916,992.9,2482.26,4756013.05
C0322,F014,1916,1380.75,3451.87,6613774.56
C0322,F015,1916,892.4,2231.01,4274607.04
C0322,F016,1916,880.16,2200.4,4215960.32
C0322,F017,1916,1260.37,3150.93,6037186.29
C0322,F018,1916,1347.81,3369.53,6456020.63
C0322,F019,1916,1507.6,3769.0,7221409.13
C0322,F020,1916,1272.46,3181.16,6095103.5
C0323,F001,454,58.06,145.15,65896.44
C0323,F002,454,52.37,130.92,59438.53
C0323,F003,454,1302.48,3256.2,1478315.81
C0323,F004,454,1262.44,3156.1,1432867.46
C0323,F005,454,59.7,149.26,67763.92
C0323,F006,454,22.55,56.39,25599.24
C0323,F007,454,33.98,84.95,38567.84
C0323,F008,454,468.94,1172.34,532241.3
C0323,F009,454,490.71,1226.77,556955.3
C0323,F010,454,754.3,1885.76,856134.64
C0323,F011,454,38.63,96.57,43844.86
C0323,F012,454,31.25,78.12,35466.9
C0323,F013,454,312.53,781.31,354715.98
C0323,F014,454,83.7,209.24,94995.47
C0323,F015,454,745.12,1862.81,845716.24
C0323,F016,454,760.24,1900.61,862876.88
C0323,F017,454,503.87,1259.69,571897.53
C0323,F018,454,50.61,126.54,57447.79
C0323,F019,454,276.97,692.43,314365.12
C0323,F020,454,40.6,101.49,46076.82
C0324,F001,241,539.18,1347.96,324857.22
C0324,F002,241,571.74,1429.36,344474.96
C0324,F003,241,1310.43,3276.08,789534.48
C0324,F004,241,1276.55,3191.36,769118.47
C0324,F005,241,529.65,1324.13,319114.6
C0324,F006,241,498.95,1247.36,300614.52
C0324,F007,241,490.32,1225.8,295416.61
C0324,F008,241,83.41,208.52,50254.06
C0324,F009,241,37.13,92.82,22370.61
C0324,F010,241,426.14,1065.36,256751.4
C0324,F011,241,500.39,1250.98,301485.55
C0324,F012,241,520.8,1302.0,313781.81
C0324,F013,241,489.73,1224.32,295061.41
C0324,F014,241,528.4,1320.99,318359.73
C0324,F015,241,434.66,1086.65,261883.83
C0324,F016,241,451.67,1129.16,272128.68
C0324,F017,241,26.03,65.07,15681.78
C0324,F018,241,548.18,1370.46,330280.33
C0324,F019,241,443.86,1109.65,267424.79
C0324,F020,241,486.15,1215.36,292902.42
C0325,F001,310,381.04,952.61,295308.27
C0325,F002,310,370.18,925.45,286889.06
C0325,F003,310,1019.72,2549.3,790281.82
C0325,F004,310,981.14,2452.85,760382.52
C0325,F005,310,378.49,946.23,293331.38
C0325,F006,310,314.28,785.7,243566.91
C0325,F007,310,297.82,744.56,230813.69
C0325,F008,310,420.51,1051.27,325892.76
C0325,F009,310,407.73,1019.33,315992.97
C0325,F010,310,461.5,1153.76,357665.65
C0325,F011,310,287.99,719.97,223191.12
C0325,F012,310,351.2,877.99,272178.16
C0325,F013,310,75.42,188.54,58447.59
C0325,F014,310,396.95,992.38,307637.78
C0325,F015,310,447.23,1118.08,346604.83
C0325,F016,310,460.03,1150.07,356521.55
C0325,F017,310,392.12,980.3,303891.78
C0325,F018,310,376.86,942.15,292066.44
C0325,F019,310,499.95,1249.88,387463.45
C0325,F020,310,290.27,725.68,224959.45
C0326,F001,873,1313.34,3283.35,2866360.47
C0326,F002,873,1282.82,3207.06,2799763.32
C0326,F003,873,83.54,208.84,182321.36
C0326,F004,873,75.19,187.97,164096.95
C0326,F005,873,1314.3,3285.74,2868449.87
C0326,F006,873,1250.94,3127.35,2730174.05
C0326,F007,873,1235.46,3088.64,2696386.86
C0326,F008,873,1291.49,3228.71,2818666.95
C0326,F009,873,1254.25,3135.63,2737407.84
C0326,F010,873,873.25,2183.14,1905877.44
C0326,F011,873,1219.37,3048.44,2661285.27
C0326,F012,873,1285.27,3213.18,2805102.5
C0326,F013,873,948.82,2372.06,2070809.36
C0326,F014,873,1336.84,3342.09,2917646.88
C0326,F015,873,853.12,2132.81,1861943.44
C0326,F016,873,841.18,2102.95,1835873.86
C0326,F017,873,1217.85,3044.64,2657968.04
C0326,F018,873,1304.04,3260.1,2846071.27
C0326,F019,873,1463.41,3658.51,3193882.94
C0326,F020,873,1228.51,3071.27,2681215.74
C0327,F001,349,514.01,1285.02,448472.74
C0327,F002,349,544.95,1362.37,475465.72
C0327,F003,349,1287.28,3218.19,1123147.91
C0327,F004,349,1252.99,3132.46,1093230.26
C0327,F005,349,504.67,1261.67,440321.25
C0327,F006,349,471.71,1179.26,411563.48
C0327,F007,349,462.56,1156.39,403580.95
C0327,F008,349,84.35,210.88,73596.58
C0327,F009,349,38.24,95.6,33365.82
C0327,F010,349,417.2,1043.01,364011.22
C0327,F011,349,471.98,1179.94,411799.48
C0327,F012,349,494.7,1236.75,431626.92
C0327,F013,349,456.85,1142.13,398604.77
C0327,F014,349,504.46,1261.16,440144.16
C0327,F015,349,424.01,1060.04,369952.35
C0327,F016,349,441.25,1103.12,384990.58
C0327,F017,349,9.69,24.22,8453.96
C0327,F018,349,522.49,1306.23,455873.67
C0327,F019,349,431.04,1077.59,376078.75
C0327,F020,349,458.15,1145.38,399739.32
C0328,F001,369,505.6,1264.01,466419.33
C0328,F002,369,538.8,1346.99,497039.98
C0328,F003,369,1313.61,3284.03,1211807.34
C0328,F004,369,1279.14,3197.86,1180008.86
C0328,F005,369,496.02,1240.04,457576.17
C0328,F006,369,466.27,1165.67,430131.95
C0328,F007,369,457.96,1144.89,422464.08
C0328,F008,369,56.64,141.61,52252.66
C0328,F009,369,10.37,25.92,9565.03
C0328,F010,369,445.18,1112.96,410683.03
C0328,F011,369,468.47,1171.18,432164.18
C0328,F012,369,487.56,1218.91,449777.03
C0328,F013,369,469.76,1174.41,433355.63
C0328,F014,369,494.5,1236.25,456174.55
C0328,F015,369,452.18,1130.45,417137.71
C0328,F016,369,469.4,1173.5,433022.05
C0328,F017,369,32.32,80.81,29818.23
C0328,F018,369,514.78,1286.94,474882.49
C0328,F019,369,410.94,1027.36,379094.56
C0328,F020,369,453.94,1134.84,418755.83
C0329,F001,470,916.56,2291.41,1076961.67
C0329,F002,470,905.64,2264.09,1064121.87
C0329,F003,470,655.71,1639.28,770462.59
C0329,F004,470,628.14,1570.35,738063.12
C0329,F005,470,913.53,2283.82,1073396.09
C0329,F006,470,849.83,2124.58,998552.65
C0329,F007,470,833.41,2083.52,979252.06
C0329,F008,470,750.42,1876.05,881744.81
C0329,F009,470,707.79,1769.46,831647.43
C0329,F010,470,296.43,741.07,348304.71
C0329,F011,470,824.02,2060.05,968224.34
C0329,F012,470,886.75,2216.86,1041926.44
C0329,F013,470,563.85,1409.64,662529.35
C0329,F014,470,930.85,2327.12,1093746.79
C0329,F015,470,276.64,691.61,325057.41
C0329,F016,470,264.36,660.91,310627.13
C0329,F017,470,668.34,1670.84,785294.13
C0329,F018,470,912.81,2282.03,1072552.28
C0329,F019,470,996.7,2491.75,1171121.06
C0329,F020,470,825.85,2064.62,970371.28
C0330,F001,729,107.85,269.62,196549.35
C0330,F002,729,130.01,325.02,236938.55
C0330,F003,729,1293.94,3234.86,2358210.67
C0330,F004,729,1254.42,3136.05,2286180.04
C0330,F005,729,101.09,252.73,184236.61
C0330,F006,729,56.95,142.38,103796.57
C0330,F007,729,50.92,127.29,92792.67
C0330,F008,729,389.78,974.45,710373.53
C0330,F009,729,411.21,1028.01,749421.39
C0330,F010,729,691.32,1728.29,1259922.68
C0330,F011,729,67.33,168.32,122708.17
C0330,F012,729,82.55,206.37,150440.09
C0330,F013,729,293.82,734.55,535488.77
C0330,F014,729,112.96,282.39,205864.78
C0330,F015,729,683.72,1709.29,1246074.12
C0330,F016,729,699.41,1748.53,1274678.05
C0330,F017,729,424.69,1061.74,774005.67
C0330,F018,729,111.91,279.77,203949.68
C0330,F019,729,241.34,603.35,439839.38
C0330,F020,729,49.34,123.36,89928.1
C0331,F001,472,557.6,1393.99,657964.71
C0331,F002,472,589.26,1473.14,695322.26
C0331,F003,472,1301.4,3253.5,1535651.26
C0331,F004,472,1267.86,3169.65,1496076.38
C0331,F005,472,548.16,1370.39,646825.27
C0331,F006,472,516.16,1290.41,609071.89
C0331,F007,472,507.17,1267.93,598465.26
C0331,F008,472,104.63,261.58,123463.81
C0331,F009,472,58.56,146.39,69095.18
C0331,F010,472,409.29,1023.23,482965.24
C0331,F011,472,516.75,1291.88,609768.73
C0331,F012,472,538.72,1346.8,635688.98
C0331,F013,472,496.3,1240.75,585632.14
C0331,F014,472,547.38,1368.46,645911.36
C0331,F015,472,418.55,1046.38,493889.91
C0331,F016,472,435.42,1088.55,513795.96
C0331,F017,472,35.47,88.67,41850.28
C0331,F018,472,566.33,1415.83,668271.39
C0331,F019,472,465.24,1163.1,548980.96
C0331,F020,472,502.83,1257.08,593342.06
C0332,F001,1238,795.94,1989.85,2463437.87
C0332,F002,1238,801.64,2004.09,2481063.94
C0332,F003,1238,940.86,2352.16,2911975.26
C0332,F004,1238,912.39,2280.98,2823851.91
C0332,F005,1238,790.02,1975.06,2445123.45
C0332,F006,1238,733.25,1833.12,2269407.29
C0332,F007,1238,718.09,1795.22,2222479.52
C0332,F008,1238,506.33,1265.82,1567088.9
C0332,F009,1238,459.43,1148.58,1421945.21
C0332,F010,1238,11.96,29.89,37009.94
C0332,F011,1238,715.48,1788.7,2214406.87
C0332,F012,1238,767.95,1919.88,2376814.49
C0332,F013,1238,516.08,1290.2,1597262.89
C0332,F014,1238,801.38,2003.44,2480263.57
C0332,F015,1238,12.65,31.63,39160.4
C0332,F016,1238,21.72,54.3,67223.49
C0332,F017,1238,418.29,1045.73,1294614.24
C0332,F018,1238,797.0,1992.5,2466710.19
C0332,F019,1238,811.22,2028.05,2510728.8
C0332,F020,1238,710.99,1777.48,2200520.46
C0333,F001,420,112.45,281.12,118069.12
C0333,F002,420,99.66,249.14,104638.59
C0333,F003,420,1250.11,3125.29,1312620.74
C0333,F004,420,1210.18,3025.44,1270685.74
C0333,F005,420,112.42,281.04,118038.7
C0333,F006,420,49.41,123.53,51882.51
C0333,F007,420,35.69,89.23,37474.93
C0333,F008,420,452.01,1130.03,474612.87
C0333,F009,420,468.91,1172.27,492354.03
C0333,F010,420,706.16,1765.41,741471.26
C0333,F011,420,17.34,43.36,18209.38
C0333,F012,420,83.46,208.64,87630.71
C0333,F013,420,257.58,643.96,270461.67
C0333,F014,420,134.84,337.1,141583.2
C0333,F015,420,696.17,1740.42,730978.48
C0333,F016,420,710.98,1777.45,746527.45
C0333,F017,420,478.0,1195.01,501902.76
C0333,F018,420,105.83,264.57,111118.39
C0333,F019,420,308.13,770.33,323536.87
C0333,F020,420,30.63,76.58,32164.72
C0334,F001,925,199.77,499.44,461978.14
C0334,F002,925,214.45,536.12,495910.01
C0334,F003,925,1536.67,3841.68,3553555.13
C0334,F004,925,1496.23,3740.58,3460034.16
C0334,F005,925,203.94,509.84,471603.05
C0334,F006,925,266.2,665.51,615595.52
C0334,F007,925,282.56,706.4,653416.2
C0334,F008,925,627.02,1567.55,1449987.65
C0334,F009,925,662.21,1655.53,1531362.47
C0334,F010,925,993.66,2484.14,2297831.47
C0334,F011,925,291.91,729.77,675037.15
C0334,F012,925,229.41,573.52,530506.8
C0334,F013,925,563.01,1407.52,1301953.66
C0334,F014,925,190.53,476.32,440598.68
C0334,F015,925,986.61,2466.52,2281527.4
C0334,F016,925,1002.43,2506.06,2318109.36
C0334,F017,925,686.78,1716.95,1588181.3
C0334,F018,925,202.94,507.35,469302.61
C0334,F019,925,291.44,728.59,673948.37
C0334,F020,925,290.11,725.26,670869.16
C0335,F001,1145,436.87,1092.18,1250550.19
C0335,F002,1145,470.45,1176.13,1346670.41
C0335,F003,1145,1310.15,3275.37,3750300.63
C0335,F004,1145,1274.58,3186.44,3648474.42
C0335,F005,1145,427.28,1068.19,1223080.27
C0335,F006,1145,398.21,995.53,1139877.47
C0335,F007,1145,390.26,975.66,1117125.62
C0335,F008,1145,62.43,156.07,178699.95
C0335,F009,1145,69.95,174.86,200219.8
C0335,F010,1145,478.53,1196.31,1369779.51
C0335,F011,1145,401.33,1003.33,1148809.67
C0335,F012,1145,419.0,1047.5,1199387.07
C0335,F013,1145,424.47,1061.17,1215044.68
C0335,F014,1145,425.81,1064.53,1218888.54
C0335,F015,1145,482.4,1206.01,1380877.7
C0335,F016,1145,499.83,1249.58,1430770.4
C0335,F017,1145,90.73,226.83,259719.09
C0335,F018,1145,446.11,1115.28,1276995.25
C0335,F019,1145,351.07,877.68,1004942.56
C0335,F020,1145,386.43,966.09,1106168.69
C0336,F001,623,528.91,1322.27,823773.76
C0336,F002,623,561.51,1403.78,874553.53
C0336,F003,623,1309.5,3273.75,2039547.18
C0336,F004,623,1275.44,3188.59,1986493.32
C0336,F005,623,519.38,1298.44,808927.38
C0336,F006,623,488.74,1221.85,761215.02
C0336,F007,623,480.15,1200.38,747838.8
C0336,F008,623,75.89,189.73,118199.0
C0336,F009,623,28.26,70.66,44018.3
C0336,F010,623,430.08,1075.2,669851.74
C0336,F011,623,490.29,1225.72,763624.83
C0336,F012,623,510.54,1276.36,795169.52
C0336,F013,623,482.22,1205.56,751061.4
C0336,F014,623,518.13,1295.33,806989.19
C0336,F015,623,438.09,1095.23,682326.7
C0336,F016,623,455.17,1137.94,708934.86
C0336,F017,623,21.5,53.75,33487.6
C0336,F018,623,537.92,1344.79,837803.02
C0336,F019,623,434.59,1086.48,676876.95
C0336,F020,623,476.0,1190.0,741371.44
C0337,F001,478,22.18,55.46,26508.26
C0337,F002,478,64.16,160.4,76671.41
C0337,F003,478,1381.13,3452.83,1650454.65
C0337,F004,478,1341.03,3352.57,1602527.33
C0337,F005,478,26.58,66.45,31763.57
C0337,F006,478,88.93,222.34,106276.14
C0337,F007,478,105.39,263.48,125941.46
C0337,F008,478,491.47,1228.67,587305.11
C0337,F009,478,519.58,1298.94,620892.4
C0337,F010,478,818.83,2047.07,978501.48
C0337,F011,478,117.23,293.07,140088.28
C0337,F012,478,52.02,130.06,62166.52
C0337,F013,478,391.92,979.79,468340.69
C0337,F014,478,27.52,68.8,32887.93
C0337,F015,478,810.98,2027.46,969126.75
C0337,F016,478,826.57,2066.43,987752.29
C0337,F017,478,538.15,1345.38,643091.07
C0337,F018,478,31.03,77.58,37083.18
C0337,F019,478,235.19,587.97,281047.59
C0337,F020,478,112.94,282.36,134967.64
C0338,F001,370,545.76,1364.41,504831.27
C0338,F002,370,578.91,1447.28,535494.5
C0338,F003,370,1319.1,3297.75,1220167.84
C0338,F004,370,1285.31,3213.28,1188913.17
C0338,F005,370,536.17,1340.42,495955.11
C0338,F006,370,506.31,1265.77,468334.36
C0338,F007,370,497.88,1244.7,460540.62
C0338,F008,370,83.67,209.17,77391.51
C0338,F009,370,40.6,101.51,37559.03
C0338,F010,370,431.35,1078.38,399000.24
C0338,F011,370,508.2,1270.51,470088.61
C0338,F012,370,527.73,1319.32,488147.9
C0338,F013,370,499.93,1249.81,462431.49
C0338,F014,370,534.54,1336.34,494447.65
C0338,F015,370,440.33,1100.83,407306.1
C0338,F016,370,457.26,1143.14,422962.4
C0338,F017,370,36.35,90.86,33619.75
C0338,F018,370,554.95,1387.38,513329.34
C0338,F019,370,446.31,1115.77,412833.52
C0338,F020,370,493.8,1234.5,456763.74
C0339,F001,574,6.4,16.0,9181.68
C0339,F002,574,47.5,118.75,68163.68
C0339,F003,574,1356.16,3390.39,1946083.66
C0339,F004,574,1316.06,3290.16,1888553.06
C0339,F005,574,16.23,40.57,23288.03
C0339,F006,574,65.05,162.63,93350.4
C0339,F007,574,81.41,203.53,116827.67
C0339,F008,574,483.7,1209.26,694114.52
C0339,F009,574,509.92,1274.81,731741.22
C0339,F010,574,798.54,1996.34,1145901.43
C0339,F011,574,92.29,230.71,132429.07
C0339,F012,574,28.43,71.07,40795.89
C0339,F013,574,366.85,917.13,526435.2
C0339,F014,574,37.45,93.64,53747.82
C0339,F015,574,790.27,1975.69,1134044.51
C0339,F016,574,805.72,2014.3,1156209.95
C0339,F017,574,526.88,1317.19,756067.28
C0339,F018,574,9.41,23.51,13497.2
C0339,F019,574,247.0,617.5,354444.04
C0339,F020,574,88.96,222.41,127664.52
C0340,F001,1131,422.68,1056.7,1195128.27
C0340,F002,1131,403.48,1008.71,1140846.86
C0340,F003,1131,955.95,2389.87,2702941.22
C0340,F004,1131,916.91,2292.27,2592557.88
C0340,F005,1131,421.69,1054.22,1192323.77
C0340,F006,1131,356.93,892.33,1009219.99
C0340,F007,1131,340.7,851.74,963317.78
C0340,F008,1131,492.5,1231.26,1392553.52
C0340,F009,1131,477.72,1194.3,1350758.3
C0340,F010,1131,476.74,1191.86,1347995.33
C0340,F011,1131,327.5,818.75,926001.75
C0340,F012,1131,393.19,982.97,1111742.96
C0340,F013,1131,55.89,139.73,158031.83
C0340,F014,1131,442.3,1105.74,1250591.86
C0340,F015,1131,459.56,1148.89,1299396.16
C0340,F016,1131,470.32,1175.79,1329822.02
C0340,F017,1131,459.84,1149.6,1300200.27
C0340,F018,1131,416.2,1040.5,1176806.85
C0340,F019,1131,563.62,1409.04,1593622.89
C0340,F020,1131,333.33,833.32,942487.27
C0341,F001,128,1324.47,3311.17,423829.38
C0341,F002,128,1292.53,3231.32,413609.53
C0341,F003,128,44.84,112.11,14350.11
C0341,F004,128,33.58,83.96,10747.07
C0341,F005,128,1325.76,3314.39,424242.11
C0341,F006,128,1262.87,3157.18,404119.6
C0341,F007,128,1247.59,3118.97,399228.23
C0341,F008,128,1316.96,3292.41,421428.43
C0341,F009,128,1280.58,3201.45,409785.72
C0341,F010,128,906.97,2267.43,290230.5
C0341,F011,128,1231.07,3077.68,393942.68
C0341,F012,128,1296.74,3241.85,414956.81
C0341,F013,128,962.56,2406.4,308018.86
C0341,F014,128,1348.6,3371.5,431551.42
C0341,F015,128,886.42,2216.06,283655.46
C0341,F016,128,874.89,2187.22,279963.78
C0341,F017,128,1244.72,3111.81,398311.33
C0341,F018,128,1314.77,3286.92,420725.19
C0341,F019,128,1480.03,3700.08,473610.87
C0341,F020,128,1240.74,3101.85,397037.09
C0342,F001,589,72.0,180.0,106022.92
C0342,F002,589,55.19,137.98,81271.66
C0342,F003,589,1288.44,3221.09,1897221.42
C0342,F004,589,1248.36,3120.89,1838204.27
C0342,F005,589,74.56,186.4,109790.19
C0342,F006,589,30.92,77.3,45531.02
C0342,F007,589,35.42,88.54,52151.12
C0342,F008,589,475.11,1187.77,699597.36
C0342,F009,589,495.57,1238.92,729725.28
C0342,F010,589,749.6,1873.99,1103782.22
C0342,F011,589,30.97,77.42,45600.51
C0342,F012,589,46.6,116.49,68612.88
C0342,F013,589,300.47,751.18,442446.9
C0342,F014,589,98.81,247.04,145504.89
C0342,F015,589,739.97,1849.93,1089610.02
C0342,F016,589,754.92,1887.3,1111618.54
C0342,F017,589,507.56,1268.89,747377.92
C0342,F018,589,62.69,156.72,92305.59
C0342,F019,589,291.93,729.82,429864.42
C0342,F020,589,39.97,99.92,58855.16
C0343,F001,206,43.46,108.66,22383.43
C0343,F002,206,45.34,113.35,23349.43
C0343,F003,206,1316.97,3292.43,678241.03
C0343,F004,206,1276.92,3192.3,657612.95
C0343,F005,206,45.65,114.13,23509.8
C0343,F006,206,30.25,75.63,15579.54
C0343,F007,206,45.06,112.64,23203.68
C0343,F008,206,472.04,1180.09,243099.01
C0343,F009,206,495.07,1237.68,254962.32
C0343,F010,206,765.9,1914.74,394436.45
C0343,F011,206,52.86,132.16,27224.15
C0343,F012,206,18.48,46.19,9514.87
C0343,F013,206,327.13,817.82,168470.6
C0343,F014,206,69.98,174.95,36040.01
C0343,F015,206,756.98,1892.45,389844.79
C0343,F016,206,772.2,1930.49,397681.28
C0343,F017,206,509.31,1273.28,262294.99
C0343,F018,206,36.32,90.8,18705.06
C0343,F019,206,267.9,669.74,137967.37
C0343,F020,206,52.3,130.76,26936.3
C0344,F001,605,535.77,1339.43,810353.67
C0344,F002,605,564.9,1412.24,854406.42
C0344,F003,605,1267.21,3168.02,1916649.7
C0344,F004,605,1233.32,3083.3,1865396.07
C0344,F005,605,526.63,1316.57,796525.45
C0344,F006,605,491.24,1228.11,743007.8
C0344,F007,605,481.44,1203.59,728174.14
C0344,F008,605,113.62,284.06,171853.66
C0344,F009,605,65.94,164.85,99736.01
C0344,F010,605,388.47,971.17,587558.12
C0344,F011,605,489.92,1224.79,740998.35
C0344,F012,605,515.53,1288.83,779743.66
C0344,F013,605,458.16,1145.4,692967.13
C0344,F014,605,527.39,1318.48,797678.16
C0344,F015,605,395.86,989.64,598735.04
C0344,F016,605,413.02,1032.55,624692.03
C0344,F017,605,24.78,61.95,37477.98
C0344,F018,605,543.71,1359.28,822363.75
C0344,F019,605,459.96,1149.91,695693.83
C0344,F020,605,476.73,1191.82,721054.04
C0345,F001,354,1338.67,3346.69,1184726.79
C0345,F002,354,1304.35,3260.86,1154345.95
C0345,F003,354,52.01,130.02,46025.58
C0345,F004,354,43.7,109.24,38672.41
C0345,F005,354,1340.54,3351.35,1186377.0
C0345,F006,354,1278.64,3196.59,1131594.43
C0345,F007,354,1263.73,3159.33,1118403.2
C0345,F008,354,1356.33,3390.83,1200354.12
C0345,F009,354,1321.52,3303.8,1169545.46
C0345,F010,354,961.83,2404.58,851220.79
C0345,F011,354,1246.51,3116.27,1103157.97
C0345,F012,354,1311.61,3279.02,1160773.61
C0345,F013,354,982.46,2456.14,869473.45
C0345,F014,354,1363.85,3409.62,1207005.83
C0345,F015,354,940.59,2351.48,832423.36
C0345,F016,354,929.81,2324.52,822881.14
C0345,F017,354,1286.69,3216.72,1138720.26
C0345,F018,354,1328.29,3320.74,1175540.98
C0345,F019,354,1503.51,3758.78,1330607.77
C0345,F020,354,1257.08,3142.71,1112519.47
C0346,F001,1752,52.5,131.25,229942.33
C0346,F002,1752,44.23,110.58,193740.11
C0346,F003,1752,1307.94,3269.85,5728772.23
C0346,F004,1752,1267.86,3169.65,5553232.35
C0346,F005,1752,55.37,138.43,242537.28
C0346,F006,1752,30.0,75.0,131396.4
C0346,F007,1752,42.31,105.78,185327.44
C0346,F008,1752,475.62,1189.04,2083197.83
C0346,F009,1752,497.82,1244.54,2180431.66
C0346,F010,1752,762.68,1906.69,3340523.91
C0346,F011,1752,46.36,115.9,203049.03
C0346,F012,1752,28.44,71.1,124567.84
C0346,F013,1752,319.3,798.24,1398517.95
C0346,F014,1752,79.81,199.54,349589.57
C0346,F015,1752,753.48,1883.7,3300242.45
C0346,F016,1752,768.59,1921.48,3366427.78
C0346,F017,1752,511.31,1278.26,2239516.72
C0346,F018,1752,43.6,109.0,190966.39
C0346,F019,1752,277.34,693.36,1214766.3
C0346,F020,1752,48.98,122.45,214528.41
C0347,F001,523,86.86,217.14,113564.39
C0347,F002,523,80.06,200.14,104673.11
C0347,F003,523,1275.86,3189.64,1668183.96
C0347,F004,523,1235.91,3089.76,1615946.76
C0347,F005,523,86.6,216.49,113224.58
C0347,F006,523,24.4,60.99,31899.82
C0347,F007,523,15.41,38.52,20147.43
C0347,F008,523,452.99,1132.47,592283.78
C0347,F009,523,472.39,1180.97,617646.14
C0347,F010,523,724.84,1812.1,947729.46
C0347,F011,523,8.49,21.23,11102.93
C0347,F012,523,57.67,144.16,75397.96
C0347,F013,523,283.2,708.01,370287.49
C0347,F014,523,109.06,272.64,142590.91
C0347,F015,523,715.4,1788.5,935386.39
C0347,F016,523,730.43,1826.07,955032.63
C0347,F017,523,483.62,1209.04,632327.38
C0347,F018,523,81.07,202.67,105994.9
C0347,F019,523,288.0,720.0,376559.69
C0347,F020,523,16.34,40.85,21366.47
C0348,F001,743,91.28,228.19,169547.51
C0348,F002,743,85.68,214.19,159146.6
C0348,F003,743,1272.48,3181.21,2363639.23
C0348,F004,743,1232.56,3081.4,2289479.99
C0348,F005,743,90.58,226.44,168245.4
C0348,F006,743,26.93,67.32,50020.38
C0348,F007,743,14.42,36.05,26782.06
C0348,F008,743,448.57,1121.41,833210.46
C0348,F009,743,467.65,1169.12,868658.1
C0348,F010,743,719.24,1798.1,1335988.52
C0348,F011,743,6.32,15.79,11733.94
C0348,F012,743,61.81,154.53,114817.25
C0348,F013,743,279.0,697.5,518239.0
C0348,F014,743,112.59,281.48,209138.36
C0348,F015,743,709.82,1774.55,1318488.81
C0348,F016,743,724.85,1812.13,1346415.93
C0348,F017,743,478.64,1196.6,889076.25
C0348,F018,743,86.02,215.04,159777.49
C0348,F019,743,288.18,720.46,535303.44
C0348,F020,743,12.73,31.82,23644.9
C0349,F001,920,595.6,1489.0,1369879.88
C0349,F002,920,627.51,1568.77,1443268.16
C0349,F003,920,1310.76,3276.89,3014737.61
C0349,F004,920,1277.9,3194.74,2939163.01
C0349,F005,920,586.12,1465.3,1348076.56
C0349,F006,920,554.45,1386.12,1275229.08
C0349,F007,920,545.48,1363.69,1254595.46
C0349,F008,920,134.26,335.64,308786.58
C0349,F009,920,92.61,231.53,213010.93
C0349,F010,920,402.41,1006.02,925541.08
C0349,F011,920,555.04,1387.6,1276588.56
C0349,F012,920,576.89,1442.22,1326838.37
C0349,F013,920,528.76,1321.9,1216146.9
C0349,F014,920,585.09,1462.72,1345703.85
C0349,F015,920,413.7,1034.26,951516.2
C0349,F016,920,430.11,1075.28,989253.16
C0349,F017,920,73.54,183.85,169138.19
C0349,F018,920,604.43,1511.08,1390195.91
C0349,F019,920,497.92,1244.8,1145216.26
C0349,F020,920,541.13,1352.83,1244608.15
C0350,F001,574,428.3,1070.76,614617.2
C0350,F002,574,461.53,1153.82,662293.17
C0350,F003,574,1305.64,3264.09,1873588.89
C0350,F004,574,1269.94,3174.84,1822358.86
C0350,F005,574,418.75,1046.88,600907.49
C0350,F006,574,389.17,972.92,558454.91
C0350,F007,574,381.11,952.78,546898.11
C0350,F008,574,71.25,178.13,102244.57
C0350,F009,574,79.04,197.61,113428.82
C0350,F010,574,479.56,1198.9,688166.3
C0350,F011,574,392.07,980.18,562621.98
C0350,F012,574,410.21,1025.52,588650.69
C0350,F013,574,415.86,1039.65,596760.62
C0350,F014,574,417.55,1043.87,599183.19
C0350,F015,574,482.96,1207.4,693046.37
C0350,F016,574,500.4,1250.99,718067.14
C0350,F017,574,97.78,244.46,140320.63
C0350,F018,574,437.42,1093.56,627703.22
C0350,F019,574,346.27,865.68,496900.9
C0350,F020,574,377.24,943.1,541341.91
C0351,F001,1177,51.04,127.61,150195.77
C0351,F002,1177,50.19,125.47,147674.19
C0351,F003,1177,1377.54,3443.84,4053401.04
C0351,F004,1177,1337.25,3343.11,3934845.94
C0351,F005,1177,60.62,151.54,178367.18
C0351,F006,1177,107.79,269.47,317169.39
C0351,F007,1177,123.18,307.94,362450.87
C0351,F008,1177,530.22,1325.56,1560181.08
C0351,F009,1177,557.28,1393.19,1639786.55
C0351,F010,1177,843.73,2109.32,2482674.77
C0351,F011,1177,129.03,322.58,379673.33
C0351,F012,1177,74.2,185.51,218342.36
C0351,F013,1177,398.03,995.07,1171193.96
C0351,F014,1177,68.21,170.53,200714.2
C0351,F015,1177,834.98,2087.45,2456932.47
C0351,F016,1177,850.24,2125.61,2501842.63
C0351,F017,1177,574.73,1436.82,1691140.34
C0351,F018,1177,44.71,111.78,131564.0
C0351,F019,1177,272.29,680.71,801200.69
C0351,F020,1177,130.45,326.13,383849.5
C0352,F001,123,55.64,139.09,17108.58
C0352,F002,123,28.13,70.33,8651.2
C0352,F003,123,1308.91,3272.27,402489.7
C0352,F004,123,1268.74,3171.84,390136.51
C0352,F005,123,61.54,153.86,18924.44
C0352,F006,123,48.11,120.26,14792.48
C0352,F007,123,58.77,146.92,18070.96
C0352,F008,123,494.09,1235.23,151933.63
C0352,F009,123,516.19,1290.47,158727.98
C0352,F010,123,776.67,1941.67,238825.7
C0352,F011,123,58.11,145.27,17868.55
C0352,F012,123,40.21,100.54,12365.93
C0352,F013,123,324.93,812.32,99914.81
C0352,F014,123,85.94,214.85,26426.26
C0352,F015,123,767.11,1917.78,235886.47
C0352,F016,123,782.08,1955.19,240488.55
C0352,F017,123,529.47,1323.68,162813.21
C0352,F018,123,42.49,106.22,13065.33
C0352,F019,123,289.93,724.82,89152.6
C0352,F020,123,64.73,161.83,19904.88
C0353,F001,713,61.44,153.6,109514.23
C0353,F002,713,24.56,61.4,43776.11
C0353,F003,713,1306.52,3266.31,2328880.47
C0353,F004,713,1266.31,3165.78,2257200.55
C0353,F005,713,68.16,170.4,121497.29
C0353,F006,713,55.84,139.6,99534.62
C0353,F007,713,65.42,163.56,116616.43
C0353,F008,713,502.18,1255.45,895135.92
C0353,F009,713,523.99,1309.97,934009.65
C0353,F010,713,781.03,1952.58,1392188.68
C0353,F011,713,62.55,156.37,111493.51
C0353,F012,713,48.44,121.09,86339.74
C0353,F013,713,324.99,812.48,579301.05
C0353,F014,713,92.24,230.6,164420.19
C0353,F015,713,771.26,1928.14,1374762.42
C0353,F016,713,786.13,1965.33,1401281.61
C0353,F017,713,536.98,1342.44,957161.05
C0353,F018,713,47.24,118.1,84206.93
C0353,F019,713,297.71,744.28,530668.11
C0353,F020,713,70.95,177.38,126470.52
C0354,F001,969,100.85,252.13,244312.04
C0354,F002,969,103.64,259.11,251075.82
C0354,F003,969,1270.53,3176.33,3077862.05
C0354,F004,969,1230.74,3076.85,2981468.49
C0354,F005,969,98.11,245.26,237660.81
C0354,F006,969,34.31,85.77,83115.1
C0354,F007,969,18.3,45.75,44328.95
C0354,F008,969,428.12,1070.3,1037125.24
C0354,F009,969,447.03,1117.58,1082937.19
C0354,F010,969,702.7,1756.74,1702285.87
C0354,F011,969,24.44,61.1,59208.09
C0354,F012,969,71.08,177.7,172192.22
C0354,F013,969,273.63,684.08,662878.22
C0354,F014,969,117.66,294.16,285039.14
C0354,F015,969,693.68,1734.2,1680438.72
C0354,F016,969,708.87,1772.18,1717245.72
C0354,F017,969,458.04,1145.1,1109602.04
C0354,F018,969,98.43,246.08,238454.53
C0354,F019,969,278.96,697.39,675774.33
C0354,F020,969,11.19,27.98,27110.21
C0355,F001,306,135.22,338.04,103441.34
C0355,F002,306,164.1,410.26,125539.42
C0355,F003,306,1301.52,3253.8,995662.37
C0355,F004,306,1262.28,3155.7,965644.95
C0355,F005,306,126.91,317.27,97085.65
C0355,F006,306,92.62,231.55,70854.55
C0355,F007,306,87.38,218.45,66847.12
C0355,F008,306,353.89,884.73,270726.77
C0355,F009,306,376.28,940.69,287850.83
C0355,F010,306,671.18,1677.94,513450.31
C0355,F011,306,103.16,257.89,78914.83
C0355,F012,306,113.59,283.97,86894.09
C0355,F013,306,301.98,754.94,231012.27
C0355,F014,306,133.33,333.32,101997.43
C0355,F015,306,664.64,1661.6,508448.07
C0355,F016,306,680.66,1701.66,520708.22
C0355,F017,306,390.94,977.35,299069.76
C0355,F018,306,141.97,354.93,108609.2
C0355,F019,306,222.94,557.34,170546.94
C0355,F020,306,85.53,213.83,65431.1
C0356,F001,2023,18.72,46.79,94658.85
C0356,F002,2023,36.2,90.51,183096.89
C0356,F003,2023,1345.3,3363.25,6803847.46
C0356,F004,2023,1305.18,3262.94,6600926.06
C0356,F005,2023,27.09,67.73,137017.42
C0356,F006,2023,59.45,148.62,300648.84
C0356,F007,2023,75.32,188.29,380906.79
C0356,F008,2023,488.19,1220.48,2469039.86
C0356,F009,2023,513.44,1283.59,2596710.89
C0356,F010,2023,795.09,1987.72,4021164.75
C0356,F011,2023,83.93,209.84,424497.21
C0356,F012,2023,25.7,64.24,129966.53
C0356,F013,2023,357.63,894.07,1808704.98
C0356,F014,2023,49.84,124.61,252086.63
C0356,F015,2023,786.48,1966.2,3977620.33
C0356,F016,2023,801.8,2004.51,4055115.98
C0356,F017,2023,529.51,1323.77,2677978.76
C0356,F018,2023,5.27,13.17,26636.52
C0356,F019,2023,258.63,646.58,1308026.37
C0356,F020,2023,82.76,206.89,418546.83
C0357,F001,800,98.75,246.87,197495.75
C0357,F002,800,56.23,140.58,112461.92
C0357,F003,800,1271.33,3178.32,2542655.2
C0357,F004,800,1231.05,3077.63,2462106.85
C0357,F005,800,104.79,261.98,209586.25
C0357,F006,800,73.38,183.45,146756.47
C0357,F007,800,74.89,187.22,149776.1
C0357,F008,800,513.62,1284.05,1027240.27
C0357,F009,800,532.35,1330.88,1064703.31
C0357,F010,800,766.96,1917.4,1533920.21
C0357,F011,800,61.3,153.26,122608.27
C0357,F012,800,81.53,203.82,163054.9
C0357,F013,800,295.99,739.97,591973.1
C0357,F014,800,129.2,323.01,258407.83
C0357,F015,800,756.19,1890.46,1512371.13
C0357,F016,800,770.64,1926.61,1541284.21
C0357,F017,800,542.6,1356.51,1085208.63
C0357,F018,800,84.83,212.08,169666.67
C0357,F019,800,331.26,828.14,662510.32
C0357,F020,800,77.15,192.87,154295.81
C0358,F001,1307,214.29,535.72,700180.11
C0358,F002,1307,266.73,666.83,871547.88
C0358,F003,1307,1537.42,3843.56,5023532.85
C0358,F004,1307,1498.09,3745.23,4895021.83
C0358,F005,1307,207.03,517.58,676475.78
C0358,F006,1307,254.31,635.78,830962.59
C0358,F007,1307,266.16,665.4,869672.95
C0358,F008,1307,428.56,1071.41,1400328.07
C0358,F009,1307,470.11,1175.26,1536070.15
C0358,F010,1307,861.12,2152.8,2813712.75
C0358,F011,1307,286.14,715.35,934959.08
C0358,F012,1307,230.93,577.33,754567.21
C0358,F013,1307,537.29,1343.24,1755609.42
C0358,F014,1307,183.17,457.91,598491.91
C0358,F015,1307,858.93,2147.34,2806567.05
C0358,F016,1307,875.91,2189.78,2862048.19
C0358,F017,1307,501.39,1253.47,1638282.81
C0358,F018,1307,229.65,574.12,750370.06
C0358,F019,1307,67.19,167.98,219543.38
C0358,F020,1307,271.48,678.71,887068.4
C0359,F001,628,1371.6,3428.99,2153405.18
C0359,F002,628,1339.86,3349.65,2103582.25
C0359,F003,628,36.13,90.31,56717.14
C0359,F004,628,65.55,163.87,102909.99
C0359,F005,628,1372.83,3432.07,2155343.04
C0359,F006,628,1309.86,3274.64,2056476.64
C0359,F007,628,1294.53,3236.34,2032418.71
C0359,F008,628,1358.59,3396.47,2132982.33
C0359,F009,628,1321.63,3304.09,2074966.45
C0359,F010,628,941.33,2353.34,1477895.36
C0359,F011,628,1278.1,3195.24,2006610.12
C0359,F012,628,1343.81,3359.52,2109781.35
C0359,F013,628,1009.13,2522.82,1584329.22
C0359,F014,628,1395.62,3489.05,2191124.18
C0359,F015,628,921.27,2303.18,1446395.93
C0359,F016,628,909.26,2273.16,1427545.03
C0359,F017,628,1285.4,3213.49,2018070.68
C0359,F018,628,1361.96,3404.9,2138274.08
C0359,F019,628,1525.86,3814.65,2395598.19
C0359,F020,628,1287.67,3219.17,2021636.14
C0360,F001,807,1278.78,3196.95,2579942.27
C0360,F002,807,1245.48,3113.71,2512764.83
C0360,F003,807,83.05,207.62,167549.93
C0360,F004,807,42.39,105.97,85514.51
C0360,F005,807,1280.4,3201.01,2583216.97
C0360,F006,807,1218.07,3045.19,2457465.09
C0360,F007,807,1203.01,3007.52,2427070.32
C0360,F008,807,1289.45,3223.63,2601470.43
C0360,F009,807,1254.49,3136.21,2530923.64
C0360,F010,807,895.68,2239.21,1807038.73
C0360,F011,807,1186.06,2965.16,2392884.14
C0360,F012,807,1251.43,3128.57,2524755.1
C0360,F013,807,920.16,2300.39,1856414.18
C0360,F014,807,1303.53,3258.82,2629868.34
C0360,F015,807,874.29,2185.73,1763885.19
C0360,F016,807,863.69,2159.22,1742493.26
C0360,F017,807,1219.58,3048.94,2460492.79
C0360,F018,807,1268.69,3171.72,2559579.81
C0360,F019,807,1440.2,3600.49,2905597.1
C0360,F020,807,1196.28,2990.69,2413490.33
C0361,F001,306,1332.83,3332.08,1019615.66
C0361,F002,306,1300.62,3251.55,994974.48
C0361,F003,306,33.32,83.29,25486.41
C0361,F004,306,28.26,70.66,21622.59
C0361,F005,306,1334.18,3335.46,1020651.08
C0361,F006,306,1271.4,3178.5,972620.48
C0361,F007,306,1256.15,3140.38,960956.8
C0361,F008,306,1327.67,3319.19,1015670.94
C0361,F009,306,1291.4,3228.5,987921.12
C0361,F010,306,918.5,2296.26,702654.99
C0361,F011,306,1239.56,3098.89,948259.75
C0361,F012,306,1305.17,3262.93,998457.26
C0361,F013,306,971.47,2428.66,743170.77
C0361,F014,306,1357.08,3392.7,1038166.75
C0361,F015,306,897.93,2244.83,686917.91
C0361,F016,306,886.42,2216.05,678111.46
C0361,F017,306,1255.61,3139.03,960542.0
C0361,F018,306,1323.05,3307.63,1012135.8
C0361,F019,306,1489.39,3723.47,1139381.89
C0361,F020,306,1249.33,3123.31,955734.25
C0362,F001,726,933.52,2333.79,1694331.42
C0362,F002,726,929.18,2322.96,1686467.57
C0362,F003,726,754.1,1885.24,1368683.49
C0362,F004,726,729.13,1822.82,1323368.26
C0362,F005,726,929.26,2323.15,1686606.26
C0362,F006,726,867.61,2169.03,1574713.56
C0362,F007,726,851.47,2128.68,1545420.99
C0362,F008,726,706.26,1765.65,1281859.67
C0362,F009,726,660.69,1651.72,1199147.13
C0362,F010,726,216.17,540.43,392349.42
C0362,F011,726,844.68,2111.7,1533095.84
C0362,F012,726,904.1,2260.24,1640936.12
C0362,F013,726,601.97,1504.91,1092568.25
C0362,F014,726,944.29,2360.73,1713890.16
C0362,F015,726,202.49,506.22,367516.52
C0362,F016,726,186.49,466.22,338478.87
C0362,F017,726,619.88,1549.69,1125074.07
C0362,F018,726,931.69,2329.22,1691011.72
C0362,F019,726,985.71,2464.28,1789064.97
C0362,F020,726,843.99,2109.98,1531848.57
C0363,F001,394,63.45,158.63,62498.74
C0363,F002,394,48.95,122.37,48213.02
C0363,F003,394,1297.03,3242.58,1277578.36
C0363,F004,394,1256.95,3142.37,1238095.66
C0363,F005,394,66.28,165.69,65282.6
C0363,F006,394,29.91,74.78,29461.51
C0363,F007,394,38.28,95.71,37709.53
C0363,F008,394,476.2,1190.51,469061.79
C0363,F009,394,497.43,1243.57,489968.13
C0363,F010,394,756.04,1890.09,744696.99
C0363,F011,394,37.87,94.68,37303.66
C0363,F012,394,38.79,96.99,38212.34
C0363,F013,394,309.0,772.5,304363.43
C0363,F014,394,90.65,226.63,89293.72
C0363,F015,394,746.58,1866.46,735384.03
C0363,F016,394,761.59,1903.99,750170.94
C0363,F017,394,510.07,1275.18,502420.1
C0363,F018,394,54.07,135.18,53259.33
C0363,F019,394,286.09,715.22,281794.72
C0363,F020,394,43.95,109.89,43295.17
C0364,F001,433,57.2,143.01,61923.66
C0364,F002,433,94.21,235.53,101985.25
C0364,F003,433,1416.3,3540.74,1533141.21
C0364,F004,433,1376.17,3440.42,1489703.36
C0364,F005,433,58.96,147.4,63825.97
C0364,F006,433,123.42,308.55,133601.53
C0364,F007,433,139.85,349.63,151391.08
C0364,F008,433,504.36,1260.91,545973.12
C0364,F009,433,534.91,1337.27,579037.8
C0364,F010,433,847.86,2119.64,917804.86
C0364,F011,433,152.46,381.15,165039.57
C0364,F012,433,86.74,216.85,93896.84
C0364,F013,433,427.22,1068.04,462462.31
C0364,F014,433,44.68,111.7,48364.11
C0364,F015,433,840.57,2101.42,909915.0
C0364,F016,433,856.33,2140.83,926979.29
C0364,F017,433,555.6,1389.0,601438.4
C0364,F018,433,65.86,164.66,71297.22
C0364,F019,433,222.39,555.98,240738.44
C0364,F020,433,147.37,368.43,159530.03
C0365,F001,799,1342.53,3356.34,2681713.11
C0365,F002,799,1309.72,3274.29,2616156.73
C0365,F003,799,17.85,44.63,35661.94
C0365,F004,799,23.32,58.3,46584.59
C0365,F005,799,1344.03,3360.08,2684704.35
C0365,F006,799,1281.48,3203.7,2559753.21
C0365,F007,799,1266.32,3165.81,2529479.91
C0365,F008,799,1343.29,3358.23,2683227.39
C0365,F009,799,1307.35,3268.38,2611436.05
C0365,F010,799,937.18,2342.95,1872013.77
C0365,F011,799,1249.55,3123.86,2495966.75
C0365,F012,799,1315.04,3287.59,2626784.83
C0365,F013,799,982.48,2456.19,1962499.47
C0365,F014,799,1367.05,3417.62,2730681.9
C0365,F015,799,916.47,2291.19,1830658.49
C0365,F016,799,905.1,2262.75,1807936.81
C0365,F017,799,1271.78,3179.44,2540372.93
C0365,F018,799,1332.58,3331.46,2661838.4
C0365,F019,799,1501.39,3753.48,2999029.88
C0365,F020,799,1259.54,3148.86,2515938.83
C0366,F001,406,970.36,2425.91,984918.99
C0366,F002,406,964.56,2411.41,979031.33
C0366,F003,406,719.67,1799.18,730466.02
C0366,F004,406,696.01,1740.01,706445.77
C0366,F005,406,966.36,2415.9,980854.28
C0366,F006,406,904.19,2260.48,917753.48
C0366,F007,406,887.96,2219.91,901284.38
C0366,F008,406,750.57,1876.42,761827.5
C0366,F009,406,705.06,1762.66,715639.58
C0366,F010,406,259.91,649.77,263806.39
C0366,F011,406,880.59,2201.48,893801.36
C0366,F012,406,940.82,2352.05,954933.17
C0366,F013,406,632.92,1582.3,642411.81
C0366,F014,406,981.88,2454.7,996607.98
C0366,F015,406,246.75,616.87,250450.64
C0366,F016,406,230.6,576.51,234063.06
C0366,F017,406,664.27,1660.67,674234.02
C0366,F018,406,968.12,2420.3,982640.44
C0366,F019,406,1027.42,2568.55,1042833.01
C0366,F020,406,880.46,2201.14,893664.72
C0367,F001,798,1364.81,3412.02,2722788.6
C0367,F002,798,1332.69,3331.71,2658708.0
C0367,F003,798,22.69,56.73,45268.16
C0367,F004,798,53.05,132.63,105840.1
C0367,F005,798,1366.13,3415.33,2725435.99
C0367,F006,798,1303.3,3258.26,2600089.55
C0367,F007,798,1288.04,3220.09,2569633.78
C0367,F008,798,1356.43,3391.07,2706077.07
C0367,F009,798,1319.8,3299.5,2633000.65
C0367,F010,798,942.63,2356.57,1880543.92
C0367,F011,798,1271.48,3178.7,2536599.31
C0367,F012,798,1337.12,3342.8,2667553.34
C0367,F013,798,1003.14,2507.85,2001263.62
C0367,F014,798,1389.01,3472.51,2771065.46
C0367,F015,798,922.36,2305.91,1840112.86
C0367,F016,798,910.55,2276.37,1816542.64
C0367,F017,798,1283.77,3209.42,2561120.54
C0367,F018,798,1355.06,3387.64,2703340.43
C0367,F019,798,1520.67,3801.68,3033739.37
C0367,F020,798,1281.2,3203.0,2555993.14
C0368,F001,2716,983.02,2457.55,6674701.08
C0368,F002,2716,976.39,2440.98,6629707.66
C0368,F003,2716,702.06,1755.14,4766972.25
C0368,F004,2716,678.79,1696.98,4608997.92
C0368,F005,2716,979.16,2447.9,6648501.02
C0368,F006,2716,916.72,2291.79,6224500.17
C0368,F007,2716,900.45,2251.12,6114035.13
C0368,F008,2716,768.71,1921.76,5219512.16
C0368,F009,2716,723.35,1808.37,4911522.85
C0368,F010,2716,279.11,697.77,1895143.17
C0368,F011,2716,892.75,2231.88,6061774.18
C0368,F012,2716,953.42,2383.54,6473689.7
C0368,F013,2716,642.61,1606.51,4363289.28
C0368,F014,2716,994.96,2487.4,6755784.01
C0368,F015,2716,265.71,664.29,1804203.4
C0368,F016,2716,249.66,624.16,1695219.03
C0368,F017,2716,682.6,1706.51,4634881.4
C0368,F018,2716,980.54,2451.34,6657852.11
C0368,F019,2716,1043.12,2607.79,7082763.88
C0368,F020,2716,892.93,2232.32,6062969.88
C0369,F001,1080,32.76,81.9,88449.49
C0369,F002,1080,86.14,215.35,232579.81
C0369,F003,1080,1386.08,3465.19,3742403.3
C0369,F004,1080,1346.12,3365.3,3634520.71
C0369,F005,1080,26.12,65.29,70516.41
C0369,F006,1080,87.06,217.65,235058.87
C0369,F007,1080,102.85,257.14,277707.6
C0369,F008,1080,464.84,1162.09,1255055.88
C0369,F009,1080,493.9,1234.75,1333532.7
C0369,F010,1080,803.39,2008.48,2169162.0
C0369,F011,1080,118.68,296.71,320445.0
C0369,F012,1080,53.85,134.62,145388.15
C0369,F013,1080,391.81,979.53,1057887.93
C0369,F014,1080,1.63,4.08,4402.99
C0369,F015,1080,796.26,1990.64,2149890.54
C0369,F016,1080,812.07,2030.19,2192601.71
C0369,F017,1080,513.47,1283.67,1386367.43
C0369,F018,1080,48.33,120.81,130477.87
C0369,F019,1080,208.92,522.29,564070.59
C0369,F020,1080,110.07,275.16,297178.03
C0370,F001,385,1314.4,3286.0,1265111.09
C0370,F002,385,1280.64,3201.6,1232614.83
C0370,F003,385,54.61,136.53,52564.66
C0370,F004,385,22.96,57.39,22095.66
C0370,F005,385,1316.13,3290.33,1266776.22
C0370,F006,385,1253.98,3134.96,1206960.31
C0370,F007,385,1238.99,3097.47,1192525.9
C0370,F008,385,1327.51,3318.78,1277731.21
C0370,F009,385,1292.52,3231.3,1244050.68
C0370,F010,385,932.07,2330.17,897115.13
C0370,F011,385,1221.92,3054.8,1176097.12
C0370,F012,385,1287.17,3217.93,1238903.55
C0370,F013,385,956.78,2391.96,920904.56
C0370,F014,385,1339.34,3348.34,1289112.6
C0370,F015,385,910.82,2277.05,876665.54
C0370,F016,385,900.05,2250.12,866295.25
C0370,F017,385,1257.58,3143.95,1210419.57
C0370,F018,385,1304.18,3260.45,1255273.3
C0370,F019,385,1477.26,3693.15,1421861.36
C0370,F020,385,1232.29,3080.73,1186081.38
C0371,F001,214,192.3,480.75,102880.53
C0371,F002,214,212.86,532.15,113881.09
C0371,F003,214,1538.92,3847.29,823320.36
C0371,F004,214,1498.55,3746.37,801723.44
C0371,F005,214,195.33,488.32,104500.78
C0371,F006,214,259.07,647.67,138600.37
C0371,F007,214,275.52,688.8,147402.49
C0371,F008,214,606.88,1517.21,324682.03
C0371,F009,214,642.78,1606.96,343888.87
C0371,F010,214,981.03,2452.57,524850.15
C0371,F011,214,286.35,715.88,153198.25
C0371,F012,214,222.14,555.36,118847.05
C0371,F013,214,559.61,1399.04,299393.98
C0371,F014,214,179.65,449.12,96110.63
C0371,F015,214,974.47,2436.18,521342.19
C0371,F016,214,990.44,2476.11,529886.73
C0371,F017,214,668.08,1670.2,357423.07
C0371,F018,214,197.25,493.14,105531.13
C0371,F019,214,268.08,670.21,143425.1
C0371,F020,214,283.07,707.69,151444.8
C0372,F001,555,1376.45,3441.14,1909830.52
C0372,F002,555,1345.17,3362.93,1866425.41
C0372,F003,555,50.94,127.36,70683.32
C0372,F004,555,78.34,195.84,108691.94
C0372,F005,555,1377.58,3443.95,1911394.29
C0372,F006,555,1314.45,3286.13,1823802.3
C0372,F007,555,1299.06,3247.66,1802451.47
C0372,F008,555,1358.27,3395.68,1884601.65
C0372,F009,555,1320.97,3302.43,1832851.14
C0372,F010,555,937.42,2343.56,1300674.25
C0372,F011,555,1282.77,3206.91,1779837.3
C0372,F012,555,1348.56,3371.39,1871122.7
C0372,F013,555,1013.11,2532.79,1405696.54
C0372,F014,555,1400.28,3500.69,1942882.76
C0372,F015,555,917.58,2293.94,1273136.17
C0372,F016,555,905.37,2263.43,1256202.54
C0372,F017,555,1284.51,3211.28,1782262.52
C0372,F018,555,1366.95,3417.37,1896637.61
C0372,F019,555,1528.87,3822.18,2121312.13
C0372,F020,555,1292.16,3230.4,1792874.75
C0373,F001,810,461.55,1153.89,934647.66
C0373,F002,810,448.67,1121.67,908551.14
C0373,F003,810,945.24,2363.09,1914106.65
C0373,F004,810,907.12,2267.81,1836923.81
C0373,F005,810,459.24,1148.11,929968.55
C0373,F006,810,394.83,987.09,799540.04
C0373,F007,810,378.38,945.94,766213.58
C0373,F008,810,460.8,1152.01,933126.24
C0373,F009,810,440.4,1101.0,891806.11
C0373,F010,810,409.11,1022.78,828453.64
C0373,F011,810,367.85,919.62,744891.88
C0373,F012,810,431.72,1079.29,874227.48
C0373,F013,810,116.15,290.37,235200.79
C0373,F014,810,477.98,1194.95,967909.6
C0373,F015,810,392.17,980.43,794149.2
C0373,F016,810,403.21,1008.01,816490.28
C0373,F017,810,418.1,1045.26,846661.74
C0373,F018,810,456.92,1142.31,925273.1
C0373,F019,810,577.23,1443.08,1168891.46
C0373,F020,810,370.84,927.09,750941.44
C0374,F001,799,422.91,1057.27,844756.04
C0374,F002,799,403.04,1007.59,805067.16
C0374,F003,799,953.88,2384.69,1905367.11
C0374,F004,799,914.77,2286.94,1827262.88
C0374,F005,799,422.05,1055.13,843047.74
C0374,F006,799,357.33,893.32,713762.39
C0374,F007,799,341.14,852.85,681423.98
C0374,F008,799,497.5,1243.75,993753.15
C0374,F009,799,482.92,1207.29,964624.91
C0374,F010,799,481.16,1202.9,961118.83
C0374,F011,799,327.68,819.2,654538.54
C0374,F012,799,393.48,983.7,785977.46
C0374,F013,799,54.6,136.5,109064.3
C0374,F014,799,442.83,1107.07,884550.65
C0374,F015,799,463.85,1159.62,926537.81
C0374,F016,799,474.51,1186.26,947824.22
C0374,F017,799,465.17,1162.91,929169.04
C0374,F018,799,416.24,1040.59,831435.18
C0374,F019,799,565.97,1414.94,1130533.37
C0374,F020,799,333.8,834.5,666765.21
C0375,F001,1185,908.78,2271.95,2692264.05
C0375,F002,1185,899.87,2249.67,2665862.01
C0375,F003,1185,689.64,1724.1,2043057.21
C0375,F004,1185,662.44,1656.1,1962473.2
C0375,F005,1185,905.37,2263.43,2682159.73
C0375,F006,1185,842.19,2105.46,2494974.3
C0375,F007,1185,825.82,2064.54,2446478.79
C0375,F008,1185,725.84,1814.59,2150290.36
C0375,F009,1185,682.44,1706.1,2021727.83
C0375,F010,1185,263.38,658.44,780248.74
C0375,F011,1185,817.21,2043.02,2420984.35
C0375,F012,1185,879.04,2197.59,2604142.16
C0375,F013,1185,561.92,1404.8,1664689.86
C0375,F014,1185,922.03,2305.07,2731506.32
C0375,F015,1185,244.28,610.7,723676.66
C0375,F016,1185,231.39,578.48,685494.65
C0375,F017,1185,642.6,1606.49,1903689.41
C0375,F018,1185,905.61,2264.03,2682870.48
C0375,F019,1185,980.95,2452.39,2906077.0
C0375,F020,1185,818.27,2045.67,2424116.46
C0376,F001,286,1297.34,3243.34,927594.94
C0376,F002,286,1263.82,3159.55,903630.09
C0376,F003,286,66.77,166.93,47741.48
C0376,F004,286,27.36,68.41,19565.91
C0376,F005,286,1299.01,3247.52,928791.32
C0376,F006,286,1236.76,3091.91,884285.89
C0376,F007,286,1221.73,3054.32,873536.76
C0376,F008,286,1309.01,3272.52,935941.14
C0376,F009,286,1274.01,3185.02,910916.25
C0376,F010,286,914.15,2285.38,653619.27
C0376,F011,286,1204.73,3011.82,861379.72
C0376,F012,286,1270.04,3175.1,908078.49
C0376,F013,286,939.17,2347.93,671507.71
C0376,F014,286,1322.17,3305.43,945352.55
C0376,F015,286,892.85,2232.12,638385.74
C0376,F016,286,882.14,2205.36,630732.29
C0376,F017,286,1239.07,3097.67,885934.68
C0376,F018,286,1287.18,3217.96,920335.33
C0376,F019,286,1459.41,3648.53,1043478.71
C0376,F020,286,1215.02,3037.54,868735.77
C0377,F001,1128,492.27,1230.68,1388206.58
C0377,F002,1128,459.05,1147.63,1294521.22
C0377,F003,1128,868.65,2171.62,2449590.2
C0377,F004,1128,828.45,2071.13,2336230.58
C0377,F005,1128,494.23,1235.57,1393717.65
C0377,F006,1128,432.93,1082.32,1220857.37
C0377,F007,1128,418.41,1046.02,1179915.09
C0377,F008,1128,638.0,1595.0,1799165.04
C0377,F009,1128,624.08,1560.2,1759906.16
C0377,F010,1128,573.33,1433.32,1616788.24
C0377,F011,1128,400.62,1001.55,1129752.38
C0377,F012,1128,465.34,1163.35,1312261.42
C0377,F013,1128,158.26,395.64,446287.4
C0377,F014,1128,517.69,1294.22,1459879.56
C0377,F015,1128,552.82,1382.04,1558942.99
C0377,F016,1128,560.24,1400.6,1579878.69
C0377,F017,1128,606.14,1515.35,1709311.22
C0377,F018,1128,481.96,1204.9,1359131.0
C0377,F019,1128,672.09,1680.23,1895296.77
C0377,F020,1128,412.0,1030.0,1161835.14
C0378,F001,674,32.56,81.39,54856.45
C0378,F002,674,75.11,187.78,126566.83
C0378,F003,674,1348.0,3369.99,2271375.1
C0378,F004,674,1308.1,3270.25,2204148.21
C0378,F005,674,24.16,60.41,40713.66
C0378,F006,674,48.73,121.83,82114.2
C0378,F007,674,63.95,159.87,107753.78
C0378,F008,674,448.03,1120.08,754930.59
C0378,F009,674,474.15,1185.36,798934.69
C0378,F010,674,768.57,1921.42,1295038.34
C0378,F011,674,81.05,202.61,136561.94
C0378,F012,674,23.69,59.24,39926.02
C0378,F013,674,352.66,881.64,594225.65
C0378,F014,674,38.59,96.46,65016.77
C0378,F015,674,760.9,1902.24,1282113.05
C0378,F016,674,776.55,1941.38,1308490.01
C0378,F017,674,491.22,1228.05,827703.92
C0378,F018,674,42.28,105.7,71238.77
C0378,F019,674,226.43,566.08,381536.3
C0378,F020,674,70.99,177.48,119621.12
C0379,F001,193,1236.04,3090.1,596389.19
C0379,F002,193,1201.6,3004.01,579773.64
C0379,F003,193,134.19,335.47,64745.2
C0379,F004,193,94.64,236.61,45664.79
C0379,F005,193,1237.95,3094.87,597309.85
C0379,F006,193,1176.15,2940.37,567491.58
C0379,F007,193,1161.29,2903.22,560321.23
C0379,F008,193,1262.61,3156.51,609207.19
C0379,F009,193,1228.95,3072.37,592967.15
C0379,F010,193,884.29,2210.73,426670.26
C0379,F011,193,1143.99,2859.97,551974.9
C0379,F012,193,1209.03,3022.57,583356.37
C0379,F013,193,880.73,2201.83,424953.48
C0379,F014,193,1261.29,3153.24,608574.55
C0379,F015,193,862.23,2155.57,416025.79
C0379,F016,193,852.51,2131.27,411334.73
C0379,F017,193,1194.94,2987.34,576557.45
C0379,F018,193,1225.62,3064.05,591360.89
C0379,F019,193,1402.36,3505.91,676641.02
C0379,F020,193,1154.66,2886.66,557125.25
C0380,F001,852,1300.11,3250.27,2769232.75
C0380,F002,852,1267.64,3169.1,2700076.02
C0380,F003,852,61.13,152.82,130202.75
C0380,F004,852,26.3,65.74,56012.31
C0380,F005,852,1301.53,3253.82,2772257.86
C0380,F006,852,1238.86,3097.14,2638761.18
C0380,F007,852,1223.65,3059.13,2606382.64
C0380,F008,852,1300.14,3250.35,2769296.18
C0380,F009,852,1264.36,3160.91,2693091.51
C0380,F010,852,897.21,2243.03,1911064.62
C0380,F011,852,1206.97,3017.42,2570837.93
C0380,F012,852,1272.52,3181.31,2710477.42
C0380,F013,852,939.43,2348.57,2000984.38
C0380,F014,852,1324.48,3311.21,2821151.66
C0380,F015,852,876.27,2190.68,1866457.36
C0380,F016,852,865.15,2162.88,1842774.93
C0380,F017,852,1228.91,3072.27,2617576.15
C0380,F018,852,1290.25,3225.64,2748242.56
C0380,F019,852,1458.04,3645.09,3105616.81
C0380,F020,852,1216.85,3042.13,2591893.2
C0381,F001,565,1324.96,3312.4,1871506.86
C0381,F002,565,1292.96,3232.4,1826304.65
C0381,F003,565,43.3,108.25,61163.91
C0381,F004,565,31.75,79.38,44849.83
C0381,F005,565,1326.27,3315.66,1873350.23
C0381,F006,565,1263.41,3158.52,1784561.18
C0381,F007,565,1248.13,3120.33,1762983.64
C0381,F008,565,1318.12,3295.29,1861839.94
C0381,F009,565,1281.77,3204.43,1810504.31
C0381,F010,565,908.51,2271.27,1283269.0
C0381,F011,565,1231.59,3078.98,1739625.39
C0381,F012,565,1297.25,3243.13,1832365.88
C0381,F013,565,963.18,2407.96,1360497.56
C0381,F014,565,1349.12,3372.8,1905632.67
C0381,F015,565,887.94,2219.86,1254220.17
C0381,F016,565,876.43,2191.06,1237951.55
C0381,F017,565,1245.94,3114.85,1759891.62
C0381,F018,565,1315.24,3288.1,1857778.89
C0381,F019,565,1480.78,3701.94,2091597.8
C0381,F020,565,1241.29,3103.22,1753318.8
C0382,F001,382,65.28,163.21,62345.74
C0382,F002,382,60.48,151.21,57763.06
C0382,F003,382,1295.86,3239.65,1237547.65
C0382,F004,382,1255.85,3139.63,1199337.35
C0382,F005,382,66.02,165.06,63053.32
C0382,F006,382,17.04,42.59,16270.37
C0382,F007,382,25.79,64.48,24630.33
C0382,F008,382,463.05,1157.63,442213.79
C0382,F009,382,484.27,1210.68,462478.78
C0382,F010,382,745.68,1864.21,712127.08
C0382,F011,382,30.37,75.93,29006.24
C0382,F012,382,37.06,92.65,35391.17
C0382,F013,382,304.84,762.09,291119.09
C0382,F014,382,89.47,223.67,85443.07
C0382,F015,382,736.48,1841.2,703337.18
C0382,F016,382,751.59,1878.98,717769.21
C0382,F017,382,497.0,1242.49,474631.44
C0382,F018,382,58.79,146.97,56142.93
C0382,F019,382,278.27,695.68,265751.39
C0382,F020,382,32.13,80.31,30679.82
C0383,F001,1061,804.72,2011.8,2134522.37
C0383,F002,1061,805.8,2014.49,2137375.31
C0383,F003,1061,872.6,2181.5,2314568.85
C0383,F004,1061,843.83,2109.58,2238268.94
C0383,F005,1061,799.57,1998.93,2120862.17
C0383,F006,1061,740.23,1850.57,1963452.02
C0383,F007,1061,724.53,1811.32,1921811.24
C0383,F008,1061,553.19,1382.99,1467348.96
C0383,F009,1061,507.69,1269.23,1346649.58
C0383,F010,1061,80.58,201.45,213741.87
C0383,F011,1061,719.96,1799.91,1909702.54
C0383,F012,1061,775.93,1939.84,2058167.55
C0383,F013,1061,500.33,1250.84,1327135.99
C0383,F014,1061,812.75,2031.87,2155810.53
C0383,F015,1061,58.69,146.71,155662.54
C0383,F016,1061,49.39,123.49,131017.96
C0383,F017,1061,466.93,1167.33,1238538.38
C0383,F018,1061,804.42,2011.06,2133731.39
C0383,F019,1061,839.6,2099.01,2227051.48
C0383,F020,1061,717.22,1793.04,1902415.85
C0384,F001,447,11.99,29.99,13404.39
C0384,F002,447,65.01,162.53,72651.28
C0384,F003,447,1371.05,3427.64,1532153.96
C0384,F004,447,1331.02,3327.54,1487412.2
C0384,F005,447,10.42,26.05,11644.91
C0384,F006,447,74.95,187.38,83758.82
C0384,F007,447,91.35,228.37,102082.91
C0384,F008,447,476.27,1190.68,532234.97
C0384,F009,447,503.86,1259.66,563067.28
C0384,F010,447,802.33,2005.83,896605.68
C0384,F011,447,104.8,262.01,117116.26
C0384,F012,447,38.67,96.67,43212.44
C0384,F013,447,379.45,948.64,424040.42
C0384,F014,447,19.51,48.77,21799.21
C0384,F015,447,794.58,1986.45,887943.45
C0384,F016,447,810.2,2025.5,905399.52
C0384,F017,447,522.06,1305.16,583406.11
C0384,F018,447,27.23,68.07,30425.1
C0384,F019,447,229.8,574.51,256806.24
C0384,F020,447,98.85,247.12,110461.73
C0385,F001,495,1384.38,3460.96,1713174.34
C0385,F002,495,1352.02,3380.06,1673127.67
C0385,F003,495,28.42,71.06,35173.87
C0385,F004,495,67.75,169.37,83836.47
C0385,F005,495,1385.76,3464.41,1714883.74
C0385,F006,495,1323.02,3307.54,1637233.81
C0385,F007,495,1307.78,3269.46,1618382.01
C0385,F008,495,1377.29,3443.21,1704390.67
C0385,F009,495,1340.65,3351.62,1659052.69
C0385,F010,495,962.82,2407.06,1191494.82
C0385,F011,495,1291.16,3227.9,1597808.91
C0385,F012,495,1356.76,3391.89,1678984.95
C0385,F013,495,1023.16,2557.89,1266156.91
C0385,F014,495,1408.68,3521.71,1743244.42
C0385,F015,495,942.63,2356.58,1166505.91
C0385,F016,495,930.75,2326.87,1151798.63
C0385,F017,495,1304.61,3261.52,1614452.15
C0385,F018,495,1374.57,3436.42,1701028.41
C0385,F019,495,1541.0,3852.51,1906991.18
C0385,F020,495,1300.96,3252.41,1609941.57
C0386,F001,512,432.39,1080.96,553453.49
C0386,F002,512,421.84,1054.59,539952.37
C0386,F003,512,979.45,2448.62,1253691.47
C0386,F004,512,941.32,2353.3,1204887.54
C0386,F005,512,429.67,1074.18,549981.14
C0386,F006,512,365.62,914.05,467994.5
C0386,F007,512,349.17,872.93,446941.24
C0386,F008,512,432.28,1080.7,553319.9
C0386,F009,512,413.94,1034.85,529842.8
C0386,F010,512,417.86,1044.64,534856.4
C0386,F011,512,339.58,848.96,434665.98
C0386,F012,512,402.54,1006.36,515257.4
C0386,F013,512,105.54,263.86,135094.45
C0386,F014,512,447.81,1119.52,573195.41
C0386,F015,512,402.39,1005.98,515061.38
C0386,F016,512,414.48,1036.19,530530.13
C0386,F017,512,393.58,983.94,503776.7
C0386,F018,512,428.38,1070.96,548332.55
C0386,F019,512,543.27,1358.18,695385.65
C0386,F020,512,341.62,854.04,437267.77
C0387,F001,1983,467.59,1168.98,2318095.19
C0387,F002,1983,457.22,1143.05,2266677.41
C0387,F003,1983,952.49,2381.23,4721975.69
C0387,F004,1983,914.72,2286.8,4534732.77
C0387,F005,1983,464.79,1161.98,2304200.22
C0387,F006,1983,400.83,1002.09,1987138.0
C0387,F007,1983,384.39,960.98,1905628.81
C0387,F008,1983,443.65,1109.12,2199378.89
C0387,F009,1983,421.8,1054.51,2091085.65
C0387,F010,1983,389.1,972.74,1928940.12
C0387,F011,1983,374.93,937.33,1858732.98
C0387,F012,1983,437.76,1094.4,2170186.54
C0387,F013,1983,133.99,334.98,664265.27
C0387,F014,1983,482.74,1206.86,2393195.18
C0387,F015,1983,372.7,931.75,1847659.68
C0387,F016,1983,384.17,960.43,1904526.34
C0387,F017,1983,398.45,996.13,1975327.02
C0387,F018,1983,463.69,1159.24,2298766.42
C0387,F019,1983,573.74,1434.34,2844301.39
C0387,F020,1983,376.83,942.09,1868158.68
C0388,F001,1511,117.02,292.55,442039.57
C0388,F002,1511,92.04,230.09,347672.78
C0388,F003,1511,1243.42,3108.56,4697031.35
C0388,F004,1511,1203.34,3008.35,4545614.12
C0388,F005,1511,119.23,298.09,450406.58
C0388,F006,1511,63.15,157.87,238541.04
C0388,F007,1511,54.02,135.06,204075.59
C0388,F008,1511,476.93,1192.32,1801598.78
C0388,F009,1511,493.24,1233.09,1863199.97
C0388,F010,1511,720.47,1801.18,2721588.02
C0388,F011,1511,33.39,83.48,126142.44
C0388,F012,1511,90.66,226.65,342466.01
C0388,F013,1511,257.4,643.51,972339.12
C0388,F014,1511,143.18,357.95,540858.66
C0388,F015,1511,709.82,1774.55,2681337.79
C0388,F016,1511,724.34,1810.85,2736195.98
C0388,F017,1511,501.64,1254.1,1894949.87
C0388,F018,1511,107.32,268.3,405407.43
C0388,F019,1511,327.52,818.79,1237190.56
C0388,F020,1511,51.47,128.67,194418.29
C0389,F001,2805,954.02,2385.05,6690055.74
C0389,F002,2805,944.53,2361.33,6623522.9
C0389,F003,2805,662.74,1656.85,4647469.23
C0389,F004,2805,637.32,1593.3,4469212.69
C0389,F005,2805,950.7,2376.75,6666776.03
C0389,F006,2805,887.38,2218.45,6222746.27
C0389,F007,2805,870.99,2177.48,6107833.49
C0389,F008,2805,769.13,1922.83,5393528.6
C0389,F009,2805,725.26,1813.16,5085906.62
C0389,F010,2805,297.09,742.73,2083354.93
C0389,F011,2805,862.17,2155.43,6045991.57
C0389,F012,2805,924.25,2310.63,6481308.89
C0389,F013,2805,605.01,1512.52,4242623.01
C0389,F014,2805,967.51,2418.77,6784640.57
C0389,F015,2805,279.81,699.53,1962185.73
C0389,F016,2805,265.63,664.07,1862720.8
C0389,F017,2805,685.17,1712.92,4804749.72
C0389,F018,2805,950.7,2376.74,6666756.43
C0389,F019,2805,1026.97,2567.42,7201619.56
C0389,F020,2805,863.44,2158.6,6054873.66
C0390,F001,2450,68.1,170.24,417090.51
C0390,F002,2450,103.45,258.62,633619.82
C0390,F003,2450,1331.85,3329.63,8157602.86
C0390,F004,2450,1292.16,3230.4,7914475.15
C0390,F005,2450,59.68,149.21,365557.86
C0390,F006,2450,46.85,117.11,286927.68
C0390,F007,2450,54.81,137.02,335693.53
C0390,F008,2450,414.67,1036.68,2539862.24
C0390,F009,2450,439.77,1099.43,2693607.15
C0390,F010,2450,734.9,1837.26,4501281.22
C0390,F011,2450,75.47,188.68,462258.73
C0390,F012,2450,49.74,124.35,304668.37
C0390,F013,2450,333.02,832.55,2039736.17
C0390,F014,2450,68.53,171.32,419738.68
C0390,F015,2450,727.61,1819.03,4456617.32
C0390,F016,2450,743.39,1858.49,4553291.21
C0390,F017,2450,456.2,1140.5,2794225.94
C0390,F018,2450,76.05,190.12,465791.06
C0390,F019,2450,219.11,547.77,1342046.66
C0390,F020,2450,59.34,148.34,363427.91
C0391,F001,443,1255.62,3139.04,1390595.49
C0391,F002,443,1221.77,3054.43,1353110.92
C0391,F003,443,109.65,274.13,121440.25
C0391,F004,443,69.43,173.58,76897.49
C0391,F005,443,1257.38,3143.44,1392545.01
C0391,F006,443,1195.3,2988.24,1323789.94
C0391,F007,443,1180.33,2950.82,1307212.2
C0391,F008,443,1274.11,3185.27,1411074.4
C0391,F009,443,1239.79,3099.48,1373067.43
C0391,F010,443,888.04,2220.11,983508.35
C0391,F011,443,1163.21,2908.03,1288255.29
C0391,F012,443,1228.42,3071.06,1360480.45
C0391,F013,443,898.54,2246.34,995130.51
C0391,F014,443,1280.61,3201.52,1418275.5
C0391,F015,443,866.3,2165.75,959428.25
C0391,F016,443,856.14,2140.36,948178.13
C0391,F017,443,1205.32,3013.31,1334897.3
C0391,F018,443,1245.37,3113.41,1379241.94
C0391,F019,443,1419.43,3548.57,1572018.69
C0391,F020,443,1173.65,2934.12,1299813.92
C0392,F001,663,780.77,1951.92,1294124.84
C0392,F002,663,783.03,1957.58,1297873.38
C0392,F003,663,895.95,2239.87,1485035.3
C0392,F004,663,866.6,2166.5,1436386.52
C0392,F005,663,775.43,1938.57,1285273.28
C0392,F006,663,716.68,1791.69,1187890.89
C0392,F007,663,701.1,1752.75,1162074.61
C0392,F008,663,524.05,1310.13,868615.93
C0392,F009,663,478.59,1196.47,793260.16
C0392,F010,663,65.0,162.49,107730.35
C0392,F011,663,697.04,1742.6,1155346.57
C0392,F012,663,752.16,1880.4,1246705.0
C0392,F013,663,483.47,1208.67,801347.42
C0392,F014,663,788.18,1970.45,1306410.12
C0392,F015,663,40.67,101.66,67403.86
C0392,F016,663,40.6,101.5,67294.9
C0392,F017,663,437.85,1094.63,725742.8
C0392,F018,663,780.81,1952.02,1294188.93
C0392,F019,663,811.84,2029.6,1345627.72
C0392,F020,663,693.84,1734.59,1150036.38
C0393,F001,1231,54.1,135.24,166485.04
C0393,F002,1231,14.23,35.57,43792.18
C0393,F003,1231,1317.24,3293.11,4053821.23
C0393,F004,1231,1277.02,3192.55,3930023.01
C0393,F005,1231,61.91,154.76,190513.3
C0393,F006,1231,61.18,152.94,188270.94
C0393,F007,1231,72.59,181.47,223384.23
C0393,F008,1231,506.06,1265.15,1557399.79
C0393,F009,1231,528.72,1321.81,1627143.84
C0393,F010,1231,790.55,1976.38,2432924.54
C0393,F011,1231,71.93,179.83,221367.58
C0393,F012,1231,46.45,116.11,142936.12
C0393,F013,1231,336.1,840.24,1034332.42
C0393,F014,1231,85.22,213.06,262273.78
C0393,F015,1231,780.94,1952.34,2403330.89
C0393,F016,1231,795.88,1989.69,2449308.34
C0393,F017,1231,542.43,1356.08,1669336.17
C0393,F018,1231,38.98,97.46,119970.71
C0393,F019,1231,293.01,732.52,901735.83
C0393,F020,1231,78.67,196.67,242104.42
C0394,F001,586,486.57,1216.42,712824.71
C0394,F002,586,517.35,1293.38,757918.19
C0394,F003,586,1283.25,3208.12,1879956.14
C0394,F004,586,1248.49,3121.23,1829040.17
C0394,F005,586,477.26,1193.14,699182.66
C0394,F006,586,444.1,1110.26,650609.99
C0394,F007,586,434.96,1087.41,637223.59
C0394,F008,586,78.18,195.44,114530.62
C0394,F009,586,44.12,110.29,64630.21
C0394,F010,586,428.14,1070.34,627219.37
C0394,F011,586,444.44,1111.1,651104.5
C0394,F012,586,467.15,1167.88,684378.03
C0394,F013,586,435.52,1088.79,638032.94
C0394,F014,586,477.25,1193.13,699176.88
C0394,F015,586,433.52,1083.81,635112.31
C0394,F016,586,450.89,1127.21,660547.48
C0394,F017,586,37.28,93.2,54618.04
C0394,F018,586,494.98,1237.46,725148.8
C0394,F019,586,408.41,1021.02,598317.33
C0394,F020,586,430.58,1076.44,630793.18
C0395,F001,908,38.52,96.29,87431.06
C0395,F002,908,53.94,134.86,122454.91
C0395,F003,908,1323.72,3309.3,3004846.21
C0395,F004,908,1283.72,3209.3,2914043.05
C0395,F005,908,38.2,95.49,86704.28
C0395,F006,908,28.7,71.75,65148.27
C0395,F007,908,45.02,112.55,102194.72
C0395,F008,908,463.1,1157.74,1051228.27
C0395,F009,908,486.83,1217.09,1105115.32
C0395,F010,908,763.82,1909.54,1733864.15
C0395,F011,908,57.04,142.59,129475.37
C0395,F012,908,9.17,22.93,20819.23
C0395,F013,908,331.76,829.39,753085.08
C0395,F014,908,61.59,153.97,139801.0
C0395,F015,908,755.25,1888.12,1714411.48
C0395,F016,908,770.59,1926.48,1749243.0
C0395,F017,908,501.74,1254.35,1138953.19
C0395,F018,908,35.81,89.53,81295.55
C0395,F019,908,256.39,640.96,581994.37
C0395,F020,908,52.57,131.43,119334.24
C0396,F001,2219,1380.23,3450.58,7656835.13
C0396,F002,2219,1347.85,3369.63,7477199.37
C0396,F003,2219,24.58,61.46,136370.27
C0396,F004,2219,63.59,158.97,352755.79
C0396,F005,2219,1381.62,3454.05,7664528.62
C0396,F006,2219,1318.88,3297.2,7316488.43
C0396,F007,2219,1303.65,3259.13,7232000.31
C0396,F008,2219,1373.63,3434.08,7620232.08
C0396,F009,2219,1337.05,3342.62,7417268.15
C0396,F010,2219,959.8,2399.5,5324485.05
C0396,F011,2219,1287.02,3217.55,7139732.45
C0396,F012,2219,1352.61,3381.52,7503603.5
C0396,F013,2219,1019.06,2547.66,5653253.47
C0396,F014,2219,1404.54,3511.35,7791691.78
C0396,F015,2219,939.56,2348.91,5212232.54
C0396,F016,2219,927.72,2319.3,5146523.51
C0396,F017,2219,1301.04,3252.6,7217517.92
C0396,F018,2219,1370.41,3426.03,7602352.34
C0396,F019,2219,1536.97,3842.43,8526362.45
C0396,F020,2219,1296.83,3242.08,7194174.65
C0397,F001,1402,1323.04,3307.6,4637255.4
C0397,F002,1402,1290.62,3226.55,4523629.73
C0397,F003,1402,39.28,98.19,137667.36
C0397,F004,1402,19.05,47.62,66769.72
C0397,F005,1402,1324.44,3311.11,4642178.36
C0397,F006,1402,1261.74,3154.35,4422405.02
C0397,F007,1402,1246.53,3116.32,4369081.82
C0397,F008,1402,1320.84,3302.09,4629529.54
C0397,F009,1402,1284.8,3212.0,4503220.37
C0397,F010,1402,914.42,2286.04,3205032.92
C0397,F011,1402,1229.86,3074.66,4310674.86
C0397,F012,1402,1295.44,3238.59,4540510.13
C0397,F013,1402,962.16,2405.4,3372367.19
C0397,F014,1402,1347.39,3368.46,4722584.47
C0397,F015,1402,893.69,2234.22,3132381.18
C0397,F016,1402,882.34,2205.85,3092602.22
C0397,F017,1402,1249.17,3122.92,4378330.88
C0397,F018,1402,1313.2,3283.01,4602774.03
C0397,F019,1402,1480.52,3701.3,5189225.26
C0397,F020,1402,1239.72,3099.3,4345215.35
C0398,F001,1813,55.36,138.39,250899.2
C0398,F002,1813,108.92,272.3,493684.52
C0398,F003,1813,1388.56,3471.4,6293648.9
C0398,F004,1813,1348.77,3371.91,6113279.91
C0398,F005,1813,45.75,114.39,207381.77
C0398,F006,1813,91.29,228.23,413781.08
C0398,F007,1813,105.14,262.85,476540.55
C0398,F008,1813,438.5,1096.25,1987504.31
C0398,F009,1813,468.35,1170.88,2122813.36
C0398,F010,1813,786.91,1967.27,3566653.86
C0398,F011,1813,123.74,309.36,560863.81
C0398,F012,1813,66.0,165.0,299151.59
C0398,F013,1813,390.87,977.18,1771634.39
C0398,F014,1813,28.91,72.28,131045.48
C0398,F015,1813,780.43,1951.09,3537318.59
C0398,F016,1813,796.46,1991.14,3609941.62
C0398,F017,1813,488.77,1221.93,2215350.68
C0398,F018,1813,70.98,177.44,321698.84
C0398,F019,1813,185.96,464.9,842871.51
C0398,F020,1813,111.53,278.83,505526.74
C0399,F001,471,128.96,322.39,151846.13
C0399,F002,471,114.01,285.02,134242.71
C0399,F003,471,1233.76,3084.39,1452748.2
C0399,F004,471,1193.83,2984.58,1405739.52
C0399,F005,471,128.95,322.36,151833.06
C0399,F006,471,65.6,164.01,77246.57
C0399,F007,471,51.07,127.68,60137.94
C0399,F008,471,451.16,1127.89,531238.49
C0399,F009,471,466.42,1166.05,549210.43
C0399,F010,471,693.76,1734.39,816898.8
C0399,F011,471,33.86,84.65,39871.68
C0399,F012,471,99.99,249.98,117740.74
C0399,F013,471,241.1,602.74,283890.44
C0399,F014,471,151.28,378.19,178129.58
C0399,F015,471,683.42,1708.55,804728.43
C0399,F016,471,698.09,1745.22,822000.78
C0399,F017,471,474.13,1185.32,558285.38
C0399,F018,471,122.1,305.25,143773.51
C0399,F019,471,320.84,802.1,377787.08
C0399,F020,471,45.1,112.76,53110.24
C0400,F001,604,508.79,1271.99,768279.18
C0400,F002,604,543.21,1358.02,820245.82
C0400,F003,604,1329.25,3323.12,2007162.9
C0400,F004,604,1294.8,3237.0,1955146.87
C0400,F005,604,499.08,1247.7,753612.1
C0400,F006,604,471.16,1177.89,711447.88
C0400,F007,604,463.3,1158.26,699588.92
C0400,F008,604,45.95,114.88,69387.01
C0400,F009,604,5.58,13.95,8426.27
C0400,F010,604,458.14,1145.36,691796.67
C0400,F011,604,474.38,1185.94,716308.33
C0400,F012,604,491.49,1228.73,742153.89
C0400,F013,604,482.75,1206.88,728958.33
C0400,F014,604,496.8,1241.99,750162.18
C0400,F015,604,465.58,1163.94,703021.3
C0400,F016,604,482.74,1206.86,728944.45
C0400,F017,604,45.05,112.62,68022.33
C0400,F018,604,518.35,1295.87,782708.19
C0400,F019,604,406.56,1016.4,613907.56
C0400,F020,604,459.49,1148.73,693832.72
C0401,F001,523,39.36,98.41,51468.05
C0401,F002,523,23.8,59.51,31123.95
C0401,F003,523,1325.74,3314.35,1733402.93
C0401,F004,523,1285.58,3213.94,1680892.74
C0401,F005,523,46.32,115.79,60557.03
C0401,F006,523,52.12,130.3,68147.77
C0401,F007,523,65.91,164.78,86180.2
C0401,F008,523,493.22,1233.05,644882.62
C0401,F009,523,516.75,1291.88,675652.35
C0401,F010,523,786.6,1966.5,1028480.25
C0401,F011,523,69.87,174.67,91353.45
C0401,F012,523,30.79,76.98,40260.34
C0401,F013,523,340.49,851.23,445191.23
C0401,F014,523,70.21,175.52,91798.15
C0401,F015,523,777.44,1943.6,1016501.29
C0401,F016,523,792.56,1981.39,1036269.04
C0401,F017,523,531.29,1328.24,694667.53
C0401,F018,523,25.54,63.84,33390.8
C0401,F019,523,276.93,692.34,362091.59
C0401,F020,523,72.79,181.97,95170.98
C0402,F001,102,798.42,1996.06,203597.67
C0402,F002,102,799.97,1999.94,203993.56
C0402,F003,102,881.11,2202.77,224682.69
C0402,F004,102,852.21,2130.53,217313.92
C0402,F005,102,793.19,1982.98,202264.45
C0402,F006,102,734.09,1835.22,187192.27
C0402,F007,102,718.44,1796.09,183201.48
C0402,F008,102,544.06,1360.16,138735.95
C0402,F009,102,498.5,1246.26,127118.67
C0402,F010,102,73.17,182.93,18658.76
C0402,F011,102,714.07,1785.18,182088.81
C0402,F012,102,769.71,1924.27,196275.21
C0402,F013,102,496.67,1241.68,126651.13
C0402,F014,102,806.19,2015.49,205579.64
C0402,F015,102,50.5,126.26,12878.67
C0402,F016,102,42.94,107.35,10949.95
C0402,F017,102,457.73,1144.32,116720.65
C0402,F018,102,798.26,1995.65,203556.58
C0402,F019,102,831.59,2078.97,212055.26
C0402,F020,102,711.14,1777.86,181341.8
C0403,F001,102,62.38,155.95,15906.75
C0403,F002,102,50.6,126.5,12902.57
C0403,F003,102,1298.01,3245.03,330992.91
C0403,F004,102,1257.94,3144.86,320775.33
C0403,F005,102,64.79,161.97,16520.89
C0403,F006,102,27.1,67.74,6909.81
C0403,F007,102,36.08,90.2,9200.38
C0403,F008,102,473.49,1183.72,120739.12
C0403,F009,102,494.82,1237.05,126179.34
C0403,F010,102,754.69,1886.74,192447.15
C0403,F011,102,37.04,92.6,9445.56
C0403,F012,102,36.89,92.22,9406.74
C0403,F013,102,309.28,773.2,78866.12
C0403,F014,102,89.04,222.6,22705.52
C0403,F015,102,745.32,1863.3,190056.28
C0403,F016,102,760.36,1900.91,193892.33
C0403,F017,102,507.58,1268.94,129431.64
C0403,F018,102,53.63,134.07,13675.34
C0403,F019,102,283.49,708.73,72290.81
C0403,F020,102,42.0,105.0,10710.33
C0404,F001,902,1339.2,3348.01,3019903.46
C0404,F002,902,1306.0,3264.99,2945019.24
C0404,F003,902,24.32,60.81,54850.09
C0404,F004,902,19.5,48.75,43971.68
C0404,F005,902,1340.79,3351.99,3023492.7
C0404,F006,902,1278.4,3196.0,2882793.87
C0404,F007,902,1263.31,3158.27,2848758.53
C0404,F008,902,1344.45,3361.12,3031727.1
C0404,F009,902,1308.81,3272.03,2951373.96
C0404,F010,902,941.57,2353.92,2123233.52
C0404,F011,902,1246.41,3116.03,2810659.99
C0404,F012,902,1311.81,3279.53,2958136.65
C0404,F013,902,980.08,2450.19,2210074.33
C0404,F014,902,1363.89,3409.73,3075572.13
C0404,F015,902,920.7,2301.76,2076183.5
C0404,F016,902,909.5,2273.75,2050919.54
C0404,F017,902,1273.44,3183.6,2871606.15
C0404,F018,902,1329.14,3322.86,2997216.34
C0404,F019,902,1499.63,3749.07,3381660.2
C0404,F020,902,1256.56,3141.4,2833545.63
C0405,F001,836,1324.52,3311.3,2768248.9
C0405,F002,836,1290.81,3227.01,2697782.83
C0405,F003,836,45.47,113.67,95029.5
C0405,F004,836,21.09,52.72,44071.09
C0405,F005,836,1326.24,3315.6,2771837.58
C0405,F006,836,1264.07,3160.17,2641899.48
C0405,F007,836,1249.06,3122.65,2610535.15
C0405,F008,836,1336.39,3340.97,2793054.24
C0405,F009,836,1301.26,3253.16,2719640.63
C0405,F010,836,939.2,2348.01,1962933.05
C0405,F011,836,1232.01,3080.02,2574897.9
C0405,F012,836,1297.28,3243.19,2711308.76
C0405,F013,836,966.73,2416.83,2020471.86
C0405,F014,836,1349.43,3373.59,2820317.26
C0405,F015,836,918.05,2295.13,1918727.06
C0405,F016,836,907.17,2267.92,1895978.15
C0405,F017,836,1266.23,3165.57,2646419.94
C0405,F018,836,1314.31,3285.79,2746916.76
C0405,F019,836,1487.09,3717.73,3108022.81
C0405,F020,836,1242.36,3105.9,2596530.13
C0406,F001,582,58.6,146.51,85267.93
C0406,F002,582,56.4,141.0,82060.62
C0406,F003,582,1302.45,3256.11,1895058.75
C0406,F004,582,1262.43,3156.07,1836833.49
C0406,F005,582,59.46,148.64,86508.11
C0406,F006,582,18.12,45.31,26370.15
C0406,F007,582,30.3,75.76,44090.26
C0406,F008,582,464.45,1161.14,675781.46
C0406,F009,582,486.26,1215.66,707515.13
C0406,F010,582,751.03,1877.58,1092753.94
C0406,F011,582,36.96,92.41,53781.72
C0406,F012,582,30.56,76.4,44464.19
C0406,F013,582,311.51,778.78,453247.86
C0406,F014,582,83.05,207.63,120841.47
C0406,F015,582,741.95,1854.87,1079535.47
C0406,F016,582,757.11,1892.76,1101587.87
C0406,F017,582,499.49,1248.73,726758.54
C0406,F018,582,52.29,130.72,76077.23
C0406,F019,582,274.02,685.04,398695.24
C0406,F020,582,37.18,92.95,54099.71
C0407,F001,385,54.38,135.95,52341.24
C0407,F002,385,46.42,116.04,44676.48
C0407,F003,385,1306.01,3265.03,1257036.59
C0407,F004,385,1265.94,3164.86,1218469.69
C0407,F005,385,56.94,142.35,54803.8
C0407,F006,385,28.04,70.1,26989.92
C0407,F007,385,40.0,99.99,38496.39
C0407,F008,385,474.01,1185.02,456230.83
C0407,F009,385,496.05,1240.13,477448.39
C0407,F010,385,760.27,1900.67,731759.1
C0407,F011,385,43.96,109.89,42307.95
C0407,F012,385,29.49,73.73,28385.18
C0407,F013,385,317.08,792.69,305185.2
C0407,F014,385,81.29,203.22,78239.88
C0407,F015,385,751.06,1877.66,722897.96
C0407,F016,385,766.17,1915.43,737439.07
C0407,F017,385,509.42,1273.54,490312.63
C0407,F018,385,45.83,114.56,44107.24
C0407,F019,385,277.7,694.26,267288.46
C0407,F020,385,46.61,116.52,44861.92
C0408,F001,557,974.66,2436.66,1357218.02
C0408,F002,557,969.83,2424.57,1350484.66
C0408,F003,557,735.39,1838.48,1024031.72
C0408,F004,557,712.12,1780.3,991626.47
C0408,F005,557,970.48,2426.21,1351397.18
C0408,F006,557,908.67,2271.67,1265319.56
C0408,F007,557,892.5,2231.25,1242804.48
C0408,F008,557,745.88,1864.7,1038636.2
C0408,F009,557,699.99,1749.99,974742.51
C0408,F010,557,251.58,628.96,350330.9
C0408,F011,557,885.51,2213.77,1233071.82
C0408,F012,557,945.2,2363.01,1316195.1
C0408,F013,557,640.58,1601.46,892014.35
C0408,F014,557,985.66,2464.14,1372525.03
C0408,F015,557,239.8,599.49,333916.4
C0408,F016,557,223.23,558.07,310843.97
C0408,F017,557,659.07,1647.69,917760.56
C0408,F018,557,972.7,2431.75,1354485.82
C0408,F019,557,1027.51,2568.77,1430806.8
C0408,F020,557,885.01,2212.53,1232377.17
C0409,F001,710,79.22,198.05,140615.7
C0409,F002,710,81.3,203.25,144305.74
C0409,F003,710,1286.69,3216.73,2283876.69
C0409,F004,710,1246.79,3116.98,2213057.2
C0409,F005,710,77.55,193.87,137649.41
C0409,F006,710,12.82,32.04,22751.75
C0409,F007,710,4.95,12.39,8793.83
C0409,F008,710,444.17,1110.42,788398.46
C0409,F009,710,464.64,1161.6,824736.12
C0409,F010,710,725.75,1814.36,1288198.53
C0409,F011,710,20.87,52.18,37044.53
C0409,F012,710,49.4,123.49,87678.52
C0409,F013,710,292.18,730.46,518627.65
C0409,F014,710,98.79,246.97,175346.68
C0409,F015,710,716.74,1791.85,1272213.99
C0409,F016,710,731.93,1829.83,1299180.9
C0409,F017,710,476.86,1192.14,846421.13
C0409,F018,710,75.73,189.33,134426.3
C0409,F019,710,274.11,685.28,486549.01
C0409,F020,710,12.01,30.02,21314.94
C0410,F001,553,579.08,1447.69,800571.65
C0410,F002,553,611.23,1528.07,845025.24
C0410,F003,553,1311.33,3278.32,1812910.23
C0410,F004,553,1278.16,3195.4,1767055.3
C0410,F005,553,569.57,1423.94,787436.32
C0410,F006,553,538.26,1345.65,744142.01
C0410,F007,553,529.4,1323.51,731900.79
C0410,F008,553,118.35,295.88,163621.43
C0410,F009,553,75.91,189.79,104952.25
C0410,F010,553,409.57,1023.93,566233.31
C0410,F011,553,539.14,1347.84,745356.86
C0410,F012,553,560.49,1401.22,774876.7
C0410,F013,553,517.58,1293.94,715547.83
C0410,F014,553,568.44,1421.11,785871.43
C0410,F015,553,420.05,1050.13,580722.19
C0410,F016,553,436.66,1091.66,603687.59
C0410,F017,553,58.18,145.46,80438.53
C0410,F018,553,587.98,1469.94,812875.6
C0410,F019,553,481.65,1204.12,665881.08
C0410,F020,553,525.12,1312.79,725975.63
C0411,F001,1050,50.88,127.2,133554.98
C0411,F002,1050,54.65,136.62,143451.45
C0411,F003,1050,1310.52,3276.3,3440117.53
C0411,F004,1050,1270.51,3176.28,3335090.39
C0411,F005,1050,51.36,128.41,134832.04
C0411,F006,1050,20.06,50.16,52664.42
C0411,F007,1050,34.97,87.43,91803.52
C0411,F008,1050,463.66,1159.15,1217110.09
C0411,F009,1050,486.21,1215.52,1276300.87
C0411,F010,1050,755.72,1889.31,1983774.42
C0411,F011,1050,44.39,110.98,116529.29
C0411,F012,1050,22.41,56.03,58831.51
C0411,F013,1050,319.14,797.86,837751.22
C0411,F014,1050,74.88,187.21,196571.94
C0411,F015,1050,746.84,1867.1,1960453.41
C0411,F016,1050,762.07,1905.18,2000433.84
C0411,F017,1050,500.08,1250.2,1312710.73
C0411,F018,1050,45.63,114.06,119767.05
C0411,F019,1050,267.15,667.87,701267.62
C0411,F020,1050,42.31,105.76,111052.69
C0412,F001,471,98.14,245.34,115555.96
C0412,F002,471,62.53,156.32,73624.39
C0412,F003,471,1266.44,3166.1,1491233.55
C0412,F004,471,1226.23,3065.58,1443887.22
C0412,F005,471,102.89,257.22,121150.72
C0412,F006,471,63.07,157.67,74260.74
C0412,F007,471,62.41,156.02,73483.48
C0412,F008,471,499.83,1249.57,588548.59
C0412,F009,471,518.2,1295.5,610182.57
C0412,F010,471,753.43,1883.57,887162.03
C0412,F011,471,47.36,118.39,55760.66
C0412,F012,471,77.19,192.98,90895.4
C0412,F013,471,286.68,716.69,337560.54
C0412,F014,471,127.5,318.75,150132.97
C0412,F015,471,742.82,1857.04,874667.87
C0412,F016,471,757.35,1893.38,891779.88
C0412,F017,471,528.23,1320.57,621989.41
C0412,F018,471,85.59,213.96,100776.86
C0412,F019,471,325.04,812.61,382737.47
C0412,F020,471,63.94,159.85,75289.93
C0413,F001,279,1335.72,3339.3,931664.88
C0413,F002,279,1304.24,3260.61,909709.9
C0413,F003,279,47.95,119.87,33444.62
C0413,F004,279,49.86,124.64,34775.03
C0413,F005,279,1336.9,3342.25,932487.3
C0413,F006,279,1273.85,3184.62,888510.02
C0413,F007,279,1258.5,3146.24,877800.73
C0413,F008,279,1322.46,3306.15,922416.42
C0413,F009,279,1285.66,3214.15,896746.55
C0413,F010,279,907.84,2269.6,633217.23
C0413,F011,279,1242.12,3105.31,866380.96
C0413,F012,279,1307.88,3269.69,912243.91
C0413,F013,279,972.86,2432.16,678571.55
C0413,F014,279,1359.64,3399.11,948350.74
C0413,F015,279,887.56,2218.89,619071.46
C0413,F016,279,875.76,2189.39,610840.42
C0413,F017,279,1249.53,3123.82,871544.75
C0413,F018,279,1326.15,3315.38,924991.1
C0413,F019,279,1489.34,3723.36,1038817.81
C0413,F020,279,1251.61,3129.03,872999.4
C0414,F001,1418,216.53,541.31,767583.65
C0414,F002,1418,260.34,650.86,922920.75
C0414,F003,1418,1572.81,3932.02,5575602.89
C0414,F004,1418,1532.96,3832.4,5434342.58
C0414,F005,1418,213.16,532.91,755659.35
C0414,F006,1418,273.74,684.35,970410.02
C0414,F007,1418,288.68,721.69,1023353.01
C0414,F008,1418,519.39,1298.47,1841229.26
C0414,F009,1418,560.0,1399.99,1985182.61
C0414,F010,1418,938.14,2345.35,3325711.59
C0414,F011,1418,305.96,764.9,1084624.22
C0414,F012,1418,241.67,604.19,856735.99
C0414,F013,1418,575.19,1437.97,2039042.99
C0414,F014,1418,189.16,472.89,670556.12
C0414,F015,1418,934.56,2336.39,3313005.59
C0414,F016,1418,951.28,2378.19,3372270.42
C0414,F017,1418,590.1,1475.24,2091891.83
C0414,F018,1418,229.07,572.67,812052.21
C0414,F019,1418,159.26,398.16,564592.5
C0414,F020,1418,295.42,738.54,1047248.78
C0415,F001,1003,84.93,212.32,212953.8
C0415,F002,1003,74.37,185.93,186491.5
C0415,F003,1003,1276.42,3191.06,3200632.77
C0415,F004,1003,1236.43,3091.07,3100348.05
C0415,F005,1003,85.5,213.76,214400.9
C0415,F006,1003,26.7,66.74,66940.67
C0415,F007,1003,21.44,53.6,53760.57
C0415,F008,1003,459.97,1149.93,1153384.64
C0415,F009,1003,479.4,1198.51,1202102.17
C0415,F010,1003,730.4,1826.0,1831475.96
C0415,F011,1003,11.87,29.68,29764.94
C0415,F012,1003,56.48,141.21,141630.12
C0415,F013,1003,285.25,713.12,715259.4
C0415,F014,1003,108.63,271.58,272391.2
C0415,F015,1003,720.82,1802.06,1807464.19
C0415,F016,1003,735.79,1839.48,1845003.26
C0415,F017,1003,490.61,1226.52,1230196.69
C0415,F018,1003,77.99,194.98,195563.84
C0415,F019,1003,291.69,729.23,731414.44
C0415,F020,1003,23.29,58.22,58398.41
C0416,F001,692,1356.64,3391.61,2346993.28
C0416,F002,692,1323.42,3308.56,2289521.15
C0416,F003,692,12.71,31.78,21994.31
C0416,F004,692,36.67,91.67,63434.52
C0416,F005,692,1358.24,3395.59,2349747.57
C0416,F006,692,1295.84,3239.6,2241802.6
C0416,F007,692,1280.74,3201.86,2215688.61
C0416,F008,692,1360.81,3402.03,2354204.75
C0416,F009,692,1325.03,3312.56,2292293.97
C0416,F010,692,955.79,2389.47,1653510.39
C0416,F011,692,1263.85,3159.63,2186464.25
C0416,F012,692,1329.25,3323.13,2299607.39
C0416,F013,692,997.47,2493.69,1725630.47
C0416,F014,692,1381.33,3453.33,2389701.29
C0416,F015,692,935.06,2337.64,1617649.18
C0416,F016,692,923.71,2309.27,1598016.49
C0416,F017,692,1289.55,3223.86,2230912.93
C0416,F018,692,1346.58,3366.45,2329584.95
C0416,F019,692,1516.94,3792.36,2624310.46
C0416,F020,692,1274.0,3184.99,2204015.82
C0417,F001,851,436.35,1090.87,928328.14
C0417,F002,851,418.83,1047.07,891055.95
C0417,F003,851,948.73,2371.82,2018423.01
C0417,F004,851,909.93,2274.82,1935874.95
C0417,F005,851,434.99,1087.48,925444.42
C0417,F006,851,370.21,925.51,787611.2
C0417,F007,851,353.87,884.68,752858.44
C0417,F008,851,485.69,1214.21,1033295.04
C0417,F009,851,469.14,1172.84,998086.13
C0417,F010,851,456.77,1141.93,971785.01
C0417,F011,851,341.38,853.46,726294.07
C0417,F012,851,406.71,1016.78,865277.26
C0417,F013,851,74.01,185.02,157453.93
C0417,F014,851,455.12,1137.79,968260.53
C0417,F015,851,439.51,1098.77,935054.54
C0417,F016,851,450.23,1125.57,957860.83
C0417,F017,851,449.84,1124.6,957038.29
C0417,F018,851,430.36,1075.91,915595.45
C0417,F019,851,570.39,1425.98,1213513.09
C0417,F020,851,346.44,866.09,737040.86
C0418,F001,100,70.59,176.47,17646.99
C0418,F002,100,19.43,48.57,4857.12
C0418,F003,100,1327.36,3318.41,331840.96
C0418,F004,100,1287.01,3217.53,321753.13
C0418,F005,100,80.47,201.18,20117.7
C0418,F006,100,92.04,230.11,23011.06
C0418,F007,100,103.13,257.81,25781.36
C0418,F008,100,536.23,1340.57,134057.26
C0418,F009,100,559.32,1398.29,139829.4
C0418,F010,100,818.5,2046.25,204624.74
C0418,F011,100,100.51,251.27,25126.94
C0418,F012,100,73.43,183.58,18357.66
C0418,F013,100,354.86,887.14,88714.48
C0418,F014,100,100.09,250.23,25022.59
C0418,F015,100,808.51,2021.26,202126.34
C0418,F016,100,823.29,2058.21,205821.28
C0418,F017,100,573.24,1433.1,143310.01
C0418,F018,100,55.11,137.77,13776.73
C0418,F019,100,310.61,776.53,77652.93
C0418,F020,100,108.93,272.33,27233.2
C0419,F001,2101,80.4,200.99,422283.59
C0419,F002,2101,119.74,299.36,628953.59
C0419,F003,2101,1339.66,3349.14,7036539.23
C0419,F004,2101,1300.07,3250.17,6828609.89
C0419,F005,2101,70.98,177.44,372799.41
C0419,F006,2101,63.56,158.91,333867.41
C0419,F007,2101,69.79,174.48,366578.39
C0419,F008,2101,399.93,999.81,2100607.06
C0419,F009,2101,425.99,1064.98,2237523.77
C0419,F010,2101,729.78,1824.46,3833184.62
C0419,F011,2101,90.51,226.28,475408.18
C0419,F012,2101,65.74,164.34,345286.6
C0419,F013,2101,339.83,849.56,1784931.66
C0419,F014,2101,74.6,186.51,391859.88
C0419,F015,2101,723.03,1807.56,3797691.69
C0419,F016,2101,738.97,1847.44,3881464.9
C0419,F017,2101,443.37,1108.42,2328791.42
C0419,F018,2101,90.21,225.53,473840.14
C0419,F019,2101,204.26,510.65,1072881.07
C0419,F020,2101,73.37,183.43,385379.88
C0420,F001,414,563.97,1409.92,583705.76
C0420,F002,414,594.74,1486.84,615553.35
C0420,F003,414,1290.66,3226.65,1335833.76
C0420,F004,414,1257.26,3143.15,1301263.58
C0420,F005,414,554.62,1386.56,574034.87
C0420,F006,414,521.41,1303.51,539654.84
C0420,F007,414,512.1,1280.24,530019.92
C0420,F008,414,116.75,291.86,120831.49
C0420,F009,414,69.77,174.42,72211.38
C0420,F010,414,396.37,990.93,410243.31
C0420,F011,414,521.24,1303.09,539480.26
C0420,F012,414,544.61,1361.52,563670.39
C0420,F013,414,493.74,1234.36,511024.35
C0420,F014,414,554.35,1385.87,573751.48
C0420,F015,414,405.75,1014.38,419954.15
C0420,F016,414,422.6,1056.49,437386.25
C0420,F017,414,40.29,100.71,41695.47
C0420,F018,414,572.43,1431.08,592467.08
C0420,F019,414,475.84,1189.61,492497.99
C0420,F020,414,507.61,1269.02,525374.37
C0421,F001,442,836.18,2090.45,923976.95
C0421,F002,442,840.25,2100.62,928472.65
C0421,F003,442,909.13,2272.83,1004591.18
C0421,F004,442,881.79,2204.47,974373.67
C0421,F005,442,830.51,2076.28,917715.34
C0421,F006,442,772.81,1932.03,853956.72
C0421,F007,442,757.44,1893.61,836976.38
C0421,F008,442,552.78,1381.94,610819.62
C0421,F009,442,505.8,1264.49,558905.32
C0421,F010,442,51.89,129.73,57342.78
C0421,F011,442,754.13,1885.32,833309.35
C0421,F012,442,807.9,2019.74,892724.55
C0421,F013,442,545.46,1363.66,602737.43
C0421,F014,442,842.46,2106.16,930922.15
C0421,F015,442,47.44,118.61,52423.94
C0421,F016,442,30.67,76.68,33891.6
C0421,F017,442,464.64,1161.61,513432.15
C0421,F018,442,836.77,2091.94,924635.4
C0421,F019,442,856.51,2141.26,946438.9
C0421,F020,442,750.27,1875.66,829042.89
C0422,F001,357,55.62,139.05,49639.13
C0422,F002,357,34.75,86.87,31012.25
C0422,F003,357,1306.64,3266.6,1166177.8
C0422,F004,357,1266.5,3166.26,1130353.29
C0422,F005,357,60.44,151.09,53940.46
C0422,F006,357,41.13,102.82,36707.88
C0422,F007,357,51.8,129.5,46231.13
C0422,F008,357,487.29,1218.22,434903.49
C0422,F009,357,509.26,1273.14,454511.76
C0422,F010,357,770.29,1925.73,687486.96
C0422,F011,357,51.98,129.94,46389.17
C0422,F012,357,36.62,91.56,32687.66
C0422,F013,357,320.96,802.4,286458.17
C0422,F014,357,85.03,212.59,75893.29
C0422,F015,357,760.82,1902.06,679035.7
C0422,F016,357,775.83,1939.57,692425.83
C0422,F017,357,522.47,1306.19,466308.42
C0422,F018,357,43.85,109.62,39136.11
C0422,F019,357,286.62,716.54,255806.24
C0422,F020,357,57.86,144.64,51638.21
C0423,F001,526,1005.64,2514.11,1322421.14
C0423,F002,526,998.67,2496.68,1313255.65
C0423,F003,526,690.32,1725.81,907773.9
C0423,F004,526,668.07,1670.16,878506.01
C0423,F005,526,1001.84,2504.6,1317420.17
C0423,F006,526,939.29,2348.23,1235170.86
C0423,F007,526,923.01,2307.52,1213756.61
C0423,F008,526,791.34,1978.36,1040616.67
C0423,F009,526,745.85,1864.64,980798.44
C0423,F010,526,299.95,749.88,394436.04
C0423,F011,526,915.18,2287.95,1203461.79
C0423,F012,526,976.02,2440.04,1283463.03
C0423,F013,526,663.85,1659.63,872963.88
C0423,F014,526,1017.74,2544.35,1338329.16
C0423,F015,526,287.27,718.17,377755.89
C0423,F016,526,270.99,677.48,356353.57
C0423,F017,526,705.06,1762.65,927156.15
C0423,F018,526,1003.07,2507.67,1319035.53
C0423,F019,526,1066.45,2666.13,1402383.54
C0423,F020,526,915.48,2288.71,1203860.6
C0424,F001,632,527.75,1319.37,833841.85
C0424,F002,632,562.88,1407.21,889356.02
C0424,F003,632,1341.95,3354.86,2120274.11
C0424,F004,632,1307.79,3269.46,2066300.49
C0424,F005,632,517.96,1294.89,818372.54
C0424,F006,632,491.12,1227.79,775962.47
C0424,F007,632,483.49,1208.74,763920.78
C0424,F008,632,54.84,137.09,86640.47
C0424,F009,632,26.24,65.6,41460.22
C0424,F010,632,461.39,1153.47,728990.93
C0424,F011,632,494.82,1237.05,781815.62
C0424,F012,632,510.91,1277.27,807237.77
C0424,F013,632,503.51,1258.78,795549.96
C0424,F014,632,515.16,1287.89,813946.27
C0424,F015,632,469.87,1174.68,742395.83
C0424,F016,632,486.89,1217.22,769280.78
C0424,F017,632,53.68,134.21,84819.85
C0424,F018,632,537.54,1343.85,849312.47
C0424,F019,632,418.85,1047.12,661777.41
C0424,F020,632,479.78,1199.45,758055.54
C0425,F001,1306,561.46,1403.66,1833175.44
C0425,F002,1306,592.27,1480.67,1933753.9
C0425,F003,1306,1290.79,3226.98,4214438.41
C0425,F004,1306,1257.35,3143.36,4105232.66
C0425,F005,1306,552.12,1380.29,1802658.1
C0425,F006,1306,518.95,1297.37,1694359.77
C0425,F007,1306,509.65,1274.13,1664019.15
C0425,F008,1306,114.6,286.49,374158.73
C0425,F009,1306,67.47,168.68,220294.27
C0425,F010,1306,397.62,994.04,1298213.72
C0425,F011,1306,518.82,1297.05,1693945.09
C0425,F012,1306,542.12,1355.3,1770026.47
C0425,F013,1306,492.07,1230.16,1606593.9
C0425,F014,1306,551.83,1379.57,1801723.97
C0425,F015,1306,406.87,1017.18,1328438.09
C0425,F016,1306,423.74,1059.35,1383508.85
C0425,F017,1306,37.78,94.44,123343.7
C0425,F018,1306,569.94,1424.84,1860843.25
C0425,F019,1306,473.43,1183.56,1545732.64
C0425,F020,1306,505.17,1262.93,1649390.51
C0426,F001,261,19.84,49.6,12945.32
C0426,F002,261,47.02,117.56,30682.65
C0426,F003,261,1367.63,3419.08,892379.22
C0426,F004,261,1327.47,3318.68,866175.57
C0426,F005,261,29.47,73.67,19228.84
C0426,F006,261,81.87,204.67,53420.13
C0426,F007,261,98.05,245.12,63975.62
C0426,F008,261,499.19,1247.97,325720.14
C0426,F009,261,526.06,1315.16,343257.36
C0426,F010,261,816.24,2040.61,532598.05
C0426,F011,261,107.39,268.48,70074.06
C0426,F012,261,45.85,114.62,29916.03
C0426,F013,261,381.03,952.57,248620.64
C0426,F014,261,41.63,104.08,27164.7
C0426,F015,261,807.92,2019.79,527164.7
C0426,F016,261,823.34,2058.34,537226.36
C0426,F017,261,543.51,1358.78,354641.75
C0426,F018,261,18.25,45.62,11906.49
C0426,F019,261,251.5,628.76,164106.03
C0426,F020,261,105.56,263.9,68877.08
C0427,F001,1439,37.72,94.31,135707.09
C0427,F002,1439,89.58,223.94,322253.21
C0427,F003,1439,1394.11,3485.27,5015298.85
C0427,F004,1439,1354.13,3385.33,4871485.06
C0427,F005,1439,32.85,82.13,118178.24
C0427,F006,1439,95.39,238.48,343167.3
C0427,F007,1439,111.3,278.25,400400.62
C0427,F008,1439,470.09,1175.23,1691150.47
C0427,F009,1439,499.7,1249.25,1797665.82
C0427,F010,1439,811.72,2029.3,2920160.36
C0427,F011,1439,126.79,316.98,456132.09
C0427,F012,1439,61.42,153.55,220961.74
C0427,F013,1439,400.28,1000.69,1439999.67
C0427,F014,1439,9.5,23.76,34190.77
C0427,F015,1439,804.66,2011.64,2894756.35
C0427,F016,1439,820.5,2051.25,2951745.12
C0427,F017,1439,519.72,1299.3,1869695.46
C0427,F018,1439,52.57,131.43,189123.18
C0427,F019,1439,207.17,517.92,745280.33
C0427,F020,1439,118.56,296.39,426504.27
C0428,F001,1157,511.85,1279.63,1480526.81
C0428,F002,1157,545.29,1363.22,1577241.31
C0428,F003,1157,1317.49,3293.73,3810847.34
C0428,F004,1157,1283.12,3207.8,3711427.51
C0428,F005,1157,502.24,1255.59,1452718.38
C0428,F006,1157,472.84,1182.09,1367681.46
C0428,F007,1157,464.6,1161.5,1343856.1
C0428,F008,1157,57.36,143.4,165917.36
C0428,F009,1157,9.02,22.54,26080.69
C0428,F010,1157,445.69,1114.24,1289170.16
C0428,F011,1157,475.2,1188.0,1374517.29
C0428,F012,1157,493.96,1234.9,1428775.22
C0428,F013,1157,476.52,1191.3,1378333.96
C0428,F014,1157,500.55,1251.36,1447828.18
C0428,F015,1157,453.06,1132.64,1310461.67
C0428,F016,1157,470.23,1175.58,1360140.57
C0428,F017,1157,32.51,81.28,94036.96
C0428,F018,1157,521.1,1302.76,1507293.8
C0428,F019,1157,414.94,1037.34,1200201.82
C0428,F020,1157,460.61,1151.53,1332322.09
C0429,F001,1143,16.09,40.22,45967.24
C0429,F002,1143,49.95,124.87,142726.38
C0429,F003,1143,1344.91,3362.28,3843088.98
C0429,F004,1143,1304.87,3262.18,3728667.36
C0429,F005,1143,17.98,44.95,51382.95
C0429,F006,1143,50.86,127.16,145338.26
C0429,F007,1143,67.29,168.23,192281.32
C0429,F008,1143,472.91,1182.29,1351354.59
C0429,F009,1143,498.37,1245.92,1424081.77
C0429,F010,1143,784.08,1960.21,2240518.84
C0429,F011,1143,79.21,198.03,226346.02
C0429,F012,1143,14.01,35.02,40024.88
C0429,F013,1143,353.98,884.96,1011508.27
C0429,F014,1143,42.59,106.48,121701.96
C0429,F015,1143,775.79,1939.48,2216825.97
C0429,F016,1143,791.23,1978.08,2260943.18
C0429,F017,1143,514.71,1286.76,1470770.87
C0429,F018,1143,17.47,43.68,49931.94
C0429,F019,1143,247.06,617.64,705965.05
C0429,F020,1143,74.85,187.12,213879.66
C0430,F001,511,212.09,530.22,270943.79
C0430,F002,511,238.46,596.14,304626.58
C0430,F003,511,1565.94,3914.84,2000483.51
C0430,F004,511,1525.64,3814.1,1949005.29
C0430,F005,511,213.68,534.21,272979.2
C0430,F006,511,278.36,695.9,355606.83
C0430,F007,511,294.77,736.93,376573.29
C0430,F008,511,601.78,1504.46,768779.81
C0430,F009,511,639.4,1598.5,816835.99
C0430,F010,511,990.39,2475.97,1265218.91
C0430,F011,511,307.24,768.11,392503.58
C0430,F012,511,241.72,604.3,308798.29
C0430,F013,511,581.8,1454.49,743243.81
C0430,F014,511,195.31,488.27,249503.94
C0430,F015,511,984.62,2461.55,1257852.52
C0430,F016,511,1000.82,2502.04,1278541.32
C0430,F017,511,666.36,1665.91,851279.15
C0430,F018,511,218.99,547.47,279758.95
C0430,F019,511,253.16,632.91,323415.02
C0430,F020,511,302.27,755.68,386153.59
C0431,F001,584,41.02,102.54,59885.07
C0431,F002,584,67.71,169.28,98860.14
C0431,F003,584,1328.49,3321.22,1939593.23
C0431,F004,584,1288.57,3221.42,1881308.11
C0431,F005,584,36.83,92.07,53769.36
C0431,F006,584,29.2,72.99,42626.04
C0431,F007,584,45.03,112.56,65737.33
C0431,F008,584,449.82,1124.55,656739.16
C0431,F009,584,474.16,1185.39,692266.39
C0431,F010,584,757.45,1893.61,1105869.74
C0431,F011,584,61.25,153.13,89430.55
C0431,F012,584,14.73,36.83,21508.8
C0431,F013,584,334.0,835.0,487639.52
C0431,F014,584,56.85,142.13,83003.68
C0431,F015,584,749.28,1873.19,1093943.32
C0431,F016,584,764.76,1911.91,1116555.28
C0431,F017,584,489.67,1224.16,714912.35
C0431,F018,584,43.72,109.31,63835.23
C0431,F019,584,243.53,608.83,355559.46
C0431,F020,584,52.34,130.85,76415.22
C0432,F001,1665,1349.93,3374.83,5619098.49
C0432,F002,1665,1318.11,3295.27,5486621.65
C0432,F003,1665,32.63,81.59,135840.38
C0432,F004,1665,47.71,119.26,198572.5
C0432,F005,1665,1351.19,3377.98,5624340.94
C0432,F006,1665,1288.26,3220.65,5362386.36
C0432,F007,1665,1272.95,3182.39,5298673.43
C0432,F008,1665,1339.42,3348.54,5575317.17
C0432,F009,1665,1302.72,3256.8,5422567.21
C0432,F010,1665,925.41,2313.51,3852001.75
C0432,F011,1665,1256.48,3141.2,5230099.22
C0432,F012,1665,1322.17,3305.44,5503550.76
C0432,F013,1665,987.72,2469.29,4111364.92
C0432,F014,1665,1374.01,3435.02,5719303.17
C0432,F015,1665,905.12,2262.8,3767567.53
C0432,F016,1665,893.32,2233.31,3718462.47
C0432,F017,1665,1266.65,3166.63,5272432.95
C0432,F018,1665,1340.27,3350.67,5578862.98
C0432,F019,1665,1504.79,3761.97,6263681.66
C0432,F020,1665,1266.1,3165.24,5270124.43
C0433,F001,1403,236.28,590.7,828757.38
C0433,F002,1403,288.78,721.95,1012901.9
C0433,F003,1403,1555.21,3888.02,5454895.89
C0433,F004,1403,1515.97,3789.92,5317262.25
C0433,F005,1403,228.96,572.39,803070.07
C0433,F006,1403,275.41,688.53,966010.86
C0433,F007,1403,286.97,717.41,1006532.89
C0433,F008,1403,427.33,1068.33,1498868.27
C0433,F009,1403,470.04,1175.1,1648670.54
C0433,F010,1403,868.73,2171.82,3047058.8
C0433,F011,1403,307.08,767.7,1077076.76
C0433,F012,1403,252.63,631.57,886086.31
C0433,F013,1403,555.43,1388.58,1948175.2
C0433,F014,1403,205.15,512.88,719574.63
C0433,F015,1403,867.12,2167.8,3041425.07
C0433,F016,1403,884.19,2210.47,3101292.47
C0433,F017,1403,502.51,1256.27,1762541.03
C0433,F018,1403,251.66,629.16,882714.43
C0433,F019,1403,63.33,158.34,222146.76
C0433,F020,1403,292.14,730.36,1024691.88
C0434,F001,1262,37.31,93.28,117724.7
C0434,F002,1262,16.58,41.45,52305.4
C0434,F003,1262,1337.28,3343.21,4219133.53
C0434,F004,1262,1297.07,3242.69,4092268.64
C0434,F005,1262,46.64,116.61,147155.68
C0434,F006,1262,67.18,167.95,211954.09
C0434,F007,1262,81.35,203.37,256653.63
C0434,F008,1262,505.01,1262.52,1593295.63
C0434,F009,1262,529.33,1323.33,1670046.45
C0434,F010,1262,802.12,2005.31,2530700.01
C0434,F011,1262,85.23,213.08,268907.36
C0434,F012,1262,40.75,101.88,128569.57
C0434,F013,1262,354.36,885.9,1118000.78
C0434,F014,1262,68.04,170.09,214655.5
C0434,F015,1262,792.98,1982.45,2501849.72
C0434,F016,1262,808.1,2020.25,2549559.71
C0434,F017,1262,544.5,1361.26,1717911.81
C0434,F018,1262,21.52,53.8,67890.16
C0434,F019,1262,277.92,694.8,876841.92
C0434,F020,1262,88.29,220.71,278541.76
C0435,F001,2133,64.86,162.15,345875.41
C0435,F002,2133,58.01,145.03,309340.86
C0435,F003,2133,1295.9,3239.75,6910396.91
C0435,F004,2133,1255.87,3139.69,6696952.06
C0435,F005,2133,66.06,165.15,352262.55
C0435,F006,2133,19.85,49.63,105860.02
C0435,F007,2133,28.38,70.96,151357.22
C0435,F008,2133,465.92,1164.8,2484519.5
C0435,F009,2133,487.12,1217.81,2597580.98
C0435,F010,2133,747.8,1869.5,3987640.49
C0435,F011,2133,31.51,78.78,168042.25
C0435,F012,2133,37.25,93.13,198638.95
C0435,F013,2133,305.5,763.76,1629098.22
C0435,F014,2133,89.77,224.42,478683.07
C0435,F015,2133,738.54,1846.34,3938239.9
C0435,F016,2133,753.62,1884.06,4018699.11
C0435,F017,2133,499.81,1249.53,2665253.55
C0435,F018,2133,57.73,144.31,307820.87
C0435,F019,2133,280.1,700.26,1493649.81
C0435,F020,2133,34.52,86.29,184065.57
C0436,F001,528,418.02,1045.05,551789.0
C0436,F002,528,399.59,998.97,527454.86
C0436,F003,528,962.4,2406.01,1270370.67
C0436,F004,528,923.41,2308.53,1218901.25
C0436,F005,528,416.88,1042.21,550286.8
C0436,F006,528,352.1,880.26,464776.36
C0436,F007,528,335.83,839.57,443290.58
C0436,F008,528,485.11,1212.79,640350.72
C0436,F009,528,470.51,1176.27,621071.42
C0436,F010,528,474.68,1186.69,626573.26
C0436,F011,528,322.91,807.28,426246.34
C0436,F012,528,388.47,971.17,512777.04
C0436,F013,528,53.74,134.36,70940.18
C0436,F014,528,437.31,1093.27,577249.17
C0436,F015,528,457.76,1144.4,604243.55
C0436,F016,528,468.74,1171.84,618732.81
C0436,F017,528,452.83,1132.06,597729.6
C0436,F018,528,411.75,1029.38,543510.61
C0436,F019,528,556.99,1392.48,735232.04
C0436,F020,528,328.43,821.08,433529.12
C0437,F001,2154,46.37,115.92,249699.56
C0437,F002,2154,57.89,144.72,311735.15
C0437,F003,2154,1316.5,3291.24,7089336.71
C0437,F004,2154,1276.51,3191.28,6874026.98
C0437,F005,2154,45.63,114.09,245744.06
C0437,F006,2154,20.92,52.3,112656.97
C0437,F007,2154,37.17,92.92,200141.7
C0437,F008,2154,459.34,1148.36,2473559.2
C0437,F009,2154,482.48,1206.19,2598135.05
C0437,F010,2154,756.49,1891.24,4073723.97
C0437,F011,2154,49.45,123.63,266292.39
C0437,F012,2154,16.74,41.85,90144.1
C0437,F013,2154,324.06,810.15,1745059.91
C0437,F014,2154,68.51,171.28,368932.85
C0437,F015,2154,747.84,1869.6,4027120.13
C0437,F016,2154,763.16,1907.89,4109592.07
C0437,F017,2154,496.88,1242.21,2675712.03
C0437,F018,2154,43.35,108.38,233454.44
C0437,F019,2154,259.53,648.82,1397566.25
C0437,F020,2154,44.71,111.78,240769.05
C0438,F001,616,35.87,89.68,55242.37
C0438,F002,616,87.74,219.36,135127.02
C0438,F003,616,1392.52,3481.3,2144478.64
C0438,F004,616,1352.54,3381.34,2082907.46
C0438,F005,616,31.11,77.78,47912.97
C0438,F006,616,93.92,234.81,144642.99
C0438,F007,616,109.88,274.7,169215.86
C0438,F008,616,470.65,1176.63,724806.05
C0438,F009,616,500.12,1250.3,770184.59
C0438,F010,616,811.17,2027.94,1249208.74
C0438,F011,616,125.24,313.1,192871.7
C0438,F012,616,59.77,149.42,92040.55
C0438,F013,616,398.86,997.14,614238.53
C0438,F014,616,8.31,20.78,12800.66
C0438,F015,616,804.06,2010.15,1238255.13
C0438,F016,616,819.89,2049.72,1262626.2
C0438,F017,616,520.01,1300.03,800820.13
C0438,F018,616,50.71,126.78,78098.87
C0438,F019,616,208.85,522.13,321634.28
C0438,F020,616,117.16,292.9,180424.17
C0439,F001,481,498.1,1245.26,598968.17
C0439,F002,481,524.66,1311.65,630904.06
C0439,F003,481,1236.67,3091.67,1487091.07
C0439,F004,481,1202.1,3005.25,1445526.82
C0439,F005,481,489.29,1223.23,588375.94
C0439,F006,481,450.7,1126.75,541966.78
C0439,F007,481,440.15,1100.37,529279.27
C0439,F008,481,125.94,314.86,151447.23
C0439,F009,481,87.5,218.76,105224.23
C0439,F010,481,383.65,959.14,461344.14
C0439,F011,481,447.58,1118.96,538218.74
C0439,F012,481,476.58,1191.46,573092.65
C0439,F013,481,409.48,1023.71,492402.94
C0439,F014,481,491.63,1229.06,591179.67
C0439,F015,481,388.1,970.24,466687.19
C0439,F016,481,405.51,1013.76,487620.65
C0439,F017,481,57.63,144.09,69305.97
C0439,F018,481,505.22,1263.06,607532.23
C0439,F019,481,441.14,1102.86,530475.24
C0439,F020,481,435.11,1087.79,523225.03
C0440,F001,948,13.84,34.6,32797.7
C0440,F002,948,55.82,139.55,132291.96
C0440,F003,948,1349.69,3374.23,3198770.89
C0440,F004,948,1309.67,3274.18,3103925.96
C0440,F005,948,12.29,30.73,29136.08
C0440,F006,948,53.59,133.98,127012.77
C0440,F007,948,70.04,175.1,165993.3
C0440,F008,948,469.3,1173.25,1112242.68
C0440,F009,948,495.22,1238.05,1173668.76
C0440,F010,948,784.5,1961.24,1859256.05
C0440,F011,948,83.18,207.95,197136.08
C0440,F012,948,17.05,42.61,40396.97
C0440,F013,948,357.84,894.6,848079.89
C0440,F014,948,36.68,91.69,86921.65
C0440,F015,948,776.39,1940.99,1840055.53
C0440,F016,948,791.9,1979.75,1876803.0
C0440,F017,948,511.99,1279.97,1213412.54
C0440,F018,948,20.98,52.46,49729.76
C0440,F019,948,240.63,601.58,570297.82
C0440,F020,948,77.57,193.93,183847.17
C0441,F001,432,86.91,217.27,93858.71
C0441,F002,432,80.12,200.3,86529.37
C0441,F003,432,1275.82,3189.55,1377883.96
C0441,F004,432,1235.87,3089.67,1334736.16
C0441,F005,432,86.64,216.6,93572.46
C0441,F006,432,24.42,61.05,26375.21
C0441,F007,432,15.39,38.47,16618.69
C0441,F008,432,452.94,1132.35,489174.96
C0441,F009,432,472.33,1180.83,510120.46
C0441,F010,432,724.78,1811.94,782759.37
C0441,F011,432,8.45,21.12,9124.26
C0441,F012,432,57.71,144.28,62329.14
C0441,F013,432,283.15,707.88,305806.27
C0441,F014,432,109.1,272.74,117823.83
C0441,F015,432,715.34,1788.34,772564.14
C0441,F016,432,730.36,1825.91,788792.11
C0441,F017,432,483.56,1208.9,522244.28
C0441,F018,432,81.12,202.81,87612.93
C0441,F019,432,288.0,720.01,311042.48
C0441,F020,432,16.29,40.74,17598.34
C0442,F001,1788,1018.62,2546.55,4553223.97
C0442,F002,1788,1013.79,2534.47,4531633.31
C0442,F003,1788,726.77,1816.92,3248656.2
C0442,F004,1788,705.55,1763.87,3153807.45
C0442,F005,1788,1014.42,2536.06,4534473.36
C0442,F006,1788,952.63,2381.59,4258275.0
C0442,F007,1788,936.47,2341.17,4186011.65
C0442,F008,1788,784.11,1960.28,3504973.98
C0442,F009,1788,737.79,1844.48,3297928.68
C0442,F010,1788,285.92,714.79,1278046.38
C0442,F011,1788,929.48,2323.71,4154788.93
C0442,F012,1788,989.16,2472.91,4421564.12
C0442,F013,1788,683.95,1709.88,3057257.7
C0442,F014,1788,1029.55,2573.89,4602108.05
C0442,F015,1788,276.3,690.74,1235043.52
C0442,F016,1788,259.27,648.17,1158926.11
C0442,F017,1788,696.75,1741.87,3114460.84
C0442,F018,1788,1016.67,2541.68,4544520.08
C0442,F019,1788,1070.0,2675.0,4782892.97
C0442,F020,1788,928.98,2322.45,4152542.72
C0443,F001,681,31.1,77.76,52954.5
C0443,F002,681,84.91,212.28,144562.56
C0443,F003,681,1377.68,3444.2,2345499.52
C0443,F004,681,1337.76,3344.39,2277528.14
C0443,F005,681,22.06,55.16,37563.26
C0443,F006,681,78.37,195.93,133428.41
C0443,F007,681,93.89,234.73,159849.75
C0443,F008,681,457.55,1143.88,778981.98
C0443,F009,681,486.07,1215.17,827531.49
C0443,F010,681,793.39,1983.46,1350738.12
C0443,F011,681,110.36,275.9,187888.14
C0443,F012,681,46.9,117.26,79852.91
C0443,F013,681,382.69,956.71,651521.44
C0443,F014,681,9.9,24.74,16849.05
C0443,F015,681,786.21,1965.52,1338521.23
C0443,F016,681,802.02,2005.04,1365435.58
C0443,F017,681,505.19,1262.98,860089.65
C0443,F018,681,46.84,117.1,79747.7
C0443,F019,681,209.62,524.04,356871.18
C0443,F020,681,100.99,252.48,171941.28
C0444,F001,1439,85.9,214.76,309036.96
C0444,F002,1439,55.48,138.7,199591.25
C0444,F003,1439,1276.71,3191.78,4592970.97
C0444,F004,1439,1236.55,3091.37,4448475.26
C0444,F005,1439,90.15,225.36,324299.74
C0444,F006,1439,50.53,126.32,181780.57
C0444,F007,1439,51.82,129.56,186433.19
C0444,F008,1439,491.17,1227.94,1766999.11
C0444,F009,1439,510.49,1276.23,1836496.36
C0444,F010,1439,753.74,1884.35,2711578.86
C0444,F011,1439,39.9,99.76,143551.15
C0444,F012,1439,63.92,159.79,229944.06
C0444,F013,1439,293.68,734.19,1056505.07
C0444,F014,1439,114.74,286.85,412784.23
C0444,F015,1439,743.53,1858.82,2674836.22
C0444,F016,1439,758.23,1895.57,2727731.47
C0444,F017,1439,521.39,1303.47,1875700.25
C0444,F018,1439,74.1,185.25,266579.48
C0444,F019,1439,311.58,778.94,1120900.48
C0444,F020,1439,54.48,136.21,196008.19
C0445,F001,477,1318.1,3295.25,1571834.85
C0445,F002,477,1285.92,3214.81,1533464.32
C0445,F003,477,46.53,116.32,55486.35
C0445,F004,477,26.08,65.2,31101.35
C0445,F005,477,1319.45,3298.62,1573442.05
C0445,F006,477,1256.66,3141.64,1498562.32
C0445,F007,477,1241.41,3103.52,1480378.05
C0445,F008,477,1313.64,3284.11,1566521.41
C0445,F009,477,1277.49,3193.72,1523404.04
C0445,F010,477,906.18,2265.44,1080615.54
C0445,F011,477,1224.81,3062.04,1460591.42
C0445,F012,477,1290.44,3226.09,1538845.26
C0445,F013,477,956.72,2391.79,1140884.01
C0445,F014,477,1342.34,3355.85,1600740.89
C0445,F015,477,885.49,2213.72,1055946.47
C0445,F016,477,874.1,2185.24,1042361.1
C0445,F017,477,1241.78,3104.45,1480821.87
C0445,F018,477,1308.33,3270.83,1560184.68
C0445,F019,477,1474.68,3686.71,1758558.58
C0445,F020,477,1234.58,3086.45,1472235.8
C0446,F001,2345,1297.61,3244.01,7607214.23
C0446,F002,2345,1264.01,3160.02,7410247.41
C0446,F003,2345,67.38,168.44,394999.26
C0446,F004,2345,28.55,71.38,167375.89
C0446,F005,2345,1299.3,3248.25,7617137.89
C0446,F006,2345,1237.09,3092.72,7252427.61
C0446,F007,2345,1222.07,3055.17,7164370.11
C0446,F008,2345,1310.14,3275.36,7680709.85
C0446,F009,2345,1275.2,3188.0,7475850.2
C0446,F010,2345,915.85,2289.62,5369160.15
C0446,F011,2345,1205.04,3012.6,7064551.63
C0446,F012,2345,1270.33,3175.83,7447327.73
C0446,F013,2345,939.65,2349.12,5508678.14
C0446,F014,2345,1322.48,3306.19,7753019.0
C0446,F015,2345,894.52,2236.3,5244120.57
C0446,F016,2345,883.84,2209.61,5181528.33
C0446,F017,2345,1240.3,3100.74,7271235.59
C0446,F018,2345,1287.43,3218.57,7547556.58
C0446,F019,2345,1459.99,3649.98,8559211.63
C0446,F020,2345,1215.36,3038.4,7125045.93
C0447,F001,1064,70.04,175.1,186306.71
C0447,F002,1064,33.47,83.67,89025.3
C0447,F003,1064,1348.96,3372.4,3588232.3
C0447,F004,1064,1308.58,3271.46,3480835.39
C0447,F005,1064,80.53,201.33,214219.33
C0447,F006,1064,106.69,266.73,283802.97
C0447,F007,1064,119.52,298.79,317913.32
C0447,F008,1064,545.71,1364.28,1451596.96
C0447,F009,1064,570.32,1425.81,1517060.13
C0447,F010,1064,838.1,2095.25,2229348.81
C0447,F011,1064,119.48,298.69,317807.11
C0447,F012,1064,81.56,203.9,216948.84
C0447,F013,1064,377.27,943.17,1003530.81
C0447,F014,1064,95.82,239.55,254879.07
C0447,F015,1064,828.4,2070.99,2203536.96
C0447,F016,1064,843.29,2108.23,2243155.9
C0447,F017,1064,585.54,1463.85,1557533.64
C0447,F018,1064,56.66,141.65,150711.88
C0447,F019,1064,304.77,761.92,810684.88
C0447,F020,1064,125.91,314.77,334918.68
C0448,F001,568,1293.39,3233.46,1836607.08
C0448,F002,568,1260.1,3150.24,1789336.65
C0448,F003,568,68.66,171.65,97495.21
C0448,F004,568,28.09,70.23,39891.32
C0448,F005,568,1295.0,3237.51,1838905.58
C0448,F006,568,1232.66,3081.66,1750381.83
C0448,F007,568,1217.59,3043.98,1728982.07
C0448,F008,568,1302.85,3257.13,1850052.39
C0448,F009,568,1267.73,3169.32,1800175.25
C0448,F010,568,906.87,2267.18,1287759.88
C0448,F011,568,1200.66,3001.64,1704932.15
C0448,F012,568,1266.03,3165.06,1797756.53
C0448,F013,568,934.67,2336.67,1327226.9
C0448,F014,568,1318.12,3295.31,1871734.62
C0448,F015,568,885.61,2214.02,1257562.15
C0448,F016,568,874.86,2187.14,1242296.03
C0448,F017,568,1232.71,3081.77,1750446.08
C0448,F018,568,1283.3,3208.24,1822280.89
C0448,F019,568,1454.61,3636.52,2065544.0
C0448,F020,568,1210.86,3027.15,1719420.17
C0449,F001,219,1341.78,3354.44,734623.2
C0449,F002,219,1309.86,3274.65,717147.95
C0449,F003,219,33.52,83.81,18353.44
C0449,F004,219,40.54,101.34,22194.0
C0449,F005,219,1343.06,3357.65,735325.39
C0449,F006,219,1280.16,3200.41,700889.83
C0449,F007,219,1264.87,3162.18,692517.71
C0449,F008,219,1332.83,3332.07,729722.55
C0449,F009,219,1296.27,3240.67,709706.5
C0449,F010,219,920.47,2301.18,503958.07
C0449,F011,219,1248.37,3120.92,683481.08
C0449,F012,219,1314.04,3285.11,719438.52
C0449,F013,219,979.77,2449.43,536425.14
C0449,F014,219,1365.89,3414.74,747827.22
C0449,F015,219,900.08,2250.21,492795.1
C0449,F016,219,888.39,2220.97,486392.18
C0449,F017,219,1260.29,3150.73,690009.13
C0449,F018,219,1332.08,3330.21,729316.12
C0449,F019,219,1497.08,3742.71,819653.12
C0449,F020,219,1258.02,3145.05,688766.97
C0450,F001,1153,542.86,1357.14,1564785.32
C0450,F002,1153,521.76,1304.41,1503981.27
C0450,F003,1153,839.38,2098.44,2419499.89
C0450,F004,1153,800.78,2001.96,2308254.53
C0450,F005,1153,542.09,1355.21,1562561.22
C0450,F006,1153,477.38,1193.44,1376036.93
C0450,F007,1153,461.2,1152.99,1329397.22
C0450,F008,1153,567.96,1419.91,1637156.13
C0450,F009,1153,544.84,1362.11,1570509.35
C0450,F010,1153,431.44,1078.61,1243634.22
C0450,F011,1153,447.61,1119.02,1290226.07
C0450,F012,1153,513.48,1283.7,1480107.14
C0450,F013,1153,173.16,432.9,499131.49
C0450,F014,1153,562.89,1407.22,1622521.01
C0450,F015,1153,410.5,1026.26,1183275.41
C0450,F016,1153,417.53,1043.82,1203529.8
C0450,F017,1153,519.75,1299.38,1498189.3
C0450,F018,1153,535.98,1339.95,1544962.57
C0450,F019,1153,680.0,1700.0,1960099.02
C0450,F020,1153,453.86,1134.65,1308250.7
C0451,F001,575,202.53,506.33,291140.43
C0451,F002,575,255.63,639.07,367467.45
C0451,F003,575,1519.99,3799.97,2184983.06
C0451,F004,575,1480.69,3701.73,2128495.93
C0451,F005,575,194.79,486.97,280010.51
C0451,F006,575,239.61,599.02,344435.41
C0451,F007,575,250.98,627.45,360785.71
C0451,F008,575,415.39,1038.47,597118.35
C0451,F009,575,456.24,1140.6,655844.4
C0451,F010,575,843.94,2109.86,1213170.34
C0451,F011,575,271.16,677.89,389785.69
C0451,F012,575,217.65,544.12,312869.61
C0451,F013,575,519.98,1299.95,747469.79
C0451,F014,575,171.42,428.55,246413.49
C0451,F015,575,841.6,2104.0,1209800.16
C0451,F016,575,858.56,2146.39,1234173.2
C0451,F017,575,486.88,1217.21,699892.91
C0451,F018,575,218.1,545.24,313515.59
C0451,F019,575,59.41,148.51,85395.05
C0451,F020,575,256.1,640.25,368145.73
C0452,F001,561,405.98,1014.95,569386.03
C0452,F002,561,388.35,970.88,544663.83
C0452,F003,561,975.68,2439.2,1368393.52
C0452,F004,561,936.7,2341.75,1313719.73
C0452,F005,561,404.7,1011.75,567594.08
C0452,F006,561,339.91,849.78,476728.4
C0452,F007,561,323.6,809.0,453848.99
C0452,F008,561,474.84,1187.1,665961.92
C0452,F009,561,461.11,1152.77,646705.15
C0452,F010,561,477.62,1194.04,669856.38
C0452,F011,561,310.97,777.42,436133.3
C0452,F012,561,376.37,940.92,527857.7
C0452,F013,561,46.28,115.7,64909.74
C0452,F014,561,424.96,1062.4,596003.75
C0452,F015,561,461.19,1152.98,646819.64
C0452,F016,561,472.54,1181.34,662732.23
C0452,F017,561,444.23,1110.57,623027.97
C0452,F018,561,399.92,999.79,560883.18
C0452,F019,561,543.69,1359.23,762529.48
C0452,F020,561,316.18,790.45,443443.66
C0453,F001,1021,924.73,2311.83,2360376.77
C0453,F002,1021,915.33,2288.32,2336377.77
C0453,F003,1021,675.54,1688.85,1724316.41
C0453,F004,1021,648.85,1622.12,1656189.22
C0453,F005,1021,921.41,2303.52,2351889.18
C0453,F006,1021,858.1,2145.24,2190288.06
C0453,F007,1021,841.71,2104.27,2148464.42
C0453,F008,1021,743.58,1858.95,1897984.89
C0453,F009,1021,700.13,1750.32,1787075.51
C0453,F010,1021,278.83,697.07,711708.9
C0453,F011,1021,832.92,2082.29,2126020.9
C0453,F012,1021,894.97,2237.41,2284398.61
C0453,F013,1021,576.24,1440.59,1470846.55
C0453,F014,1021,938.21,2345.53,2394787.33
C0453,F015,1021,260.23,650.57,664231.77
C0453,F016,1021,246.95,617.37,630339.08
C0453,F017,1021,660.25,1650.62,1685285.93
C0453,F018,1021,921.42,2303.56,2351934.4
C0453,F019,1021,998.34,2495.85,2548263.09
C0453,F020,1021,834.16,2085.39,2129188.22
C0454,F001,2196,69.75,174.36,382900.64
C0454,F002,2196,81.04,202.6,444917.68
C0454,F003,2196,1299.97,3249.92,7136828.74
C0454,F004,2196,1260.1,3150.26,6917974.84
C0454,F005,2196,66.66,166.65,365961.63
C0454,F006,2196,7.67,19.18,42122.75
C0454,F007,2196,15.84,39.6,86956.81
C0454,F008,2196,438.87,1097.17,2409374.85
C0454,F009,2196,460.65,1151.62,2528950.03
C0454,F010,2196,730.88,1827.19,4012516.77
C0454,F011,2196,35.23,88.08,193433.42
C0454,F012,2196,40.24,100.61,220941.45
C0454,F013,2196,304.38,760.96,1671057.28
C0454,F014,2196,86.5,216.25,474878.94
C0454,F015,2196,722.29,1805.73,3965379.41
C0454,F016,2196,737.64,1844.09,4049628.75
C0454,F017,2196,474.03,1185.07,2602416.4
C0454,F018,2196,68.77,171.91,377523.78
C0454,F019,2196,260.11,650.27,1427996.99
C0454,F020,2196,22.68,56.7,124510.8
C0455,F001,234,132.24,330.61,77361.76
C0455,F002,234,131.63,329.07,77002.28
C0455,F003,234,1242.87,3107.18,727079.5
C0455,F004,234,1203.19,3007.96,703863.23
C0455,F005,234,129.38,323.45,75686.19
C0455,F006,234,65.63,164.07,38391.62
C0455,F007,234,49.34,123.34,28861.95
C0455,F008,234,415.83,1039.56,243257.97
C0455,F009,234,431.78,1079.45,252591.96
C0455,F010,234,673.28,1683.19,393866.53
C0455,F011,234,45.9,114.76,26853.49
C0455,F012,234,102.46,256.16,59941.22
C0455,F013,234,244.34,610.86,142940.8
C0455,F014,234,148.35,370.87,86783.33
C0455,F015,234,663.91,1659.78,388388.39
C0455,F016,234,678.98,1697.45,397204.43
C0455,F017,234,440.38,1100.95,257623.06
C0455,F018,234,129.52,323.81,75771.65
C0455,F019,234,296.98,742.45,173734.17
C0455,F020,234,41.83,104.58,24472.72
C0456,F001,2022,35.49,88.71,179380.57
C0456,F002,2022,78.25,195.61,395532.31
C0456,F003,2022,1395.57,3488.92,7054594.14
C0456,F004,2022,1355.48,3388.69,6851937.24
C0456,F005,2022,36.94,92.36,186747.06
C0456,F006,2022,101.39,253.46,512503.05
C0456,F007,2022,117.81,294.53,595545.46
C0456,F008,2022,491.62,1229.06,2485159.89
C0456,F009,2022,520.87,1302.17,2632996.02
C0456,F010,2022,827.33,2068.33,4182171.01
C0456,F011,2022,130.66,326.66,660510.24
C0456,F012,2022,64.77,161.94,327437.56
C0456,F013,2022,405.44,1013.59,2049481.61
C0456,F014,2022,26.38,65.94,133338.74
C0456,F015,2022,819.83,2049.57,4144230.19
C0456,F016,2022,835.53,2088.81,4223579.66
C0456,F017,2022,540.46,1351.15,2732018.51
C0456,F018,2022,45.8,114.5,231523.28
C0456,F019,2022,224.97,562.43,1137224.75
C0456,F020,2022,125.33,313.32,633534.26
C0457,F001,702,416.64,1041.61,731208.39
C0457,F002,702,393.95,984.88,691383.59
C0457,F003,702,953.0,2382.51,1672520.06
C0457,F004,702,913.62,2284.05,1603404.68
C0457,F005,702,416.38,1040.96,730752.92
C0457,F006,702,351.96,879.91,617697.21
C0457,F007,702,336.02,840.05,589712.76
C0457,F008,702,515.39,1288.47,904507.19
C0457,F009,702,502.29,1255.72,881514.32
C0457,F010,702,504.62,1261.54,885601.39
C0457,F011,702,321.46,803.65,564159.11
C0457,F012,702,387.56,968.9,680168.65
C0457,F013,702,47.43,118.58,83241.0
C0457,F014,702,437.86,1094.66,768452.36
C0457,F015,702,487.04,1217.59,854747.72
C0457,F016,702,497.45,1243.62,873024.68
C0457,F017,702,485.64,1214.11,852305.49
C0457,F018,702,409.17,1022.93,718097.08
C0457,F019,702,569.24,1423.11,999022.64
C0457,F020,702,328.83,822.07,577094.48
C0458,F001,1415,498.31,1245.78,1762785.27
C0458,F002,1415,466.34,1165.86,1649685.92
C0458,F003,1415,862.1,2155.25,3049685.56
C0458,F004,1415,822.01,2055.03,2907865.59
C0458,F005,1415,499.97,1249.92,1768643.77
C0458,F006,1415,438.05,1095.12,1549598.45
C0458,F007,1415,423.27,1058.19,1497331.91
C0458,F008,1415,631.38,1578.46,2233523.35
C0458,F009,1415,616.45,1541.13,2180703.53
C0458,F010,1415,558.45,1396.12,1975510.38
C0458,F011,1415,405.87,1014.69,1435782.21
C0458,F012,1415,471.01,1177.53,1666207.05
C0458,F013,1415,156.06,390.15,552062.99
C0458,F014,1415,523.21,1308.03,1850860.89
C0458,F015,1415,537.84,1344.6,1902615.81
C0458,F016,1415,545.16,1362.91,1928512.52
C0458,F017,1415,597.71,1494.29,2114414.89
C0458,F018,1415,488.35,1220.88,1727549.72
C0458,F019,1415,673.93,1684.83,2384040.58
C0458,F020,1415,416.73,1041.81,1474167.54
C0459,F001,790,40.21,100.52,79413.53
C0459,F002,790,77.52,193.8,153103.32
C0459,F003,790,1339.82,3349.56,2646150.67
C0459,F004,790,1299.95,3249.88,2567407.8
C0459,F005,790,32.79,81.97,64753.1
C0459,F006,790,41.09,102.72,81147.48
C0459,F007,790,55.65,139.13,109909.96
C0459,F008,790,442.51,1106.28,873964.53
C0459,F009,790,467.98,1169.95,924256.76
C0459,F010,790,759.55,1898.87,1500104.85
C0459,F011,790,73.56,183.89,145274.95
C0459,F012,790,23.73,59.32,46861.22
C0459,F013,790,343.93,859.82,679255.27
C0459,F014,790,47.77,119.43,94345.97
C0459,F015,790,751.81,1879.52,1484818.09
C0459,F016,790,767.44,1918.6,1515692.98
C0459,F017,790,484.52,1211.3,956928.94
C0459,F018,790,47.8,119.49,94395.38
C0459,F019,790,229.37,573.43,453013.59
C0459,F020,790,62.5,156.25,123439.28
C0460,F001,1274,785.65,1964.13,2502306.79
C0460,F002,1274,790.2,1975.49,2516779.01
C0460,F003,1274,926.54,2316.34,2951019.35
C0460,F004,1274,897.62,2244.06,2858934.98
C0460,F005,1274,779.93,1949.82,2484076.31
C0460,F006,1274,722.46,1806.14,2301024.61
C0460,F007,1274,707.15,1767.87,2252263.89
C0460,F008,1274,508.07,1270.16,1618189.04
C0460,F009,1274,461.7,1154.25,1470508.91
C0460,F010,1274,31.65,79.12,100793.47
C0460,F011,1274,704.05,1760.13,2242410.34
C0460,F012,1274,757.44,1893.6,2412450.73
C0460,F013,1274,500.1,1250.25,1592818.42
C0460,F014,1274,791.77,1979.42,2521780.36
C0460,F015,1274,7.59,18.98,24177.29
C0460,F016,1274,20.16,50.4,64206.28
C0460,F017,1274,420.66,1051.66,1339815.65
C0460,F018,1274,786.37,1965.92,2504577.26
C0460,F019,1274,806.55,2016.39,2568875.66
C0460,F020,1274,699.99,1749.98,2229474.33
C0461,F001,1733,580.3,1450.76,2514163.04
C0461,F002,1733,608.35,1520.86,2635654.96
C0461,F003,1733,1257.0,3142.5,5445959.74
C0461,F004,1733,1223.96,3059.89,5302785.67
C0461,F005,1733,571.27,1428.18,2475030.43
C0461,F006,1733,534.5,1336.26,2315742.2
C0461,F007,1733,524.28,1310.69,2271423.88
C0461,F008,1733,151.99,379.96,658477.15
C0461,F009,1733,103.8,259.51,449724.18
C0461,F010,1733,357.96,894.89,1550848.19
C0461,F011,1733,532.09,1330.21,2305262.54
C0461,F012,1733,559.56,1398.91,2424304.98
C0461,F013,1733,483.96,1209.89,2096736.4
C0461,F014,1733,572.5,1431.24,2480342.53
C0461,F015,1733,367.49,918.73,1592162.34
C0461,F016,1733,384.29,960.74,1664955.98
C0461,F017,1733,66.12,165.29,286455.61
C0461,F018,1733,587.94,1469.85,2547257.59
C0461,F019,1733,505.23,1263.07,2188898.12
C0461,F020,1733,519.37,1298.42,2250159.58
C0462,F001,1235,1332.74,3331.85,4114840.18
C0462,F002,1235,1300.04,3250.1,4013871.94
C0462,F003,1235,27.88,69.71,86088.35
C0462,F004,1235,16.25,40.62,50164.83
C0462,F005,1235,1334.21,3335.53,4119381.81
C0462,F006,1235,1271.62,3179.04,3926115.88
C0462,F007,1235,1256.44,3141.11,3879272.87
C0462,F008,1235,1332.92,3332.3,4115395.1
C0462,F009,1235,1296.99,3242.48,4004459.26
C0462,F010,1235,927.24,2318.11,2862865.77
C0462,F011,1235,1239.7,3099.25,3827569.67
C0462,F012,1235,1305.21,3263.03,4029846.6
C0462,F013,1235,972.46,2431.14,3002460.36
C0462,F014,1235,1357.21,3393.02,4190381.65
C0462,F015,1235,906.5,2266.25,2798817.89
C0462,F016,1235,895.17,2237.92,2763829.82
C0462,F017,1235,1261.42,3153.56,3894649.14
C0462,F018,1235,1322.82,3307.06,4084219.7
C0462,F019,1235,1491.24,3728.1,4604201.51
C0462,F020,1235,1249.66,3124.14,3858316.64
C0463,F001,343,1246.45,3116.13,1068832.03
C0463,F002,343,1213.61,3034.02,1040667.82
C0463,F003,343,113.96,284.89,97718.24
C0463,F004,343,74.01,185.02,63460.31
C0463,F005,343,1247.97,3119.93,1070135.26
C0463,F006,343,1185.47,2963.67,1016539.42
C0463,F007,343,1170.34,2925.85,1003564.84
C0463,F008,343,1254.75,3136.87,1075946.45
C0463,F009,343,1219.8,3049.51,1045981.37
C0463,F010,343,862.61,2156.53,739689.06
C0463,F011,343,1153.52,2883.79,989139.33
C0463,F012,343,1218.98,3047.45,1045274.1
C0463,F013,343,886.88,2217.2,760500.24
C0463,F014,343,1271.01,3177.53,1089892.73
C0463,F015,343,841.08,2102.71,721229.69
C0463,F016,343,830.65,2076.63,712282.84
C0463,F017,343,1184.92,2962.31,1016071.19
C0463,F018,343,1236.48,3091.21,1060284.38
C0463,F019,343,1406.46,3516.16,1206043.33
C0463,F020,343,1163.57,2908.93,997763.97
C0464,F001,384,498.13,1245.32,478204.35
C0464,F002,384,531.28,1328.21,510032.03
C0464,F003,384,1312.14,3280.35,1259656.01
C0464,F004,384,1277.55,3193.87,1226446.98
C0464,F005,384,488.55,1221.38,469008.52
C0464,F006,384,458.75,1146.88,440402.5
C0464,F007,384,450.45,1126.11,432428.04
C0464,F008,384,54.01,135.01,51845.31
C0464,F009,384,13.77,34.42,13217.82
C0464,F010,384,447.58,1118.95,429678.14
C0464,F011,384,460.98,1152.44,442538.69
C0464,F012,384,480.06,1200.15,460857.48
C0464,F013,384,463.9,1159.76,445346.48
C0464,F014,384,487.08,1217.71,467599.75
C0464,F015,384,454.2,1135.51,436036.32
C0464,F016,384,471.46,1178.66,452605.7
C0464,F017,384,36.31,90.78,34858.39
C0464,F018,384,507.29,1268.22,486994.67
C0464,F019,384,404.74,1011.85,388549.44
C0464,F020,384,446.43,1116.08,428573.69
C0465,F001,1739,516.92,1292.29,2247294.79
C0465,F002,1739,550.33,1375.81,2392540.38
C0465,F003,1739,1317.9,3294.75,5729571.83
C0465,F004,1739,1283.61,3209.03,5580511.85
C0465,F005,1739,507.3,1268.26,2205502.34
C0465,F006,1739,477.86,1194.64,2077486.04
C0465,F007,1739,469.6,1173.99,2041574.6
C0465,F008,1739,60.64,151.6,263627.03
C0465,F009,1739,12.86,32.14,55899.75
C0465,F010,1739,443.62,1109.06,1928647.9
C0465,F011,1739,480.16,1200.41,2087504.67
C0465,F012,1739,499.01,1247.53,2169457.28
C0465,F013,1739,480.09,1200.23,2087193.44
C0465,F014,1739,505.61,1264.03,2198146.92
C0465,F015,1739,451.23,1128.06,1961701.88
C0465,F016,1739,468.37,1170.92,2036232.39
C0465,F017,1739,31.03,77.58,134919.82
C0465,F018,1739,526.17,1315.41,2287504.42
C0465,F019,1739,419.49,1048.74,1823751.03
C0465,F020,1739,465.6,1163.99,2024185.83
C0466,F001,754,497.43,1243.58,937658.07
C0466,F002,754,529.39,1323.47,997893.12
C0466,F003,754,1297.76,3244.4,2446274.49
C0466,F004,754,1263.17,3157.93,2381082.69
C0466,F005,754,487.98,1219.96,919846.55
C0466,F006,754,456.45,1141.14,860416.21
C0466,F007,754,447.71,1119.27,843928.12
C0466,F008,754,67.19,167.97,126651.19
C0466,F009,754,27.04,67.6,50972.71
C0466,F010,754,435.02,1087.54,820006.04
C0466,F011,754,457.68,1144.2,862727.6
C0466,F012,754,478.67,1196.68,902294.97
C0466,F013,754,453.19,1132.98,854264.46
C0466,F014,754,487.24,1218.1,918448.93
C0466,F015,754,441.29,1103.22,831824.97
C0466,F016,754,458.58,1146.45,864421.73
C0466,F017,754,28.48,71.21,53690.12
C0466,F018,754,506.22,1265.54,954216.76
C0466,F019,754,411.03,1027.57,774788.1
C0466,F020,754,443.49,1108.73,835982.54
C0467,F001,576,128.21,320.52,184619.91
C0467,F002,576,92.37,230.92,133012.68
C0467,F003,576,1235.82,3089.54,1779574.97
C0467,F004,576,1195.6,2988.99,1721658.51
C0467,F005,576,132.34,330.85,190569.7
C0467,F006,576,84.28,210.71,121369.92
C0467,F007,576,78.11,195.28,112481.11
C0467,F008,576,502.93,1257.33,724222.17
C0467,F009,576,518.58,1296.45,746756.56
C0467,F010,576,735.23,1838.07,1058730.8
C0467,F011,576,58.29,145.72,83934.84
C0467,F012,576,105.41,263.52,151789.41
C0467,F013,576,258.78,646.94,372640.08
C0467,F014,576,156.9,392.25,225937.63
C0467,F015,576,723.9,1809.74,1042412.09
C0467,F016,576,738.11,1845.27,1062876.05
C0467,F017,576,526.25,1315.61,757792.83
C0467,F018,576,116.1,290.26,167190.18
C0467,F019,576,349.36,873.4,503079.09
C0467,F020,576,76.71,191.77,110457.75
C0468,F001,1090,156.65,391.63,426880.4
C0468,F002,1090,141.27,353.17,384951.28
C0468,F003,1090,1207.66,3019.14,3290864.68
C0468,F004,1090,1167.8,2919.51,3182262.19
C0468,F005,1090,156.25,390.63,425782.14
C0468,F006,1090,92.08,230.19,250904.49
C0468,F007,1090,76.55,191.38,208607.61
C0468,F008,1090,444.92,1112.3,1212407.38
C0468,F009,1090,457.44,1143.59,1246511.21
C0468,F010,1090,669.42,1673.55,1824168.29
C0468,F011,1090,61.4,153.49,167302.56
C0468,F012,1090,127.43,318.57,347239.91
C0468,F013,1090,213.39,533.47,581483.98
C0468,F014,1090,178.06,445.16,485223.72
C0468,F015,1090,658.64,1646.61,1794806.67
C0468,F016,1090,673.13,1682.83,1834281.1
C0468,F017,1090,462.86,1157.14,1261287.23
C0468,F018,1090,150.09,375.23,408997.94
C0468,F019,1090,338.99,847.48,923750.71
C0468,F020,1090,69.74,174.36,190050.51
C0469,F001,1346,67.57,168.93,227378.04
C0469,F002,1346,69.62,174.04,234263.02
C0469,F003,1346,1296.03,3240.08,4361149.79
C0469,F004,1346,1256.08,3140.21,4226719.55
C0469,F005,1346,66.68,166.7,224373.0
C0469,F006,1346,7.06,17.64,23744.16
C0469,F007,1346,17.31,43.27,58247.16
C0469,F008,1346,452.63,1131.58,1523105.87
C0469,F009,1346,473.94,1184.86,1594814.86
C0469,F010,1346,738.22,1845.54,2484096.63
C0469,F011,1346,28.64,71.59,96359.27
C0469,F012,1346,37.96,94.89,127720.03
C0469,F013,1346,302.89,757.23,1019226.81
C0469,F014,1346,88.89,222.23,299127.18
C0469,F015,1346,729.24,1823.1,2453889.55
C0469,F016,1346,744.44,1861.1,2505038.24
C0469,F017,1346,486.82,1217.05,1638143.19
C0469,F018,1346,63.37,158.43,213248.92
C0469,F019,1346,271.57,678.92,913825.16
C0469,F020,1346,24.52,61.3,82511.48
C0470,F001,716,1381.04,3452.6,2472062.52
C0470,F002,716,1347.37,3368.42,2411785.6
C0470,F003,716,33.43,83.58,59846.45
C0470,F004,716,63.59,158.98,113826.51
C0470,F005,716,1382.74,3456.85,2475102.58
C0470,F006,716,1320.53,3301.31,2363740.81
C0470,F007,716,1305.5,3263.75,2336844.75
C0470,F008,716,1388.56,3471.39,2485514.69
C0470,F009,716,1352.87,3382.19,2421645.02
C0470,F010,716,983.81,2459.51,1761012.6
C0470,F011,716,1288.48,3221.2,2306380.96
C0470,F012,716,1353.77,3384.43,2423255.22
C0470,F013,716,1022.89,2557.22,1830967.75
C0470,F014,716,1405.92,3514.79,2516592.75
C0470,F015,716,963.11,2407.77,1723964.68
C0470,F016,716,951.73,2379.32,1703591.05
C0470,F017,716,1317.45,3293.64,2358243.4
C0470,F018,716,1370.85,3427.13,2453823.92
C0470,F019,716,1542.89,3857.23,2761778.33
C0470,F020,716,1298.79,3246.97,2324831.28
C0471,F001,373,202.67,506.68,188993.21
C0471,F002,373,231.56,578.9,215930.96
C0471,F003,373,1559.04,3897.59,1453801.58
C0471,F004,373,1518.79,3796.97,1416269.77
C0471,F005,373,203.72,509.31,189971.29
C0471,F006,373,268.51,671.26,250381.06
C0471,F007,373,284.86,712.15,265630.51
C0471,F008,373,587.24,1468.09,547598.6
C0471,F009,373,624.9,1562.25,582718.03
C0471,F010,373,977.3,2443.26,911335.7
C0471,F011,373,297.93,744.83,277821.03
C0471,F012,373,232.09,580.23,216425.47
C0471,F013,373,572.68,1431.7,534024.68
C0471,F014,373,184.53,461.33,172075.03
C0471,F015,373,971.7,2429.24,906106.56
C0471,F016,373,987.93,2469.84,921249.17
C0471,F017,373,651.94,1629.84,607931.52
C0471,F018,373,210.33,525.83,196134.87
C0471,F019,373,239.02,597.56,222889.13
C0471,F020,373,292.32,730.8,272587.04
C0472,F001,674,26.83,67.08,45210.18
C0472,F002,674,79.1,197.74,133279.27
C0472,F003,674,1384.32,3460.8,2332580.58
C0472,F004,674,1344.32,3360.8,2265177.33
C0472,F005,674,22.5,56.24,37905.35
C0472,F006,674,86.37,215.93,145537.96
C0472,F007,674,102.52,256.3,172743.25
C0472,F008,674,472.51,1181.28,796183.86
C0472,F009,674,501.27,1253.18,844640.39
C0472,F010,674,807.63,2019.06,1360849.81
C0472,F011,674,117.28,293.2,197614.76
C0472,F012,674,51.43,128.58,86663.32
C0472,F013,674,391.37,978.43,659459.45
C0472,F014,674,7.15,17.88,12051.59
C0472,F015,674,800.27,2000.68,1348461.69
C0472,F016,674,816.02,2040.06,1375000.93
C0472,F017,674,520.52,1301.31,877082.71
C0472,F018,674,41.79,104.47,70415.27
C0472,F019,674,216.65,541.62,365053.41
C0472,F020,674,109.89,274.72,185158.88
C0473,F001,271,531.5,1328.76,360092.64
C0473,F002,271,561.71,1404.26,380555.18
C0473,F003,271,1279.98,3199.95,867186.42
C0473,F004,271,1246.01,3115.01,844168.83
C0473,F005,271,522.24,1305.59,353814.63
C0473,F006,271,488.27,1220.68,330803.48
C0473,F007,271,478.83,1197.08,324408.14
C0473,F008,271,100.59,251.48,68150.88
C0473,F009,271,52.61,131.52,35642.85
C0473,F010,271,401.91,1004.78,272295.74
C0473,F011,271,487.83,1219.58,330506.01
C0473,F012,271,511.82,1279.54,346756.04
C0473,F013,271,463.86,1159.64,314262.95
C0473,F014,271,522.4,1305.99,353923.76
C0473,F015,271,409.41,1023.53,277375.95
C0473,F016,271,426.56,1066.4,288995.12
C0473,F017,271,11.73,29.32,7946.72
C0473,F018,271,539.77,1349.43,365694.73
C0473,F019,271,450.33,1125.82,305098.45
C0473,F020,271,474.29,1185.73,321332.5
C0474,F001,925,596.15,1490.37,1378587.85
C0474,F002,925,626.25,1565.61,1448191.98
C0474,F003,925,1285.96,3214.9,2973777.99
C0474,F004,925,1253.17,3132.93,2897957.2
C0474,F005,925,586.87,1467.17,1357129.62
C0474,F006,925,552.74,1381.84,1278206.38
C0474,F007,925,543.15,1357.87,1256029.37
C0474,F008,925,147.3,368.26,340636.83
C0474,F009,925,101.73,254.33,235253.62
C0474,F010,925,378.22,945.55,874632.3
C0474,F011,925,551.86,1379.66,1276187.28
C0474,F012,925,576.45,1441.14,1333051.88
C0474,F013,925,513.77,1284.44,1188102.38
C0474,F014,925,586.89,1467.22,1357175.79
C0474,F015,925,389.19,972.98,900008.75
C0474,F016,925,405.68,1014.19,938125.79
C0474,F017,925,72.91,182.28,168610.19
C0474,F018,925,604.42,1511.06,1397730.92
C0474,F019,925,508.38,1270.94,1175619.77
C0474,F020,925,538.53,1346.31,1245339.91
C0475,F001,730,1310.71,3276.78,2392053.05
C0475,F002,730,1276.51,3191.29,2329639.56
C0475,F003,730,65.8,164.49,120076.74
C0475,F004,730,36.95,92.37,67430.56
C0475,F005,730,1312.55,3281.38,2395406.08
C0475,F006,730,1250.6,3126.51,2282350.78
C0475,F007,730,1235.68,3089.2,2255119.22
C0475,F008,730,1328.92,3322.31,2425287.76
C0475,F009,730,1294.29,3235.73,2362079.98
C0475,F010,730,937.29,2343.22,1710554.05
C0475,F011,730,1218.48,3046.21,2223731.53
C0475,F012,730,1283.61,3209.04,2342597.26
C0475,F013,730,954.29,2385.72,1741574.29
C0475,F014,730,1335.84,3339.6,2437909.88
C0475,F015,730,915.88,2289.69,1671475.9
C0475,F016,730,905.3,2263.25,1652174.47
C0475,F017,730,1259.59,3148.97,2298750.24
C0475,F018,730,1300.37,3250.92,2373172.34
C0475,F019,730,1475.32,3688.3,2692461.48
C0475,F020,730,1229.03,3072.56,2242971.5
C0476,F001,372,1342.67,3356.68,1248683.98
C0476,F002,372,1310.12,3275.31,1218414.39
C0476,F003,372,19.68,49.21,18305.67
C0476,F004,372,27.13,67.82,25227.79
C0476,F005,372,1344.1,3360.26,1250016.14
C0476,F006,372,1281.44,3203.61,1191741.93
C0476,F007,372,1266.25,3165.61,1177608.19
C0476,F008,372,1340.47,3351.17,1246634.74
C0476,F009,372,1304.34,3260.84,1213031.81
C0476,F010,372,932.41,2331.01,867137.06
C0476,F011,372,1249.55,3123.87,1162081.04
C0476,F012,372,1315.1,3287.75,1223042.67
C0476,F013,372,982.0,2455.0,913260.9
C0476,F014,372,1367.07,3417.67,1271371.78
C0476,F015,372,911.8,2279.5,847972.41
C0476,F016,372,900.32,2250.81,837300.62
C0476,F017,372,1268.63,3171.59,1179830.01
C0476,F018,372,1332.8,3332.0,1239502.51
C0476,F019,372,1500.46,3751.14,1395423.87
C0476,F020,372,1259.44,3148.61,1171283.18
C0477,F001,1788,553.76,1384.41,2475327.28
C0477,F002,1788,584.02,1460.05,2610566.09
C0477,F003,1788,1282.82,3207.06,5734222.56
C0477,F004,1788,1249.25,3123.12,5584139.19
C0477,F005,1788,544.48,1361.21,2433838.95
C0477,F006,1788,510.58,1276.44,2282279.47
C0477,F007,1788,501.11,1252.78,2239968.69
C0477,F008,1788,113.92,284.79,509212.8
C0477,F009,1788,65.83,164.57,294260.08
C0477,F010,1788,393.76,984.41,1760128.42
C0477,F011,1788,510.05,1275.12,2279917.66
C0477,F012,1788,534.12,1335.31,2387536.9
C0477,F013,1788,481.41,1203.52,2151893.99
C0477,F014,1788,544.54,1361.35,2434092.85
C0477,F015,1788,402.46,1006.16,1799016.65
C0477,F016,1788,419.43,1048.58,1874857.53
C0477,F017,1788,30.98,77.44,138459.15
C0477,F018,1788,562.06,1405.16,2512427.93
C0477,F019,1788,469.63,1174.08,2099249.11
C0477,F020,1788,496.55,1241.39,2219599.16
C0478,F001,435,81.18,202.94,88280.89
C0478,F002,435,78.23,195.59,85080.41
C0478,F003,435,1282.45,3206.11,1394659.22
C0478,F004,435,1242.51,3106.27,1351228.49
C0478,F005,435,80.43,201.08,87471.95
C0478,F006,435,17.37,43.42,18885.75
C0478,F007,435,10.55,26.38,11474.3
C0478,F008,435,450.33,1125.83,489734.94
C0478,F009,435,470.37,1175.92,511525.36
C0478,F010,435,727.38,1818.44,791022.04
C0478,F011,435,15.16,37.9,16485.18
C0478,F012,435,51.67,129.18,56192.56
C0478,F013,435,289.14,722.86,314444.0
C0478,F014,435,102.55,256.36,111518.28
C0478,F015,435,718.14,1795.35,780979.05
C0478,F016,435,733.25,1833.12,797405.6
C0478,F017,435,482.17,1205.41,524355.06
C0478,F018,435,76.25,190.63,82925.15
C0478,F019,435,281.14,702.85,305740.77
C0478,F020,435,14.62,36.55,15899.97
C0479,F001,1428,294.36,735.9,1050865.73
C0479,F002,1428,321.93,804.82,1149277.33
C0479,F003,1428,1649.37,4123.43,5888252.44
C0479,F004,1428,1609.06,4022.66,5744361.96
C0479,F005,1428,295.29,738.24,1054201.09
C0479,F006,1428,360.08,900.21,1285494.57
C0479,F007,1428,376.41,941.01,1343769.02
C0479,F008,1428,650.33,1625.81,2321663.28
C0479,F009,1428,690.89,1727.22,2466473.61
C0479,F010,1428,1060.73,2651.81,3786789.47
C0479,F011,1428,389.62,974.05,1390936.51
C0479,F012,1428,323.75,809.36,1155772.53
C0479,F013,1428,664.37,1660.92,2371800.68
C0479,F014,1428,275.62,689.04,983949.54
C0479,F015,1428,1055.99,2639.98,3769885.0
C0479,F016,1428,1072.44,2681.11,3828620.1
C0479,F017,1428,720.69,1801.72,2572859.8
C0479,F018,1428,301.92,754.79,1077841.12
C0479,F019,1428,288.77,721.92,1030899.95
C0479,F020,1428,383.85,959.61,1370329.01
C0480,F001,774,120.05,300.12,232290.51
C0480,F002,774,133.9,334.76,259100.59
C0480,F003,774,1272.42,3181.04,2462127.03
C0480,F004,774,1232.88,3082.19,2385614.49
C0480,F005,774,114.64,286.59,221822.84
C0480,F006,774,60.09,150.22,116273.26
C0480,F007,774,48.51,121.28,93872.43
C0480,F008,774,393.39,983.48,761212.49
C0480,F009,774,412.46,1031.15,798112.86
C0480,F010,774,678.36,1695.9,1312628.51
C0480,F011,774,59.11,147.76,114368.9
C0480,F012,774,92.23,230.59,178474.7
C0480,F013,774,272.4,680.99,527085.65
C0480,F014,774,129.34,323.35,250269.85
C0480,F015,774,670.18,1675.45,1296799.6
C0480,F016,774,685.68,1714.21,1326797.64
C0480,F017,774,423.92,1059.79,820277.03
C0480,F018,774,121.59,303.96,235267.27
C0480,F019,774,262.21,655.51,507367.29
C0480,F020,774,43.9,109.75,84948.93
C0481,F001,690,1295.12,3237.81,2234089.46
C0481,F002,690,1262.28,3155.69,2177428.42
C0481,F003,690,65.28,163.2,112606.13
C0481,F004,690,25.76,64.4,44439.05
C0481,F005,690,1296.64,3241.59,2236697.44
C0481,F006,690,1234.11,3085.28,2128844.98
C0481,F007,690,1218.97,3047.43,2102726.15
C0481,F008,690,1299.64,3249.1,2241880.82
C0481,F009,690,1264.18,3160.46,2180714.12
C0481,F010,690,900.16,2250.41,1552781.71
C0481,F011,690,1202.17,3005.42,2073739.74
C0481,F012,690,1267.64,3169.11,2186682.93
C0481,F013,690,935.33,2338.33,1613447.03
C0481,F014,690,1319.67,3299.17,2276427.18
C0481,F015,690,879.05,2197.63,1516367.27
C0481,F016,690,868.12,2170.31,1497510.73
C0481,F017,690,1228.94,3072.35,2119921.22
C0481,F018,690,1285.16,3212.9,2216903.35
C0481,F019,690,1454.59,3636.49,2509176.2
C0481,F020,690,1212.2,3030.5,2091046.13
C0482,F001,580,87.35,218.38,126662.03
C0482,F002,580,89.34,223.35,129544.75
C0482,F003,580,1280.24,3200.59,1856344.15
C0482,F004,580,1240.37,3100.94,1798543.18
C0482,F005,580,85.29,213.23,123673.64
C0482,F006,580,20.6,51.51,29873.82
C0482,F007,580,4.15,10.39,6023.56
C0482,F008,580,438.64,1096.6,636026.36
C0482,F009,580,458.5,1146.26,664830.88
C0482,F010,580,717.26,1793.15,1040027.6
C0482,F011,580,18.62,46.55,27000.04
C0482,F012,580,57.51,143.77,83386.17
C0482,F013,580,284.88,712.19,413071.78
C0482,F014,580,105.94,264.86,153619.49
C0482,F015,580,708.23,1770.57,1026932.86
C0482,F016,580,723.41,1808.54,1048951.45
C0482,F017,580,470.24,1175.61,681851.98
C0482,F018,580,84.21,210.52,122104.12
C0482,F019,580,276.33,690.81,400671.86
C0482,F020,580,3.48,8.71,5051.46
C0483,F001,186,106.69,266.73,49611.03
C0483,F002,186,100.29,250.73,46635.97
C0483,F003,186,1416.7,3541.74,658763.66
C0483,F004,186,1376.25,3440.64,639958.14
C0483,F005,186,115.15,287.88,53545.65
C0483,F006,186,165.11,412.78,76777.84
C0483,F007,186,180.23,450.59,83808.94
C0483,F008,186,581.12,1452.81,270222.19
C0483,F009,186,609.92,1524.79,283610.66
C0483,F010,186,901.06,2252.66,418994.81
C0483,F011,186,184.61,461.53,85844.01
C0483,F012,186,131.66,329.16,61222.9
C0483,F013,186,447.77,1119.42,208212.34
C0483,F014,186,115.46,288.64,53687.33
C0483,F015,186,892.17,2230.43,414859.52
C0483,F016,186,907.37,2268.42,421926.88
C0483,F017,186,628.72,1571.79,292352.82
C0483,F018,186,102.18,255.45,47514.52
C0483,F019,186,298.02,745.05,138578.51
C0483,F020,186,187.39,468.48,87137.2
C0484,F001,878,1278.02,3195.05,2805250.95
C0484,F002,878,1245.07,3112.68,2732936.29
C0484,F003,878,82.5,206.26,181094.55
C0484,F004,878,42.35,105.89,92968.74
C0484,F005,878,1279.56,3198.89,2808627.71
C0484,F006,878,1217.08,3042.7,2671492.84
C0484,F007,878,1201.96,3004.9,2638299.96
C0484,F008,878,1284.91,3212.27,2820375.28
C0484,F009,878,1249.7,3124.24,2743083.63
C0484,F010,878,888.65,2221.62,1950579.78
C0484,F011,878,1185.12,2962.8,2601336.31
C0484,F012,878,1250.57,3126.42,2744994.17
C0484,F013,878,918.54,2296.34,2016187.19
C0484,F014,878,1302.61,3256.53,2859232.22
C0484,F015,878,867.36,2168.4,1903855.92
C0484,F016,878,856.63,2141.59,1880311.71
C0484,F017,878,1214.62,3036.56,2666099.65
C0484,F018,878,1268.03,3170.06,2783316.57
C0484,F019,878,1438.06,3595.16,3156549.75
C0484,F020,878,1195.2,2988.0,2623460.24
C0485,F001,360,1293.61,3234.02,1164247.52
C0485,F002,360,1258.38,3145.95,1132543.38
C0485,F003,360,100.83,252.08,90748.44
C0485,F004,360,72.73,181.84,65460.83
C0485,F005,360,1295.7,3239.26,1166131.89
C0485,F006,360,1234.26,3085.65,1110833.83
C0485,F007,360,1219.53,3048.82,1097574.99
C0485,F008,360,1324.55,3311.37,1192094.44
C0485,F009,360,1290.87,3227.17,1161779.64
C0485,F010,360,943.37,2358.43,849035.93
C0485,F011,360,1202.02,3005.06,1081822.01
C0485,F012,360,1266.83,3167.08,1140149.05
C0485,F013,360,940.29,2350.74,846265.42
C0485,F014,360,1319.18,3297.95,1187263.34
C0485,F015,360,921.53,2303.82,829373.89
C0485,F016,360,911.5,2278.76,820354.42
C0485,F017,360,1256.81,3142.03,1131131.35
C0485,F018,360,1282.97,3207.42,1154672.33
C0485,F019,360,1462.4,3656.01,1316162.09
C0485,F020,360,1212.97,3032.42,1091672.85
C0486,F001,565,981.91,2454.78,1386949.25
C0486,F002,565,976.98,2442.44,1379979.46
C0486,F003,565,732.04,1830.09,1034000.17
C0486,F004,565,709.08,1772.69,1001568.63
C0486,F005,565,977.75,2444.37,1381066.6
C0486,F006,565,915.9,2289.75,1293706.27
C0486,F007,565,899.72,2249.31,1270859.75
C0486,F008,565,753.01,1882.51,1063619.72
C0486,F009,565,707.08,1767.69,998744.94
C0486,F010,565,258.19,645.47,364688.47
C0486,F011,565,892.7,2231.74,1260932.36
C0486,F012,565,952.44,2381.11,1345325.86
C0486,F013,565,647.37,1618.43,914410.36
C0486,F014,565,992.95,2482.37,1402538.43
C0486,F015,565,246.67,616.66,348414.67
C0486,F016,565,230.03,575.08,324918.28
C0486,F017,565,666.14,1665.35,940924.08
C0486,F018,565,979.92,2449.81,1384140.28
C0486,F019,565,1034.93,2587.32,1461837.14
C0486,F020,565,892.23,2230.58,1260279.92
C0487,F001,201,883.07,2207.67,443741.44
C0487,F002,201,885.95,2214.87,445188.83
C0487,F003,201,882.43,2206.08,443421.64
C0487,F004,201,856.58,2141.45,430432.21
C0487,F005,201,877.58,2193.95,440984.39
C0487,F006,201,819.25,2048.14,411675.56
C0487,F007,201,803.75,2009.38,403885.0
C0487,F008,201,601.81,1504.53,302410.66
C0487,F009,201,554.62,1386.56,278697.58
C0487,F010,201,100.26,250.66,50383.16
C0487,F011,201,799.92,1999.79,401958.35
C0487,F012,201,854.59,2136.48,429431.57
C0487,F013,201,584.37,1460.91,293643.88
C0487,F014,201,889.94,2224.86,447196.29
C0487,F015,201,97.31,243.27,48896.29
C0487,F016,201,80.13,200.33,40266.64
C0487,F017,201,513.46,1283.64,258012.32
C0487,F018,201,883.33,2208.33,443874.78
C0487,F019,201,906.4,2265.99,455463.72
C0487,F020,201,796.52,1991.29,400249.11
C0488,F001,1383,1265.3,3163.25,4374771.89
C0488,F002,1383,1231.97,3079.92,4259526.81
C0488,F003,1383,96.53,241.32,333749.73
C0488,F004,1383,55.86,139.66,193144.04
C0488,F005,1383,1266.93,3167.33,4380420.86
C0488,F006,1383,1204.62,3011.56,4164985.11
C0488,F007,1383,1189.57,2973.92,4112926.37
C0488,F008,1383,1277.39,3193.49,4416590.61
C0488,F009,1383,1242.6,3106.49,4296272.29
C0488,F010,1383,885.93,2214.82,3063098.8
C0488,F011,1383,1172.61,2931.51,4054285.23
C0488,F012,1383,1237.96,3094.89,4280237.95
C0488,F013,1383,906.83,2267.07,3135358.4
C0488,F014,1383,1290.07,3225.16,4460401.83
C0488,F015,1383,864.42,2161.04,2988719.75
C0488,F016,1383,853.96,2134.91,2952580.43
C0488,F017,1383,1207.8,3019.51,4175978.75
C0488,F018,1383,1255.19,3137.99,4339836.23
C0488,F019,1383,1427.0,3567.5,4933848.82
C0488,F020,1383,1182.84,2957.1,4089670.1
C0489,F001,355,56.13,140.31,49811.23
C0489,F002,355,16.84,42.1,14943.76
C0489,F003,355,1314.29,3285.73,1166433.54
C0489,F004,355,1274.07,3185.17,1130734.58
C0489,F005,355,63.65,159.12,56486.7
C0489,F006,355,59.76,149.41,53039.46
C0489,F007,355,70.71,176.78,62755.92
C0489,F008,355,505.19,1262.98,448358.14
C0489,F009,355,527.62,1319.05,468262.14
C0489,F010,355,788.09,1970.22,699426.65
C0489,F011,355,69.46,173.64,61643.47
C0489,F012,355,46.95,117.37,41664.99
C0489,F013,355,333.1,832.76,295628.04
C0489,F014,355,87.21,218.01,77395.07
C0489,F015,355,778.42,1946.05,690849.48
C0489,F016,355,793.34,1983.36,704091.93
C0489,F017,355,541.13,1352.82,480251.77
C0489,F018,355,41.23,103.08,36594.01
C0489,F019,355,294.44,736.1,261316.95
C0489,F020,355,76.65,191.63,68029.49
C0490,F001,1647,70.84,177.09,291675.4
C0490,F002,1647,101.33,253.32,417219.38
C0490,F003,1647,1322.4,3306.0,5444983.61
C0490,F004,1647,1282.69,3206.74,5281492.71
C0490,F005,1647,63.38,158.44,260951.09
C0490,F006,1647,39.3,98.25,161816.99
C0490,F007,1647,45.76,114.41,188433.76
C0490,F008,1647,415.77,1039.43,1711940.38
C0490,F009,1647,439.94,1099.84,1811442.89
C0490,F010,1647,729.42,1823.54,3003370.33
C0490,F011,1647,66.49,166.23,273781.73
C0490,F012,1647,48.89,122.23,201309.95
C0490,F013,1647,323.75,809.38,1333044.87
C0490,F014,1647,74.97,187.41,308669.91
C0490,F015,1647,721.87,1804.69,2972317.64
C0490,F016,1647,737.58,1843.95,3036981.23
C0490,F017,1647,455.55,1138.87,1875726.18
C0490,F018,1647,76.96,192.39,316870.54
C0490,F019,1647,228.01,570.02,938827.91
C0490,F020,1647,49.97,124.92,205739.21
C0491,F001,1368,38.14,95.35,130434.42
C0491,F002,1368,20.66,51.66,70671.46
C0491,F003,1368,1329.17,3322.92,4545753.92
C0491,F004,1368,1288.99,3222.48,4408351.11
C0491,F005,1368,45.9,114.76,156989.81
C0491,F006,1368,56.62,141.56,193648.79
C0491,F007,1368,70.54,176.36,241260.36
C0491,F008,1368,496.76,1241.9,1698919.14
C0491,F009,1368,520.53,1301.33,1780224.99
C0491,F010,1368,791.26,1978.15,2706111.3
C0491,F011,1368,74.46,186.16,254668.97
C0491,F012,1368,33.37,83.42,114114.02
C0491,F013,1368,344.62,861.55,1178595.38
C0491,F014,1368,69.24,173.09,236793.27
C0491,F015,1368,782.1,1955.26,2674792.39
C0491,F016,1368,797.22,1993.06,2726500.37
C0491,F017,1368,535.27,1338.17,1830611.35
C0491,F018,1368,23.38,58.44,79942.6
C0491,F019,1368,277.18,692.95,947953.35
C0491,F020,1368,77.44,193.6,264844.88
C0492,F001,452,1380.62,3451.56,1560102.97
C0492,F002,452,1347.93,3369.83,1523161.17
C0492,F003,452,20.8,51.99,23500.38
C0492,F004,452,61.43,153.59,69421.28
C0492,F005,452,1382.08,3455.21,1561754.01
C0492,F006,452,1319.46,3298.66,1490994.96
C0492,F007,452,1304.28,3260.7,1473838.49
C0492,F008,452,1377.38,3443.44,1556435.55
C0492,F009,452,1341.0,3352.5,1515332.23
C0492,F010,452,965.66,2414.15,1091194.97
C0492,F011,452,1287.56,3218.89,1454938.27
C0492,F012,452,1353.08,3382.71,1528983.3
C0492,F013,452,1020.13,2550.33,1152748.84
C0492,F014,452,1405.07,3512.67,1587727.54
C0492,F015,452,945.31,2363.28,1068203.18
C0492,F016,452,933.58,2333.94,1054941.14
C0492,F017,452,1305.13,3262.83,1474798.32
C0492,F018,452,1370.71,3426.78,1548905.18
C0492,F019,452,1538.59,3846.48,1738607.93
C0492,F020,452,1297.49,3243.72,1466161.67
C0493,F001,645,454.59,1136.47,733024.09
C0493,F002,645,415.49,1038.72,669974.68
C0493,F003,645,917.04,2292.61,1478733.6
C0493,F004,645,876.51,2191.28,1413372.49
C0493,F005,645,458.02,1145.06,738561.44
C0493,F006,645,400.81,1002.02,646304.66
C0493,F007,645,387.87,969.67,625438.12
C0493,F008,645,663.06,1657.65,1069183.55
C0493,F009,645,654.49,1636.23,1055365.3
C0493,F010,645,644.65,1611.63,1039501.69
C0493,F011,645,368.44,921.1,594108.44
C0493,F012,645,429.9,1074.74,693210.05
C0493,F013,645,176.99,442.48,285400.74
C0493,F014,645,482.31,1205.77,777718.55
C0493,F015,645,624.86,1562.16,1007593.36
C0493,F016,645,633.08,1582.69,1020833.49
C0493,F017,645,640.85,1602.12,1033364.86
C0493,F018,645,442.64,1106.61,713763.97
C0493,F019,645,653.72,1634.29,1054116.2
C0493,F020,645,382.28,955.71,616432.76
C0494,F001,667,97.72,244.3,162948.01
C0494,F002,667,110.58,276.45,184392.86
C0494,F003,667,1283.9,3209.74,2140898.56
C0494,F004,667,1244.2,3110.51,2074711.25
C0494,F005,667,93.04,232.61,155151.44
C0494,F006,667,36.61,91.53,61053.31
C0494,F007,667,26.63,66.59,44412.59
C0494,F008,667,413.29,1033.22,689159.97
C0494,F009,667,433.59,1083.97,723010.47
C0494,F010,667,701.23,1753.08,1169303.57
C0494,F011,667,42.02,105.05,70068.7
C0494,F012,667,69.24,173.11,115462.07
C0494,F013,667,285.24,713.1,475634.69
C0494,F014,667,109.66,274.15,182857.72
C0494,F015,667,692.85,1732.13,1155330.24
C0494,F016,667,708.28,1770.7,1181054.91
C0494,F017,667,445.91,1114.77,743552.04
C0494,F018,667,98.42,246.04,164107.05
C0494,F019,667,260.37,650.91,434159.23
C0494,F020,667,24.12,60.29,40213.1
C0495,F001,205,50.99,127.48,26133.54
C0495,F002,205,57.28,143.19,29354.47
C0495,F003,205,1311.1,3277.74,671936.43
C0495,F004,205,1271.1,3177.75,651439.64
C0495,F005,205,50.87,127.18,26070.99
C0495,F006,205,18.1,45.26,9278.81
C0495,F007,205,33.61,84.03,17226.65
C0495,F008,205,460.8,1152.0,236159.18
C0495,F009,205,483.43,1208.57,247756.77
C0495,F010,205,754.04,1885.09,386444.3
C0495,F011,205,44.37,110.92,22738.39
C0495,F012,205,21.85,54.62,11197.08
C0495,F013,205,319.12,797.8,163548.69
C0495,F014,205,74.03,185.06,37938.03
C0495,F015,205,745.23,1863.07,381929.39
C0495,F016,205,760.49,1901.22,389749.48
C0495,F017,205,497.39,1243.47,254910.92
C0495,F018,205,46.64,116.61,23904.07
C0495,F019,205,264.78,661.96,135700.78
C0495,F020,205,41.06,102.64,21041.55
C0496,F001,535,233.91,584.78,312858.67
C0496,F002,535,265.53,663.82,355145.75
C0496,F003,535,1592.5,3981.25,2129969.68
C0496,F004,535,1552.3,3880.75,2076201.57
C0496,F005,535,234.09,585.24,313100.86
C0496,F006,535,298.76,746.89,399586.1
C0496,F007,535,314.95,787.38,421248.61
C0496,F008,535,594.2,1485.49,794737.51
C0496,F009,535,633.53,1583.83,847347.51
C0496,F010,535,997.51,2493.78,1334171.84
C0496,F011,535,328.97,822.43,439998.28
C0496,F012,535,262.86,657.15,351576.67
C0496,F013,535,603.63,1509.08,807360.24
C0496,F014,535,213.52,533.81,285587.75
C0496,F015,535,992.61,2481.53,1327618.53
C0496,F016,535,1009.03,2522.57,1349577.22
C0496,F017,535,662.2,1655.49,885685.96
C0496,F018,535,242.57,606.42,324434.65
C0496,F019,535,237.49,593.72,317638.98
C0496,F020,535,322.32,805.8,431102.84
C0497,F001,938,1395.84,3489.6,3273246.4
C0497,F002,938,1363.3,3408.26,3196943.64
C0497,F003,938,36.81,92.02,86317.39
C0497,F004,938,77.37,193.42,181426.37
C0497,F005,938,1397.26,3493.16,3276581.21
C0497,F006,938,1334.58,3336.45,3129587.93
C0497,F007,938,1319.37,3298.43,3093922.84
C0497,F008,938,1389.92,3474.79,3259352.28
C0497,F009,938,1353.3,3383.26,3173495.64
C0497,F010,938,975.36,2438.41,2287225.0
C0497,F011,938,1302.7,3256.74,3054821.13
C0497,F012,938,1368.26,3420.64,3208564.38
C0497,F013,938,1034.96,2587.4,2426977.64
C0497,F014,938,1420.21,3550.54,3330403.38
C0497,F015,938,955.2,2387.99,2239933.81
C0497,F016,938,943.29,2358.22,2212005.94
C0497,F017,938,1317.27,3293.19,3089007.92
C0497,F018,938,1385.98,3464.94,3250114.57
C0497,F019,938,1553.05,3882.63,3641907.21
C0497,F020,938,1312.56,3281.41,3077958.99
C0498,F001,2836,135.15,337.87,958199.63
C0498,F002,2836,160.37,400.94,1137051.7
C0498,F003,2836,1290.93,3227.34,9152725.78
C0498,F004,2836,1251.65,3129.13,8874219.66
C0498,F005,2836,127.45,318.63,903627.37
C0498,F006,2836,87.44,218.6,619936.11
C0498,F007,2836,80.42,201.06,570210.72
C0498,F008,2836,359.59,898.96,2549459.48
C0498,F009,2836,380.72,951.8,2699294.54
C0498,F010,2836,667.44,1668.59,4732129.33
C0498,F011,2836,94.8,237.01,672147.69
C0498,F012,2836,111.66,279.15,791667.57
C0498,F013,2836,291.12,727.79,2064015.24
C0498,F014,2836,135.97,339.91,963994.96
C0498,F015,2836,660.51,1651.27,4682993.2
C0498,F016,2836,676.42,1691.04,4795802.33
C0498,F017,2836,394.27,985.67,2795348.93
C0498,F018,2836,140.66,351.66,997306.77
C0498,F019,2836,234.46,586.16,1662353.11
C0498,F020,2836,77.77,194.43,551391.47
C0499,F001,333,950.09,2375.22,790949.08
C0499,F002,333,944.46,2361.16,786264.98
C0499,F003,333,728.05,1820.11,606097.68
C0499,F004,333,703.51,1758.78,585673.55
C0499,F005,333,946.06,2365.15,787594.67
C0499,F006,333,883.94,2209.85,735881.4
C0499,F007,333,867.72,2169.31,722380.73
C0499,F008,333,731.66,1829.15,609108.16
C0499,F009,333,686.34,1715.85,571378.38
C0499,F010,333,243.56,608.91,202766.58
C0499,F011,333,860.42,2151.05,716299.07
C0499,F012,333,920.56,2301.4,766364.55
C0499,F013,333,613.54,1533.85,510771.69
C0499,F014,333,961.54,2403.85,800480.63
C0499,F015,333,229.45,573.62,191017.05
C0499,F016,333,213.64,534.11,177857.35
C0499,F017,333,645.62,1614.04,537476.52
C0499,F018,333,947.89,2369.72,789116.96
C0499,F019,333,1007.12,2517.81,838429.19
C0499,F020,333,860.22,2150.55,716133.5
C0500,F001,489,93.76,234.4,114622.42
C0500,F002,489,93.23,233.06,113967.71
C0500,F003,489,1273.38,3183.44,1556703.16
C0500,F004,489,1233.52,3083.79,1507973.35
C0500,F005,489,91.94,229.85,112398.12
C0500,F006,489,27.16,67.9,33202.38
C0500,F007,489,10.92,27.29,13344.34
C0500,F008,489,438.54,1096.35,536117.01
C0500,F009,489,457.73,1144.33,559574.96
C0500,F010,489,712.43,1781.06,870939.83
C0500,F011,489,14.97,37.44,18306.54
C0500,F012,489,63.93,159.83,78154.68
C0500,F013,489,278.06,695.16,339934.4
C0500,F014,489,112.76,281.91,137853.38
C0500,F015,489,703.24,1758.1,859712.67
C0500,F016,489,718.37,1795.92,878207.2
C0500,F017,489,468.89,1172.22,573217.93
C0500,F018,489,90.09,225.23,110139.31
C0500,F019,489,281.95,704.87,344681.4
C0500,F020,489,4.37,10.93,5346.55
